tree
version=v4
num_class=1
num_tree_per_iteration=1
label_index=0
max_feature_idx=5
objective=regression
feature_names=distance_km turn_count hour_of_day day_of_week hazard_count avg_speed_limit
feature_infos=[0.52000000000000002:49.82] [0:20] [0:23] [0:6] [0:5] [30:80]
tree_sizes=1377 1255 1338 1419 1339 1334 1265 1350 1267 1346 1432 1431 1515 1357 1434 1364 1514 1444 1206 1350 1523 1448 1444 1524 1445 1367 1529 1295 1455 1293 1374 1296 1461 1381 1301 1296 1379 1385 1309 1297 1462 1386 1295 1294 1292 1465 1474 1547 1384 1372 1466 1473 1468 1481 1468 1469 1464 1472 1556 1475 1389 1466 1469 1468 1632 1551 1551 1476 1389 1550 1301 1466 1479 1475 1472 1313 1397 1393 1472 1467 1551 1483 1476 1312 1477 1477 1482 1313 1471 1400 1396 1400 1308 1394 1484 1484 1476 1488 1484 1460

Tree=0
num_leaves=16
num_cat=0
split_feature=0 5 0 5 1 1 1 0 5 0 0 5 0 0 0
split_gain=83957.8 25293.1 15360.5 6884.5 2750.42 2517.75 2404.32 2372.7 1811.72 1752.41 1097.68 849.334 644.974 639.654 228.093
threshold=28.720000000000002 46.500000000000007 12.235000000000001 50.500000000000007 8.5000000000000018 10.500000000000002 8.5000000000000018 37.055000000000007 59.500000000000007 21.850000000000005 19.505000000000006 61.500000000000007 5.4050000000000002 39.080000000000005 20.360000000000003
decision_type=2 2 2 2 2 2 2 2 2 2 2 2 2 2 2
left_child=2 7 5 9 11 -1 14 -2 -6 -4 -8 -3 -7 -10 -5
right_child=1 4 3 6 8 12 10 -9 13 -11 -12 -13 -14 -15 -16
leaf_value=40.140963648074383 45.688708594156353 43.740200715877798 42.829559987552706 41.114582586288456 45.026447895402498 40.831232619285586 41.791532559394838 46.996196750232151 43.513032503426075 43.954842562437058 42.730397668101574 42.871099900007252 41.593122587203979 44.294428008686417 41.586454019319447
leaf_weight=37 23 22 31 20 23 20 20 35 20 25 33 23 25 22 21
leaf_count=37 23 22 31 20 23 20 20 35 20 25 33 23 25 22 21
internal_value=43.0854 44.7879 41.8526 42.4542 43.897 40.7521 41.9313 46.4777 44.313 43.3319 42.3761 43.296 41.2545 43.9223 41.3563
internal_weight=400 168 232 150 110 82 94 58 65 56 53 45 45 42 41
internal_count=400 168 232 150 110 82 94 58 65 56 53 45 45 42 41
is_linear=0
shrinkage=1


Tree=1
num_leaves=14
num_cat=0
split_feature=0 5 0 5 5 1 0 1 1 1 1 0 0
split_gain=68005.8 20830.7 12452.1 5783.07 2631.52 2154.31 2093.36 2004.59 1931.54 1704.64 1111.95 707.864 447.754
threshold=28.720000000000002 43.500000000000007 11.505000000000001 50.500000000000007 61.500000000000007 12.500000000000002 37.680000000000007 9.5000000000000018 12.500000000000002 11.500000000000002 8.5000000000000018 20.680000000000003 4.8350000000000009
decision_type=2 2 2 2 2 2 2 2 2 2 2 2 2
left_child=2 6 7 9 8 11 -2 -1 -3 -4 -6 -5 -9
right_child=1 4 3 5 10 -7 -8 12 -10 -11 -12 -13 -14
leaf_value=-2.7728964042663575 2.543491625785828 0.79388121035363945 -0.40396953654289247 -1.68953789302281 -0.19289262664058937 -0.37091510805391498 3.8933062235514324 -2.0989718580245973 1.9012979388237001 0.69809953570365912 0.70738345454720886 -1.0275698184967041 -1.4839311172222269
leaf_weight=30 20 36 25 35 23 31 27 20 28 32 34 30 29
leaf_count=30 20 36 25 35 23 31 27 20 28 32 34 30 29
internal_value=-1.6652e-09 1.53226 -1.10957 -0.583133 0.838269 -1.05687 3.31892 -2.12912 1.27838 0.214736 0.344114 -1.38401 -1.73497
internal_weight=400 168 232 153 121 96 47 79 64 57 57 65 49
internal_count=400 168 232 153 121 96 47 79 64 57 57 65 49
is_linear=0
shrinkage=0.1


Tree=2
num_leaves=15
num_cat=0
split_feature=0 5 0 0 0 5 5 1 1 1 1 5 1 0
split_gain=55199.3 18878.5 5544.4 4722.4 4703.74 2409.43 2085.68 1595.03 1480.2 1119.64 784.745 472.969 131.926 115.352
threshold=21.850000000000005 46.500000000000007 28.720000000000002 7.4450000000000012 34.460000000000008 51.500000000000007 37.500000000000007 12.500000000000002 9.5000000000000018 9.5000000000000018 11.500000000000002 61.500000000000007 5.5000000000000009 16.060000000000006
decision_type=2 2 2 2 2 2 2 2 2 2 2 2 2 2
left_child=3 2 -2 9 8 13 -4 11 -3 -1 12 -6 -7 -5
right_child=1 4 6 5 7 10 -8 -9 -10 -11 -12 -13 -14 -15
leaf_value=-2.6276400407155354 0.89507256217978226 -0.74052348976785487 3.2814498236685092 -0.55440274707973003 0.86909571170806899 -1.7902260346846148 2.0705418815612791 1.4008093707489246 0.18067221671745584 -1.7355512703166287 -0.93778832639966692 0.23238399582249777 -1.4353613376617433 -0.21883485332308783
leaf_weight=24 22 33 33 20 20 22 25 33 37 34 28 28 20 21
leaf_count=24 22 33 33 20 20 22 25 33 37 34 28 28 20 21
internal_value=-9.72161e-09 1.00479 2.24679 -1.37341 0.346775 -0.991296 2.75951 0.865622 -0.253606 -2.10469 -1.34786 0.497681 -1.62124 -0.382527
internal_weight=400 231 80 169 151 111 58 81 70 58 70 48 42 41
internal_count=400 231 80 169 151 111 58 81 70 58 70 48 42 41
is_linear=0
shrinkage=0.1


Tree=3
num_leaves=16
num_cat=0
split_feature=0 5 0 1 0 0 5 1 1 5 1 5 1 1 2
split_gain=45026.5 15561.1 5644.97 3211.46 2975.14 2822.35 1992.46 1389.97 1256.54 1044.77 1024.63 855.173 637.658 323.33 36.9749
threshold=24.460000000000004 41.500000000000007 11.505000000000001 12.500000000000002 34.460000000000008 37.055000000000007 59.500000000000007 10.500000000000002 8.5000000000000018 54.500000000000007 12.500000000000002 54.500000000000007 10.500000000000002 16.500000000000004 12.500000000000002
decision_type=2 2 2 2 2 2 2 2 2 2 2 2 2 2 2
left_child=2 5 7 11 8 -2 10 -1 -3 -5 -6 -4 -8 -9 -13
right_child=1 4 3 9 6 -7 12 13 -10 -11 -12 14 -14 -15 -16
leaf_value=-2.2058187593732561 1.7907532016436261 -0.52699555157540512 -0.64915874726656408 0.35922743159121484 0.94219710204912277 3.2945823192596437 0.066153594038703231 -1.6088647807637853 0.39077051971639909 -0.58026662002783269 1.9208749437332153 -1.4666171073913574 0.78558337986469273 -1.064451380968094 -1.2766314268112184
leaf_weight=35 24 26 27 29 23 26 22 24 35 20 20 21 28 20 20
leaf_count=35 24 26 27 29 23 26 22 24 35 20 20 21 28 20 20
internal_value=-7.1791e-09 1.03996 -1.08241 -0.641424 0.542304 2.57274 0.898277 -1.73551 -0.000408461 -0.0242395 1.3974 -1.08616 0.469034 -1.3614 -1.37394
internal_weight=400 204 196 117 154 50 93 79 61 49 43 68 50 44 41
internal_count=400 204 196 117 154 50 93 79 61 49 43 68 50 44 41
is_linear=0
shrinkage=0.1


Tree=4
num_leaves=15
num_cat=0
split_feature=0 5 0 5 5 1 1 1 0 0 5 1 0 5
split_gain=36816.8 11394.7 6692.81 3255.36 1986.24 1626.21 1326.63 1183.09 1150.68 694.36 595.976 503.376 417.375 203.077
threshold=28.720000000000002 40.500000000000007 12.235000000000001 40.500000000000007 59.500000000000007 12.500000000000002 12.500000000000002 6.5000000000000009 39.080000000000005 38.280000000000008 63.500000000000007 16.500000000000004 19.935000000000006 70.500000000000014
decision_type=2 2 2 2 2 2 2 2 2 2 2 2 2 2
left_child=2 8 7 -4 6 10 -3 -1 -2 -6 -5 -9 -7 -11
right_child=1 4 3 5 9 12 -8 11 -10 13 -12 -13 -14 -15
leaf_value=-2.1902164595467704 2.0598737989153184 0.69344712843497591 0.47529878774657847 -0.66434734133449769 -0.1066011921123222 -0.50276923557477338 1.6532767713069916 -1.528115613795817 3.1197238159179688 0.77504224449396142 -1.2319292764405949 -0.9235109167439598 0.11384837980503622 0.32440196901559831
leaf_weight=21 21 36 32 37 27 21 24 40 20 20 37 21 23 20
leaf_count=21 21 36 32 37 27 21 24 40 20 20 37 21 23 20
internal_value=7.49622e-09 1.12741 -0.816402 -0.419282 0.659476 -0.66188 1.07738 -1.54284 2.57687 0.285234 -0.948138 -1.31997 -0.180446 0.549722
internal_weight=400 168 232 150 127 118 60 82 41 67 74 61 44 40
internal_count=400 168 232 150 127 118 60 82 41 67 74 61 44 40
is_linear=0
shrinkage=0.1


Tree=5
num_leaves=15
num_cat=0
split_feature=0 5 0 0 0 1 1 1 1 1 5 5 5 1
split_gain=30170.4 10812 3279.2 2632.53 2442.08 1470.47 1096.56 1027.56 756.745 621.531 458 317.138 294.732 197.58
threshold=21.850000000000005 47.500000000000007 37.055000000000007 7.4450000000000012 35.565000000000005 12.500000000000002 12.500000000000002 11.500000000000002 12.500000000000002 8.5000000000000018 51.500000000000007 54.500000000000007 65.500000000000014 7.5000000000000009
decision_type=2 2 2 2 2 2 2 2 2 2 2 2 2 2
left_child=3 2 6 9 7 11 -2 -3 12 -1 -7 -5 -6 -13
right_child=1 4 -4 5 8 10 -8 -9 -10 -11 -12 13 -14 -15
leaf_value=-2.012591700553894 0.59955036823327346 -0.54246596622113619 2.320175942621733 -0.73088665162415611 0.61860347918488767 -0.0039351060092449189 1.545871533870697 0.20390148333140781 1.0371779126780374 -1.3238781201212031 -0.64596307754516602 -1.4003576495430687 0.088193354755640038 -0.97152780691782636
leaf_weight=20 24 39 38 23 22 25 25 35 28 38 20 22 20 21
leaf_count=20 24 39 38 23 22 25 25 35 28 38 20 22 20 21
internal_value=1.07684e-09 0.742845 1.62302 -1.01537 0.211073 -0.730072 1.08237 -0.189454 0.634488 -1.56137 -0.289281 -1.03061 0.366027 -1.19093
internal_weight=400 231 87 169 144 111 49 74 70 58 45 66 42 43
internal_count=400 231 87 169 144 111 49 74 70 58 45 66 42 43
is_linear=0
shrinkage=0.1


Tree=6
num_leaves=14
num_cat=0
split_feature=0 5 0 1 1 0 5 0 5 1 5 0 0
split_gain=24743.4 8784.92 3081.59 2109.73 1798.59 1525.67 1228.91 991.574 875.161 501.336 494.197 359.767 117.626
threshold=24.460000000000004 41.500000000000007 8.6100000000000012 12.500000000000002 10.500000000000002 35.180000000000007 57.500000000000007 36.675000000000004 42.500000000000007 9.5000000000000018 62.500000000000007 38.280000000000008 20.215000000000003
decision_type=2 2 2 2 2 2 2 2 2 2 2 2 2
left_child=2 5 9 10 7 -2 -6 -3 -5 -1 12 -8 -4
right_child=1 4 3 8 6 -7 11 -9 -10 -11 -12 -13 -14
leaf_value=-1.7214148368835449 1.3240997542505681 -0.30307884147534003 -0.80742431998252862 0.46981952232308688 1.2340522607167563 2.4324317261024757 0.14482741765677928 0.42471713763144286 -0.35521440488389799 -1.1477583066011088 -1.1454631056104387 0.68686923682689671 -0.4685656865127385
leaf_weight=25 23 39 20 20 30 27 24 36 36 39 35 25 21
leaf_count=25 23 39 20 20 30 27 24 36 36 39 35 25 21
internal_value=5.83497e-09 0.770926 -0.802392 -0.526295 0.397006 1.9226 0.729989 0.0462632 -0.0605594 -1.37184 -0.869468 0.421379 -0.633863
internal_weight=400 204 196 132 154 50 79 75 56 64 76 49 41
internal_count=400 204 196 132 154 50 79 75 56 64 76 49 41
is_linear=0
shrinkage=0.1


Tree=7
num_leaves=15
num_cat=0
split_feature=0 5 0 1 5 1 0 5 5 1 0 0 0 5
split_gain=20174.5 6490.88 3699.6 1958.54 1263.61 1232.48 898.425 865.417 699.247 657.713 637.165 507.202 185.686 177.548
threshold=28.720000000000002 40.500000000000007 15.725000000000001 11.500000000000002 69.500000000000014 16.500000000000004 39.925000000000004 48.500000000000007 63.500000000000007 9.5000000000000018 39.080000000000005 4.1900000000000004 22.180000000000003 55.500000000000007
decision_type=2 2 2 2 2 2 2 2 2 2 2 2 2 2
left_child=2 10 5 8 6 11 9 -5 12 -3 -2 -1 -4 -13
right_child=1 4 3 7 -6 -7 -8 -9 -10 -11 -12 13 -14 -15
leaf_value=-1.6193355957667035 1.5438245478130523 0.054191044087593378 -0.50915719511963076 0.75387711599469187 -0.040290866101927621 -0.48287388205528264 1.0632139027946526 -0.084663873305544257 -0.93679244041442866 0.7361970732288976 2.3324906182289125 -0.84832889410582468 -0.083405443616211425 -1.2150795546444981
leaf_weight=24 21 26 21 20 34 30 36 32 30 31 20 22 20 33
leaf_count=24 21 26 21 20 34 30 36 32 30 31 20 22 20 33
internal_value=-3.0091e-09 0.834566 -0.604341 -0.228422 0.481393 -1.02854 0.672116 0.237852 -0.569918 0.425107 1.92854 -1.23576 -0.301473 -1.06838
internal_weight=400 168 232 123 127 109 93 52 71 57 41 79 41 55
internal_count=400 168 232 123 127 109 93 52 71 57 41 79 41 55
is_linear=0
shrinkage=0.1


Tree=8
num_leaves=14
num_cat=0
split_feature=0 5 0 1 5 0 0 1 5 1 1 5 1
split_gain=16391.7 5814.64 2084.72 1429.56 1348.7 1022.81 986.902 663.102 633.367 462.679 361.242 341.284 238.08
threshold=24.460000000000004 41.500000000000007 8.6100000000000012 12.500000000000002 66.500000000000014 34.095000000000006 38.535000000000004 11.500000000000002 42.500000000000007 7.5000000000000009 10.500000000000002 54.500000000000007 6.5000000000000009
decision_type=2 2 2 2 2 2 2 2 2 2 2 2 2
left_child=2 5 10 11 6 -2 7 -3 -5 -6 -1 -4 -13
right_child=1 4 3 8 9 -7 -8 -9 -10 -11 -12 12 -14
leaf_value=-1.3824597934196736 1.010498462319374 0.017866621428244824 -0.43102673292160038 0.40858547160401937 -0.46851781279081478 1.9337234771748386 0.92990734836994082 0.67684774628052358 -0.29328233670029374 0.14461074894061313 -0.90519875322069443 -1.112442130392248 -0.6654666121189412
leaf_weight=29 20 37 28 20 20 30 39 26 36 32 35 22 26
leaf_count=29 20 37 28 20 20 30 39 26 36 32 35 22 26
internal_value=4.71983e-09 0.627472 -0.653083 -0.425993 0.323264 1.56443 0.534564 0.289827 -0.0426153 -0.0912079 -1.12146 -0.708482 -0.87033
internal_weight=400 204 196 132 154 50 102 63 56 52 64 76 48
internal_count=400 204 196 132 154 50 102 63 56 52 64 76 48
is_linear=0
shrinkage=0.1


Tree=9
num_leaves=15
num_cat=0
split_feature=0 5 0 1 5 1 5 1 5 5 0 0 5 5
split_gain=13429 4406.87 2532.12 1384.9 1078.54 850.41 664.365 624.978 421.162 369.538 359.448 353.451 137.146 84.7084
threshold=28.720000000000002 47.500000000000007 15.725000000000001 9.5000000000000018 36.500000000000007 16.500000000000004 45.500000000000007 9.5000000000000018 63.500000000000007 64.500000000000014 4.1900000000000004 41.580000000000005 55.500000000000007 59.500000000000007
decision_type=2 2 2 2 2 2 2 2 2 2 2 2 2 2
left_child=2 4 5 8 -2 10 -5 11 -4 -9 -1 -3 -12 -8
right_child=1 7 3 6 -6 -7 13 9 -10 -11 12 -13 -14 -15
leaf_value=-1.339041922489802 1.7847681982763881 -0.22686306602425046 -0.29438897235827016 0.61799766510725029 0.96010782412120277 -0.39073952804009121 0.068098247902733944 0.74327478051185614 -0.83254364407979531 0.23332843405229076 -0.68182777626947921 0.32778420761227611 -1.0041601339975992 -0.20969138119531716
leaf_weight=24 29 27 33 20 35 30 21 30 26 27 22 20 33 23
leaf_count=24 29 27 33 20 35 30 21 30 26 27 22 20 33 23
internal_value=1.3113e-09 0.680896 -0.493063 -0.182064 1.33378 -0.844006 0.140111 0.27912 -0.531542 0.501721 -1.01613 0.00915705 -0.875227 -0.07711
internal_weight=400 168 232 123 64 109 64 104 59 57 79 47 55 44
internal_count=400 168 232 123 64 109 64 104 59 57 79 47 55 44
is_linear=0
shrinkage=0.1


Tree=10
num_leaves=16
num_cat=0
split_feature=0 5 5 0 0 0 5 5 5 1 0 1 1 1 0
split_gain=10996.1 4205.36 1361.24 1063.78 999.862 956.501 571.103 495.333 468.807 302.51 250.134 243.224 241.791 203.621 157.195
threshold=21.850000000000005 47.500000000000007 33.500000000000007 5.4050000000000002 35.565000000000005 39.555000000000007 51.500000000000007 65.500000000000014 59.500000000000007 4.5000000000000009 16.060000000000006 10.500000000000002 11.500000000000002 11.500000000000002 14.085000000000003
decision_type=2 2 2 2 2 2 2 2 2 2 2 2 2 2 2
left_child=3 2 -2 13 7 12 14 -3 -6 -8 -11 -10 -4 -1 -5
right_child=1 4 5 6 8 -7 9 -9 11 10 -12 -13 -14 -15 -16
leaf_value=-1.2891632032394409 1.7213771289587023 0.099062245250679554 0.26277304039824578 -0.40091210867723692 0.77000478424809193 1.3038754214411199 -0.96587915874662866 -0.42009047112044168 -0.042699538809912549 -0.69126987423215602 -0.26674546793751092 0.4110667516787847 0.73209675317225253 -0.83791948795318616 -0.045151186486085258
leaf_weight=20 20 40 21 23 22 23 21 34 21 35 23 27 23 20 27
leaf_count=20 20 40 21 23 22 23 21 34 21 35 23 27 23 20 27
internal_value=-1.45892e-09 0.448462 0.997392 -0.612987 0.116817 0.781278 -0.47328 -0.139467 0.387746 -0.640672 -0.522924 0.212544 0.508101 -1.06354 -0.208801
internal_weight=400 231 87 169 144 67 129 74 70 79 58 48 44 40 50
internal_count=400 231 87 169 144 67 129 74 70 79 58 48 44 40 50
is_linear=0
shrinkage=0.1


Tree=11
num_leaves=16
num_cat=0
split_feature=0 5 0 5 1 5 1 1 0 5 1 5 5 0 5
split_gain=9047.1 2801.47 1803.1 1531.82 790.487 684.797 608.406 522.049 497.645 307.009 256.205 190.956 148.228 134.816 90.5114
threshold=30.210000000000004 36.500000000000007 14.085000000000003 38.500000000000007 12.500000000000002 57.500000000000007 7.5000000000000009 17.500000000000004 45.740000000000002 51.500000000000007 5.5000000000000009 68.500000000000014 58.500000000000007 22.790000000000003 54.500000000000007
decision_type=2 2 2 2 2 2 2 2 2 2 2 2 2 2 2
left_child=2 -2 7 -4 8 -6 12 10 9 -3 -1 13 -5 -8 -12
right_child=1 4 3 6 5 -7 11 -9 -10 -11 14 -13 -14 -15 -16
leaf_value=-1.1294017045394236 1.5373567120387006 0.32407326350609461 0.47130860683818665 -0.42554651905189866 1.0955929244558016 0.37346493139349185 -0.1739433619326779 -0.28740159241216529 0.61836661270686566 -0.14306407731902951 -0.56133882105350497 -0.37777040495226782 -0.78490384618441267 0.16599271506071092 -0.835976996421814
leaf_weight=23 26 24 30 22 24 29 28 21 21 34 20 24 24 20 30
leaf_count=23 26 24 30 22 24 29 28 21 21 34 20 24 24 20 30
internal_value=5.9884e-10 0.588578 -0.384278 -0.16674 0.401697 0.700466 -0.328956 -0.726785 0.201257 0.0502341 -0.853183 -0.147459 -0.613037 -0.0323033 -0.726122
internal_weight=400 158 242 148 132 53 118 94 79 58 73 72 46 48 50
internal_count=400 158 242 148 132 53 118 94 79 58 73 72 46 48 50
is_linear=0
shrinkage=0.1


Tree=12
num_leaves=17
num_cat=0
split_feature=0 5 0 0 5 5 0 1 0 1 1 1 0 1 4 5
split_gain=7381.57 2728.57 886.932 849.176 716.426 581.504 501.49 460.288 313.611 300.566 208.142 166.789 203.722 135.378 80.6435 44.8864
threshold=22.790000000000003 43.500000000000007 35.180000000000007 5.4050000000000002 59.500000000000007 40.500000000000007 38.535000000000004 4.5000000000000009 42.605000000000011 16.500000000000004 9.5000000000000018 4.5000000000000009 18.875000000000004 11.500000000000002 2.5000000000000004 63.500000000000007
decision_type=2 2 2 2 2 2 2 2 2 2 2 2 2 2 2 2
left_child=3 2 -2 13 6 -5 10 -6 14 11 -3 -7 15 -1 -9 -13
right_child=1 4 -4 5 7 9 -8 8 -10 -11 -12 12 -14 -15 -16 -17
leaf_value=-1.0631632685661316 0.59327363895793117 0.017817412658284109 1.3626535740391963 0.025383851220530853 -0.4130886725404046 -0.77612573603789015 0.79395990449449294 -0.16694696437228809 0.4456683720648289 -0.15206071188052495 0.43429227846985063 -0.48230960033833981 -0.20296319544315342 -0.69522626161575318 0.098114537633955487 -0.6893026005138051
leaf_weight=20 31 24 29 31 22 24 23 22 20 24 24 20 20 20 24 22
leaf_count=20 31 24 29 31 22 24 23 22 20 24 24 20 20 20 24 22
internal_value=2.12342e-10 0.390536 0.965141 -0.472528 0.173705 -0.357161 0.410024 -0.0169621 0.11508 -0.464969 0.226055 -0.552292 -0.465647 -0.879195 -0.028654 -0.590735
internal_weight=400 219 60 181 159 141 71 88 66 110 48 86 62 40 46 42
internal_count=400 219 60 181 159 141 71 88 66 110 48 86 62 40 46 42
is_linear=0
shrinkage=0.1


Tree=13
num_leaves=15
num_cat=0
split_feature=0 5 0 1 5 1 0 1 1 5 5 0 5 0
split_gain=6092.47 2122.23 1246.79 967.38 792.65 652.575 383.975 311.357 180.476 147.053 146.473 126.337 101.25 32.0727
threshold=30.590000000000007 36.500000000000007 11.505000000000001 11.500000000000002 38.500000000000007 14.500000000000002 42.605000000000011 6.5000000000000009 5.5000000000000009 64.500000000000014 67.500000000000014 21.265000000000004 45.500000000000007 20.680000000000003
decision_type=2 2 2 2 2 2 2 2 2 2 2 2 2 2
left_child=2 -2 7 9 -5 6 8 -1 -3 11 13 -4 -9 -6
right_child=1 5 3 4 10 -7 -8 12 -10 -11 -12 -13 -14 -15
leaf_value=-0.97840227782726297 1.3344493381977083 -0.21115689187177589 -0.43363552150818019 0.64069611907005308 -0.065301163196563719 0.67701193600108756 0.43920469652447436 -0.34561870467095152 0.15966016557599819 -0.54547596403530674 -0.30720007017254836 -0.11879327768087387 -0.61922268930234414 0.11378744417801499
leaf_weight=20 25 21 26 20 20 38 36 21 35 35 20 25 38 20
leaf_count=20 25 21 26 20 20 38 36 21 35 35 20 25 38 20
internal_value=-2.57324e-09 0.490664 -0.31042 -0.154797 0.0954956 0.328397 0.184404 -0.637424 0.0206038 -0.387628 -0.0862379 -0.279301 -0.521838 0.0242431
internal_weight=400 155 245 166 80 130 92 79 56 86 60 51 59 40
internal_count=400 155 245 166 80 130 92 79 56 86 60 51 59 40
is_linear=0
shrinkage=0.1


Tree=14
num_leaves=16
num_cat=0
split_feature=0 5 5 0 0 5 5 1 5 0 1 1 1 0 0
split_gain=4970.16 2154.41 895.787 757.709 686.49 520.521 304.558 296.072 248.493 244.25 242.615 143.136 138.992 74.9883 43.1096
threshold=24.960000000000004 34.500000000000007 57.500000000000007 39.555000000000007 8.0350000000000019 35.500000000000007 76.500000000000014 3.5000000000000004 68.500000000000014 42.605000000000011 7.5000000000000009 8.5000000000000018 11.500000000000002 18.565000000000001 4.3200000000000012
decision_type=2 2 2 2 2 2 2 2 2 2 2 2 2 2 2
left_child=4 -2 3 10 11 -6 9 -7 13 12 -3 -1 -4 -9 -13
right_child=1 2 6 -5 5 7 -8 8 -10 -11 -12 14 -14 -15 -16
leaf_value=-0.85294881224632269 1.3356340606510639 -0.025290168041274666 -0.1778275284760942 0.84694704485662065 0.240965199097991 -0.64162345366044482 -0.30331643250855533 -0.22984517602359547 -0.47354011903206505 0.38159849221507708 0.40240606454511485 -0.63170944213867186 0.1744502413840521 -0.016563118575140836 -0.42656753233500888
leaf_weight=20 20 21 24 33 20 22 22 34 30 24 36 20 21 32 21
leaf_count=20 20 21 24 33 20 22 22 34 30 24 36 20 21 32 21
internal_value=1.39046e-09 0.350739 0.24191 0.465609 -0.354264 -0.230778 0.0206703 -0.310735 -0.234906 0.12397 0.244834 -0.633624 -0.0134312 -0.126436 -0.526637
internal_weight=400 201 181 90 199 138 91 118 96 69 57 61 45 66 41
internal_count=400 201 181 90 199 138 91 118 96 69 57 61 45 66 41
is_linear=0
shrinkage=0.1


Tree=15
num_leaves=15
num_cat=0
split_feature=0 5 0 1 1 1 5 0 1 1 1 5 5 0
split_gain=4077.76 1437.55 853.746 661.538 507.867 356.508 306.004 258.322 193.258 135.449 132.911 126.941 59.7758 18.7008
threshold=30.590000000000007 36.500000000000007 16.060000000000006 11.500000000000002 14.500000000000002 17.500000000000004 53.500000000000007 42.605000000000011 4.5000000000000009 5.5000000000000009 3.5000000000000004 45.500000000000007 59.500000000000007 8.0350000000000019
decision_type=2 2 2 2 2 2 2 2 2 2 2 2 2 2
left_child=2 -2 5 10 7 8 -5 9 -1 -3 -4 -10 -12 -13
right_child=1 4 3 6 -6 -7 -8 -9 11 -11 12 13 -14 -15
leaf_value=-0.81525500388372518 1.0958793129920961 -0.19429057197911401 -0.44869818766911829 0.38732007925709089 0.57541201063676883 -0.11574702408785623 -0.060688921713059951 0.34983283577279911 -0.2638683790607112 0.12695613707282713 -0.053809814332496556 -0.61902822971343996 -0.29240848336900988 -0.49102261293502086
leaf_weight=21 25 21 30 30 38 24 31 36 21 35 21 25 21 21
leaf_count=21 25 21 30 30 38 24 31 36 21 35 21 25 21 21
internal_value=-5.22006e-10 0.401419 -0.253959 -0.0826563 0.267869 -0.457381 0.159643 0.140841 -0.550554 0.00648862 -0.287938 -0.467588 -0.173109 -0.560591
internal_weight=400 155 245 133 130 112 61 92 88 56 72 67 42 46
internal_count=400 155 245 133 130 112 61 92 88 56 72 67 42 46
is_linear=0
shrinkage=0.1


Tree=16
num_leaves=17
num_cat=0
split_feature=0 5 1 0 5 5 5 1 0 1 4 5 5 1 1 5
split_gain=3325.25 1479.24 545.427 510.991 441.769 404.471 270.721 226.649 212.467 201.352 146.794 132.515 78.7928 69.6939 42.8673 30.9219
threshold=26.045000000000005 46.500000000000007 14.500000000000002 6.0050000000000008 54.500000000000007 76.500000000000014 37.500000000000007 10.500000000000002 42.605000000000011 9.5000000000000018 2.5000000000000004 40.500000000000007 60.500000000000007 11.500000000000002 11.500000000000002 70.500000000000014
decision_type=2 2 2 2 2 2 2 2 2 2 2 2 2 2 2 2
left_child=3 2 6 13 7 8 -2 -5 9 -3 15 -9 -11 -1 -12 -6
right_child=1 5 -4 4 10 -7 -8 11 -10 12 14 -13 -14 -15 -16 -17
leaf_value=-0.72417517423629763 0.7217909719262805 -0.081516076603697418 1.0794400966685751 -0.2275532265052651 -0.40971692740917209 -0.28800556090745061 0.20771390631794931 0.30093198865652088 0.3939322412014008 0.38482330605387688 -0.33165445693514567 -0.043039769120514396 0.10412281666882338 -0.46893279656119974 -0.13424553262408487 -0.58556305050849911
leaf_weight=20 21 36 23 33 20 22 20 21 33 20 22 24 20 23 22 20
leaf_count=20 21 36 23 33 20 22 20 21 33 20 22 24 20 23 22 20
internal_value=-5.73695e-10 0.295626 0.689672 -0.281205 -0.199864 0.103114 0.471022 -0.0284954 0.182056 0.0900572 -0.358993 0.11748 0.244473 -0.58765 -0.23295 -0.49764
internal_weight=400 195 64 205 162 131 41 78 109 76 84 45 40 43 44 40
internal_count=400 195 64 205 162 131 41 78 109 76 84 45 40 43 44 40
is_linear=0
shrinkage=0.1


Tree=17
num_leaves=16
num_cat=0
split_feature=0 5 0 1 1 5 2 5 1 1 5 5 0 5 0
split_gain=2743.5 1021.82 584.983 461.464 404.352 341.857 277.157 299.934 247.158 140.786 103.414 86.2548 37.0541 13.9699 11.4681
threshold=30.590000000000007 47.500000000000007 16.060000000000006 7.5000000000000009 13.500000000000002 38.500000000000007 7.5000000000000009 60.500000000000007 17.500000000000004 4.5000000000000009 64.500000000000014 45.500000000000007 24.960000000000004 59.500000000000007 8.0350000000000019
decision_type=2 2 2 2 2 2 2 2 2 2 2 2 2 2 2
left_child=2 4 8 10 -2 -5 -3 -8 9 -1 -4 -11 13 -7 -13
right_child=1 6 3 5 -6 12 7 -9 -10 11 -12 14 -14 -15 -16
leaf_value=-0.68019812561216808 0.45490915871955251 -0.086586650400548373 -0.17902251621708276 0.43826020926237108 0.99627809416164048 -0.035340431332588199 0.51654436666016978 0.062398692671999795 -0.092237796944876521 -0.21553143000318889 -0.46874692697416659 -0.50588443040847775 0.064854672907487212 -0.15353473097085954 -0.40564371801557997
leaf_weight=21 37 37 28 20 22 20 26 33 24 21 22 25 23 20 21
leaf_count=21 37 37 28 20 22 20 26 33 24 21 22 25 23 20 21
internal_value=5.15254e-10 0.32926 -0.208308 -0.0665091 0.656776 0.0780646 0.127975 0.262531 -0.376693 -0.454272 -0.306501 -0.38346 -0.0362833 -0.0944376 -0.460122
internal_weight=400 155 245 133 59 83 96 59 112 88 50 67 63 40 46
internal_count=400 155 245 133 59 83 96 59 112 88 50 67 63 40 46
is_linear=0
shrinkage=0.1


Tree=18
num_leaves=13
num_cat=0
split_feature=0 5 0 1 1 5 0 1 0 0 5 5
split_gain=2222.23 853.962 488.116 421.297 389.438 339.13 149.046 101.216 98.4293 94.2226 75.1005 71.1415
threshold=30.590000000000007 37.500000000000007 8.6100000000000012 7.5000000000000009 14.500000000000002 38.500000000000007 42.605000000000011 17.500000000000004 18.875000000000004 4.1900000000000004 58.500000000000007 51.500000000000007
decision_type=2 2 2 2 2 2 2 2 2 2 2 2
left_child=2 -2 9 10 6 -5 11 8 -7 -1 -4 -3
right_child=1 4 3 5 -6 7 -8 -9 -10 -11 -12 -13
leaf_value=-0.55003612887474806 0.78559426521432818 0.093260142207145694 -0.21468674397894316 0.32682821922577343 0.45126362143231458 -0.30050519406795506 0.23221199424827801 0.080553406918490389 -0.049316625373485766 -0.30724674810965857 -0.43441139486219199 -0.13772925325048466
leaf_weight=31 29 24 35 26 38 26 34 27 39 33 28 30
leaf_count=31 29 24 35 26 38 26 34 27 39 33 28 30
internal_value=-1.50315e-09 0.296334 -0.187477 -0.103545 0.183727 0.00793214 0.0681997 -0.0821907 -0.149792 -0.424848 -0.312342 -0.0350673
internal_weight=400 155 245 181 126 118 88 92 65 64 63 54
internal_count=400 155 245 181 126 118 88 92 65 64 63 54
is_linear=0
shrinkage=0.1


Tree=19
num_leaves=15
num_cat=0
split_feature=0 5 0 1 5 1 0 5 1 0 0 0 5 5
split_gain=1825.02 951.998 514.379 394.293 296.371 270.336 177.392 121.534 95.6029 75.0967 44.6321 38.5466 32.1815 20.1916
threshold=22.790000000000003 34.500000000000007 45.740000000000002 4.5000000000000009 55.500000000000007 6.5000000000000009 8.6100000000000012 50.500000000000007 15.500000000000002 15.4 17.715000000000003 35.565000000000005 56.500000000000007 60.500000000000007
decision_type=2 2 2 2 2 2 2 2 2 2 2 2 2 2
left_child=5 -2 3 12 8 9 13 -8 -5 -1 -9 -6 -3 -7
right_child=1 2 -4 4 11 6 7 10 -10 -11 -12 -13 -14 -15
leaf_value=-0.54618222673710148 0.80282694192036341 -0.13421358935534955 0.47638140237506699 0.20430937621154285 -0.082914048784545502 -0.25109641965892582 0.085827628895640384 -0.25825522392988204 0.4701737354199092 -0.30807106621839386 -0.065231685923493432 0.074502388733838285 -0.31360551238060003 -0.38183810384500599
leaf_weight=26 23 20 34 38 35 27 32 25 21 27 23 28 20 21
leaf_count=26 23 20 34 38 35 27 32 25 21 27 23 28 20 21
internal_value=-5.43194e-10 0.194188 0.122766 0.04855 0.137881 -0.234956 -0.156316 -0.0651278 0.298939 -0.42488 -0.165765 -0.0129512 -0.22391 -0.308296
internal_weight=400 219 196 162 122 181 128 80 59 53 48 63 40 48
internal_count=400 219 196 162 122 181 128 80 59 53 48 63 40 48
is_linear=0
shrinkage=0.1


Tree=20
num_leaves=17
num_cat=0
split_feature=0 5 1 0 1 5 0 4 0 5 1 1 1 0 0 2
split_gain=1504.16 641.834 662.693 322.669 261.645 235.552 169.541 113.141 83.0047 63.0644 57.7656 44.7303 32.698 27.278 2.56168 1.22884
threshold=30.590000000000007 55.500000000000007 15.500000000000002 4.1900000000000004 10.500000000000002 37.500000000000007 41.245000000000012 2.5000000000000004 19.225000000000005 58.500000000000007 16.500000000000004 6.5000000000000009 8.5000000000000018 21.265000000000004 41.580000000000005 13.500000000000002
decision_type=2 2 2 2 2 2 2 2 2 2 2 2 2 2 2 2
left_child=3 2 6 -1 9 -6 12 14 10 13 -7 -11 -2 -5 -3 -10
right_child=1 7 -4 4 5 8 -8 -9 15 11 -12 -13 -14 -15 -16 -17
leaf_value=-0.45576475291482865 0.060045532527424041 -0.11211127604357898 0.90383994978937232 -0.2127567355551066 0.27200631486872834 -0.26626343131065372 0.50233333423733717 0.16546857336070389 0.0083595797792077077 -0.39568716552522454 -0.047970617088404575 -0.20109295426380067 0.23870576232671739 -0.067159781621938405 -0.061498240027576694 0.043414451032876972
leaf_weight=31 21 20 22 31 24 27 20 32 20 27 22 21 20 22 20 20
leaf_count=31 21 20 22 31 24 27 20 32 20 27 22 21 20 22 20 20
internal_value=3.51574e-10 0.2438 0.433328 -0.154241 -0.110562 -0.00602508 0.263635 0.0253167 -0.0809998 -0.22752 -0.168254 -0.310552 0.147197 -0.15232 -0.0868048 0.025887
internal_weight=400 155 83 245 214 113 61 72 89 101 49 48 41 53 40 40
internal_count=400 155 83 245 214 113 61 72 89 101 49 48 41 53 40 40
is_linear=0
shrinkage=0.1


Tree=21
num_leaves=16
num_cat=0
split_feature=0 1 5 0 1 5 1 1 1 4 4 5 5 1 5
split_gain=1249.35 682.91 376.605 342.729 262.401 174.821 137.044 100.189 75.3313 70.9681 70.7877 54.4381 50.1017 24.0065 8.54895
threshold=34.095000000000006 16.500000000000004 51.500000000000007 16.060000000000006 10.500000000000002 37.500000000000007 4.5000000000000009 1.5000000000000002 17.500000000000004 1.5000000000000002 2.5000000000000004 65.500000000000014 45.500000000000007 17.500000000000004 67.500000000000014
decision_type=2 2 2 2 2 2 2 2 2 2 2 2 2 2 2
left_child=3 2 9 6 7 -6 -1 -5 12 -2 -4 -9 -8 -7 -14
right_child=1 -3 10 4 5 13 8 11 -10 -11 -12 -13 14 -15 -16
leaf_value=-0.48409674939743824 0.25139411878585816 0.78229058356512171 -0.11073105711151253 -0.34850306898355488 0.34062132835388187 -0.042384731234716519 -0.12716061444509597 -0.014507015356542292 -0.048671306964630887 0.49765717007897114 0.11498039948443572 -0.20788629520684482 -0.26653626638775074 0.085917956113815308 -0.35308401131629946
leaf_weight=21 25 21 33 20 22 35 21 37 24 22 24 24 21 25 25
leaf_count=21 25 21 33 20 22 35 21 37 24 22 24 24 21 25 25
internal_value=7.12229e-10 0.262135 0.157103 -0.119152 -0.0266131 0.0994897 -0.253829 -0.154273 -0.200691 0.366666 -0.0156947 -0.0905907 -0.255145 0.0110747 -0.313573
internal_weight=400 125 104 275 163 82 112 81 91 47 57 61 67 60 46
internal_count=400 125 104 275 163 82 112 81 91 47 57 61 67 60 46
is_linear=0
shrinkage=0.1


Tree=22
num_leaves=16
num_cat=0
split_feature=0 1 5 1 5 0 5 0 2 4 0 5 2 1 3
split_gain=1035.27 537.978 332.655 215.482 215.097 201.137 123.491 106.901 106.514 75.9739 45.239 34.5744 29.9 29.3559 18.3817
threshold=35.565000000000005 15.500000000000002 52.500000000000007 2.5000000000000004 51.500000000000007 21.850000000000005 73.500000000000014 19.225000000000005 7.5000000000000009 2.5000000000000004 6.4400000000000004 63.500000000000007 13.500000000000002 12.500000000000002 3.5000000000000004
decision_type=2 2 2 2 2 2 2 2 2 2 2 2 2 2 2
left_child=2 4 5 -4 -2 10 7 11 -7 -6 -1 -5 -9 -12 -8
right_child=1 -3 3 6 9 8 14 12 -10 -11 13 -13 -14 -15 -16
leaf_value=-0.22551540788263083 0.32834081807557275 0.64895852931119791 -0.4585680798842357 -0.10823694936592471 -0.10242085554476442 -0.020303575807939407 -0.3463607354597612 -0.057056420994922523 0.25103022666313712 0.15092646025121215 -0.13777293577790259 -0.28990373344160619 0.099207113802433022 0.02207224374568021 -0.21709104438698643
leaf_weight=20 34 27 26 22 29 23 22 24 39 20 20 20 25 27 22
leaf_count=20 34 27 26 22 29 23 22 24 39 20 20 20 25 27 22
internal_value=-6.07295e-10 0.261216 -0.099082 -0.194951 0.135083 0.0205688 -0.144181 -0.0776754 0.150374 0.000986212 -0.0995495 -0.194745 0.0226699 -0.045947 -0.281726
internal_weight=400 110 290 161 83 129 135 91 62 49 67 42 49 47 44
internal_count=400 110 290 161 83 129 135 91 62 49 67 42 49 47 44
is_linear=0
shrinkage=0.1


Tree=23
num_leaves=17
num_cat=0
split_feature=0 1 5 0 1 0 5 4 5 0 1 1 2 5 5 4
split_gain=853.061 468.364 321.424 203.149 182.431 139.168 329.83 135.618 114.383 86.1302 57.985 44.5504 37.0345 32.332 28.0053 20.8459
threshold=38.280000000000008 15.500000000000002 52.500000000000007 22.180000000000003 2.5000000000000004 42.605000000000011 61.500000000000007 1.5000000000000002 73.500000000000014 19.225000000000005 11.500000000000002 16.500000000000004 13.500000000000002 40.500000000000007 63.500000000000007 2.5000000000000004
decision_type=2 2 2 2 2 2 2 2 2 2 2 2 2 2 2 2
left_child=2 5 3 11 -4 -2 -7 -5 9 14 -9 13 -11 -1 -6 -10
right_child=1 -3 4 7 8 6 -8 10 15 12 -12 -13 -14 -15 -16 -17
leaf_value=-0.056339102853899418 -0.053504798188805582 0.66280846932659987 -0.4127112700102421 -0.014770261757075787 -0.097413255138830701 0.54032941216602925 -0.027100671189171928 0.15185234461511887 -0.31510090220433018 -0.063202355057001114 0.3868498047192892 0.031357386149466038 0.09545839237315315 -0.22225785584499441 -0.26091336153447625 -0.17930463530123233
leaf_weight=23 24 23 26 28 22 20 21 21 26 31 21 22 28 24 20 20
leaf_count=23 24 23 26 28 22 20 21 21 26 31 21 22 28 24 20 20
internal_value=3.37139e-10 0.274977 -0.0775575 0.0356766 -0.168538 0.137744 0.249694 0.155703 -0.12535 -0.0658198 0.269351 -0.0860888 0.0120943 -0.141064 -0.17527 -0.256059
internal_weight=400 88 312 139 173 65 41 70 147 101 42 69 59 47 42 46
internal_count=400 88 312 139 173 65 41 70 147 101 42 69 59 47 42 46
is_linear=0
shrinkage=0.1


Tree=24
num_leaves=16
num_cat=0
split_feature=0 5 0 5 1 5 5 4 0 0 2 0 1 4 1
split_gain=695.878 504.424 220.59 211.267 128.335 118.96 92.2052 85.2447 71.1875 43.7691 32.4807 31.3686 25.3644 25.3036 25.1649
threshold=35.180000000000007 42.500000000000007 14.085000000000003 34.500000000000007 2.5000000000000004 59.500000000000007 75.500000000000014 2.5000000000000004 4.1900000000000004 22.790000000000003 16.500000000000004 29.090000000000007 10.500000000000002 3.5000000000000004 11.500000000000002
decision_type=2 2 2 2 2 2 2 2 2 2 2 2 2 2 2
left_child=2 -2 8 -4 -5 12 9 -7 -1 14 11 -11 -3 -10 -6
right_child=1 5 3 4 6 7 -8 -9 13 10 -12 -13 -14 -15 -16
leaf_value=-0.33365337658793698 0.58498088783688018 0.13985184326767922 0.2851255393214524 -0.26772304236888889 -0.11904784399887612 -0.13199389356153984 -0.22175503229722382 0.13318471529267051 -0.20523460486105513 0.10459393350915476 0.1723870092071593 -0.062430047421999604 0.29911391168832779 -0.077693981570856913 0.010548629064954096
leaf_weight=31 27 20 20 25 29 27 20 22 35 22 20 23 20 28 31
leaf_count=31 27 20 20 25 29 27 20 22 35 22 20 23 20 28 31
internal_value=2.23983e-10 0.20638 -0.0842959 -0.0223059 -0.0584744 0.091523 -0.022397 -0.0129341 -0.209595 0.00950029 0.0663525 0.0192261 0.219483 -0.14855 -0.0520897
internal_weight=400 116 284 190 170 89 145 49 94 125 65 45 40 63 60
internal_count=400 116 284 190 170 89 145 49 94 125 65 45 40 63 60
is_linear=0
shrinkage=0.1


Tree=25
num_leaves=15
num_cat=0
split_feature=0 5 1 0 5 1 1 2 0 2 2 5 5 2
split_gain=601.596 383.585 266.905 201.568 106.323 100.024 64.7135 62.1113 52.1317 42.4103 28.9021 53.0771 25.4599 19.8209
threshold=45.740000000000002 33.500000000000007 4.5000000000000009 18.875000000000004 54.500000000000007 16.500000000000004 17.500000000000004 9.5000000000000018 17.175000000000004 7.5000000000000009 19.500000000000004 63.500000000000007 73.500000000000014 8.5000000000000018
decision_type=2 2 2 2 2 2 2 2 2 2 2 2 2 2
left_child=1 -1 8 6 5 7 10 -5 -3 -10 11 -4 13 -6
right_child=-2 2 3 4 12 -7 -8 -9 9 -11 -12 -13 -14 -15
leaf_value=0.29208680745214227 0.38996162820193503 -0.37041763976216319 -0.04636274946628717 0.18584806541136156 -0.068581302125345578 0.32930870115756994 0.01126364163743953 -0.031631553635515015 -0.29354859021576968 -0.11822138018906117 -0.27374787497418851 -0.24740487138430278 -0.11946205527267673 0.051278933111225833
leaf_weight=32 36 20 29 24 22 20 24 29 22 37 22 24 22 37
leaf_count=32 36 20 29 24 22 20 24 29 22 37 22 24 22 37
internal_value=7.72066e-10 -0.0385676 -0.0704379 -0.0203351 0.051231 0.138756 -0.13166 0.0668498 -0.230894 -0.183598 -0.177396 -0.137401 -0.0276498 0.00658529
internal_weight=400 364 332 253 154 73 99 53 79 59 75 53 81 59
internal_count=400 364 332 253 154 73 99 53 79 59 75 53 81 59
is_linear=0
shrinkage=0.1


Tree=26
num_leaves=17
num_cat=0
split_feature=0 1 5 0 4 1 0 5 5 0 1 0 1 1 3 5
split_gain=493.474 348.642 184.032 114.603 114.914 113.173 101.939 218.926 68.3643 47.21 32.9497 31.5871 29.4516 20.0467 16.577 14.175
threshold=38.280000000000008 15.500000000000002 52.500000000000007 22.180000000000003 1.5000000000000002 2.5000000000000004 42.605000000000011 61.500000000000007 73.500000000000014 10.415000000000001 11.500000000000002 6.4400000000000004 14.500000000000002 9.5000000000000018 3.5000000000000004 61.500000000000007
decision_type=2 2 2 2 2 2 2 2 2 2 2 2 2 2 2 2
left_child=2 6 3 11 -5 -4 -2 -8 9 -7 -6 -1 -13 -11 -10 -15
right_child=1 -3 5 4 10 8 7 -9 14 13 -12 12 -14 15 -16 -17
leaf_value=-0.1706681775301695 -0.072941706764201322 0.54375230851380729 -0.32014867626130583 -0.040078828962785862 0.13288402032727997 -0.18123369685241156 0.42333636492490767 -0.038955163388025196 -0.25489600649022542 -0.069524327766682423 0.31003002162490573 -0.08592073624504025 0.071817930976394564 0.091383901211832264 -0.13483440150385317 -0.021116272204866015
leaf_weight=20 24 23 26 28 21 21 20 21 23 35 21 29 20 21 23 24
leaf_count=20 24 23 26 28 21 21 20 21 23 35 21 29 20 21 23 24
internal_value=-7.27945e-10 0.209141 -0.0589884 0.0266927 0.116843 -0.12783 0.0907395 0.186553 -0.0938149 -0.047792 0.221457 -0.0647639 -0.0215376 -0.0127635 -0.194865 0.0313838
internal_weight=400 88 312 139 70 173 65 41 147 101 42 69 49 80 46 45
internal_count=400 88 312 139 70 173 65 41 147 101 42 69 49 80 46 45
is_linear=0
shrinkage=0.1


Tree=27
num_leaves=14
num_cat=0
split_feature=5 0 1 0 1 0 3 4 0 2 2 5 2
split_gain=439.804 269.718 211.5 140.723 100.632 65.8518 69.4768 49.5892 39.6028 28.9187 21.7261 31.0164 17.5822
threshold=33.500000000000007 45.740000000000002 18.500000000000004 4.1900000000000004 4.5000000000000009 22.790000000000003 1.5000000000000002 3.5000000000000004 37.055000000000007 7.5000000000000009 19.500000000000004 58.500000000000007 13.500000000000002
decision_type=2 2 2 2 2 2 2 2 2 2 2 2 2
left_child=-1 2 3 -2 9 10 -7 8 -8 -5 11 -6 -11
right_child=1 -3 -4 4 5 6 7 -9 -10 12 -12 -13 -14
leaf_value=0.34403331098968493 -0.31180843186378482 0.23629328985424602 0.1938069704671701 -0.25008179900737909 0.0077272786813623769 0.16716064959764482 -0.0065657213139228331 0.10522496437896854 -0.17436275427991696 -0.053564518690109253 -0.16936853741109373 -0.12545730711685285 -0.17732978162045282
leaf_weight=34 25 34 30 26 34 26 39 23 22 22 25 36 24
leaf_count=34 25 34 30 26 34 26 39 23 22 22 25 36 24
internal_value=3.25963e-10 -0.0319594 -0.059431 -0.0845871 -0.0640798 -0.0283592 0.0243119 -0.0199032 -0.0670827 -0.165784 -0.0893468 -0.0607677 -0.118138
internal_weight=400 366 332 302 277 205 110 84 61 72 95 70 46
internal_count=400 366 332 302 277 205 110 84 61 72 95 70 46
is_linear=0
shrinkage=0.1


Tree=28
num_leaves=16
num_cat=0
split_feature=0 5 0 5 1 0 5 3 4 5 2 1 4 4 5
split_gain=370.465 350.718 120.727 103.736 103.467 87.8587 67.9989 63.95 58.3004 46.1957 36.8769 22.7538 22.6121 13.3123 11.7363
threshold=35.180000000000007 37.500000000000007 6.0050000000000008 59.500000000000007 17.500000000000004 41.245000000000012 73.500000000000014 1.5000000000000002 2.5000000000000004 50.500000000000007 10.500000000000002 2.5000000000000004 3.5000000000000004 2.5000000000000004 51.500000000000007
decision_type=2 2 2 2 2 2 2 2 2 2 2 2 2 2 2
left_child=2 -2 13 5 6 -3 7 9 -5 -4 -6 -9 14 -1 -13
right_child=1 3 4 8 10 -7 -8 11 -10 -11 -12 12 -14 -15 -16
leaf_value=-0.27022039944475351 0.53153454661369326 0.054481096393786947 0.16355866004120223 -0.12905189444621404 0.19413849356628599 0.32948886865661264 -0.20886952096018296 -0.16266468514043553 0.090249086916446689 -0.046431495733559133 0.021359124879042308 -0.14235864161298825 0.014612335171550512 -0.1589088292703742 -0.054689202130444953
leaf_weight=22 20 26 22 27 21 21 29 26 22 20 30 26 30 21 37
leaf_count=22 20 26 22 27 21 21 29 26 22 20 30 26 30 21 37
internal_value=-1.74157e-10 0.150582 -0.0615054 0.0712172 -0.0339652 0.177357 -0.0679121 -0.0425222 -0.0305902 0.0635633 0.0925036 -0.0799642 -0.0568436 -0.215859 -0.0908702
internal_weight=400 116 284 96 241 47 190 161 49 42 51 119 93 43 63
internal_count=400 116 284 96 241 47 190 161 49 42 51 119 93 43 63
is_linear=0
shrinkage=0.1


Tree=29
num_leaves=14
num_cat=0
split_feature=5 1 0 1 0 2 2 2 0 2 2 5 2
split_gain=335.257 197.694 143.784 97.2598 73.2825 48.0261 88.2272 61.6339 28.3113 27.8993 20.8842 28.9801 17.5792
threshold=33.500000000000007 18.500000000000004 45.740000000000002 4.5000000000000009 18.565000000000001 3.5000000000000004 9.5000000000000018 14.500000000000002 17.175000000000004 7.5000000000000009 19.500000000000004 63.500000000000007 19.500000000000004
decision_type=2 2 2 2 2 2 2 2 2 2 2 2 2
left_child=-1 2 3 8 10 -6 -7 -8 -2 -10 11 -5 -9
right_child=1 -3 -4 4 5 6 7 12 9 -11 -12 -13 -14
leaf_value=0.30037238865214239 -0.27033039331436159 0.20175655834815084 0.15737621769309046 -0.01752683702198898 -0.1153040484713319 0.17275296756715486 -0.12342549575602307 0.11353870484357079 -0.22183457182889638 -0.079631091754984215 -0.18560031376994002 -0.15777577095879958 -0.013403287706896664
leaf_weight=34 20 34 30 34 26 33 34 24 22 37 26 26 20
leaf_count=34 20 34 30 34 26 33 34 24 22 37 26 26 20
internal_value=5.03787e-10 -0.0279034 -0.0514228 -0.0721645 -0.0383872 0.00703167 0.0356869 -0.0223026 -0.16751 -0.132656 -0.110741 -0.0783014 0.0558378
internal_weight=400 366 332 302 223 137 111 78 79 59 86 60 44
internal_count=400 366 332 302 223 137 111 78 79 59 86 60 44
is_linear=0
shrinkage=0.1


Tree=30
num_leaves=15
num_cat=0
split_feature=0 5 3 0 1 1 5 1 5 5 4 0 0 0
split_gain=274.376 271.216 190.354 94.5785 65.0821 58.2338 54.5491 29.5837 20.4843 20.4767 21.4517 19.8446 9.09776 8.97899
threshold=35.180000000000007 51.500000000000007 2.5000000000000004 9.6200000000000028 10.500000000000002 8.5000000000000018 38.500000000000007 1.5000000000000002 68.500000000000014 67.500000000000014 2.5000000000000004 4.1900000000000004 21.745000000000001 42.605000000000011
decision_type=2 2 2 2 2 2 2 2 2 2 2 2 2 2
left_child=3 2 -2 11 7 -3 -6 -5 12 10 -8 -1 -9 -7
right_child=1 5 -4 4 6 13 9 8 -10 -11 -12 -13 -14 -15
leaf_value=-0.21543496070850279 0.5179493882085966 -0.11464825934833951 0.12301218223113281 -0.17962192925422088 0.14349314505534788 0.028042754903435708 0.089001636814188087 -0.057760491691253801 -0.12940701916813852 -0.076225713832724487 -0.035924001250948225 -0.10628438591957093 0.024331415421329439 0.12280026720836759
leaf_weight=31 23 27 26 23 31 20 27 27 23 31 28 36 27 20
leaf_count=31 23 27 26 23 31 20 27 27 23 31 28 36 27 20
internal_value=2.13564e-10 0.129591 0.308391 -0.0529314 -0.0208654 -0.00117377 0.0297646 -0.0801025 -0.0503759 -0.0112305 0.0254031 -0.156787 -0.0167145 0.0754215
internal_weight=400 116 49 284 217 67 117 100 77 86 55 67 54 40
internal_count=400 116 49 284 217 67 117 100 77 86 55 67 54 40
is_linear=0
shrinkage=0.1


Tree=31
num_leaves=14
num_cat=0
split_feature=5 1 5 0 1 5 0 0 5 0 5 4 1
split_gain=250.135 154.687 117.883 180.846 75.0907 56.2851 46.3934 39.6511 27.8668 56.9724 20.4806 16.9545 12.5952
threshold=33.500000000000007 18.500000000000004 77.500000000000014 42.605000000000011 1.5000000000000002 60.500000000000007 14.085000000000003 37.680000000000007 55.500000000000007 32.660000000000004 48.500000000000007 3.5000000000000004 9.5000000000000018
decision_type=2 2 2 2 2 2 2 2 2 2 2 2 2
left_child=-1 2 3 4 -2 -5 11 8 9 10 -8 -6 -10
right_child=1 -3 -4 5 6 -7 7 -9 12 -11 -12 -13 -14
leaf_value=0.25945302957997607 -0.21235765289249167 0.17904764509705062 -0.2451810246816388 0.2882780760526657 -0.1569055873486731 0.053874705483516062 -0.046405038942356369 -0.12302322475998491 -0.085919965401051512 0.19454728576354685 0.073760975379010912 -0.054163458802062893 0.0028477102518081666
leaf_weight=34 28 34 27 20 36 21 37 27 31 20 23 29 33
leaf_count=34 28 34 27 20 36 21 37 27 31 20 23 29 33
internal_value=7.12462e-11 -0.0241022 -0.0449067 -0.0271775 -0.057523 0.168218 -0.0391528 -0.011817 0.00903415 0.0483808 -0.0003414 -0.111067 -0.0401491
internal_weight=400 366 332 305 264 41 236 171 144 80 60 65 64
internal_count=400 366 332 305 264 41 236 171 144 80 60 65 64
is_linear=0
shrinkage=0.1


Tree=32
num_leaves=16
num_cat=0
split_feature=0 1 0 5 5 5 1 2 2 5 4 1 0 3 5
split_gain=211.945 118.483 75.0677 69.698 69.1659 40.2527 44.9776 28.1345 147.001 55.8793 29.9985 23.7314 16.3521 15.0158 4.95338
threshold=45.740000000000002 17.500000000000004 14.285000000000002 34.500000000000007 46.500000000000007 73.500000000000014 1.5000000000000002 7.5000000000000009 10.500000000000002 45.500000000000007 1.5000000000000002 5.5000000000000009 26.775000000000002 3.5000000000000004 63.500000000000007
decision_type=2 2 2 2 2 2 2 2 2 2 2 2 2 2 2
left_child=1 2 11 -4 -3 6 -5 10 -9 -10 -8 -1 -11 -6 -13
right_child=-2 4 3 5 13 -7 7 8 9 12 -12 14 -14 -15 -16
leaf_value=-0.21880254149436951 0.2314628570857975 0.23831184292617055 0.14813075153665109 -0.15546299846504222 -0.037014712038494289 -0.15294996168878344 -0.15431769575391496 0.27116169308312238 -0.1720345824956894 -0.027229639033184334 -0.00050119349616579718 -0.06993028548146997 0.079308034464716917 0.081204403157938615 -0.13333848691122099
leaf_weight=24 36 23 22 22 21 27 21 20 21 34 32 28 25 22 22
leaf_count=24 36 23 22 22 21 27 21 20 21 34 32 28 25 22 22
internal_value=5.16884e-11 -0.0228919 -0.0497417 -0.0208941 0.0983388 -0.0393027 -0.0217685 -0.0025445 0.028674 -0.0319479 -0.0614474 -0.137064 0.0179134 0.0234695 -0.0978299
internal_weight=400 364 298 224 66 202 175 153 100 80 53 74 59 43 50
internal_count=400 364 298 224 66 202 175 153 100 80 53 74 59 43 50
is_linear=0
shrinkage=0.1


Tree=33
num_leaves=15
num_cat=0
split_feature=5 1 5 0 1 5 2 2 2 5 0 2 2 0
split_gain=184.441 111.438 87.0159 119.43 51.6388 43.2629 33.9344 48.0263 64.2432 53.0754 32.9319 20.5852 23.1515 1.14268
threshold=33.500000000000007 18.500000000000004 77.500000000000014 42.605000000000011 2.5000000000000004 60.500000000000007 3.5000000000000004 10.500000000000002 7.5000000000000009 40.500000000000007 26.775000000000002 18.500000000000004 15.500000000000002 21.745000000000001
decision_type=2 2 2 2 2 2 2 2 2 2 2 2 2 2
left_child=-1 2 3 4 13 -5 -6 8 -8 -9 11 12 -11 -2
right_child=1 -3 -4 5 6 -7 7 9 -10 10 -12 -13 -14 -15
leaf_value=0.22279221178854214 -0.16934444758808243 0.15173048713408852 -0.21042201741150135 0.24092462092638015 -0.12443281854502858 0.035418356493825007 -0.02647419926843473 -0.19697895944118501 0.18341256414353849 -0.074759913794696334 0.063771776251043341 -0.12041167184710502 0.064139120600053251 -0.13554082475602627
leaf_weight=34 20 34 27 20 32 21 35 20 25 28 33 30 21 20
leaf_count=34 20 34 27 20 32 21 35 20 25 28 33 30 21 20
internal_value=-2.3644e-10 -0.0206965 -0.0383547 -0.0231225 -0.0477828 0.135665 -0.0290935 -0.0132036 0.0609786 -0.0469229 -0.0201271 -0.0551735 -0.0152318 -0.152443
internal_weight=400 366 332 305 264 41 224 192 60 132 112 79 49 40
internal_count=400 366 332 305 264 41 224 192 60 132 112 79 49 40
is_linear=0
shrinkage=0.1


Tree=34
num_leaves=14
num_cat=0
split_feature=0 1 2 5 0 4 5 5 5 2 0 4 3
split_gain=156.541 198.458 102.724 197.37 62.6472 45.9642 44.5114 15.9765 15.3326 23.2234 14.2691 16.2712 7.1959
threshold=35.180000000000007 15.500000000000002 10.500000000000002 51.500000000000007 9.6200000000000028 1.0000000180025095e-35 36.500000000000007 73.500000000000014 43.500000000000007 16.500000000000004 3.9050000000000007 2.5000000000000004 2.5000000000000004
decision_type=2 2 2 2 2 2 2 2 2 2 2 2 2
left_child=4 2 3 -2 10 -6 -7 8 -8 12 -1 -12 -10
right_child=1 -3 -4 -5 5 6 7 -9 9 -11 11 -13 -14
leaf_value=-0.19050768004222352 0.35370625687230911 0.33535945531394751 -0.098619512468576434 -0.046013251698265478 -0.12878881553808849 0.11192620107904078 -0.081780278256961284 -0.0908284486681223 0.011868578852976069 0.07592533657679687 -0.14848618884570897 -0.027954711800529844 -0.051456774849640702
leaf_weight=22 21 27 38 30 30 32 21 25 34 37 24 21 38
leaf_count=22 21 27 38 30 30 32 21 25 34 37 24 21 38
internal_value=-4.4913e-10 0.0978845 0.0258415 0.118577 -0.039981 -0.0138835 0.00455055 -0.0176173 -0.00353826 0.0115359 -0.124506 -0.0922382 -0.0215531
internal_weight=400 116 89 51 284 217 187 155 130 109 67 45 72
internal_count=400 116 89 51 284 217 187 155 130 109 67 45 72
is_linear=0
shrinkage=0.1


Tree=35
num_leaves=14
num_cat=0
split_feature=0 1 2 2 4 2 2 5 4 0 0 0 1
split_gain=141.227 83.5323 93.8151 337.84 58.5385 34.4525 88.9143 33.1176 31.0303 23.3629 19.9747 19.8568 11.2126
threshold=45.740000000000002 6.5000000000000009 7.5000000000000009 10.500000000000002 3.5000000000000004 16.500000000000004 19.500000000000004 49.500000000000007 2.5000000000000004 23.085000000000004 28.505000000000003 17.175000000000004 14.500000000000002
decision_type=2 2 2 2 2 2 2 2 2 2 2 2 2
left_child=1 4 8 -4 7 10 -7 -1 12 -9 -5 -8 -3
right_child=-2 2 3 5 -6 6 11 9 -10 -11 -12 -13 -14
leaf_value=-0.25547267258167267 0.18894201443634101 -0.078945942424858612 0.33152730230774202 -0.032384793364848848 0.013219650916974336 0.17034412467162061 -0.11248027329834609 -0.16888989101235685 -0.0063211322811089063 -0.032067843899130824 -0.15530377797782424 0.011109663660709675 -0.17560953650002678
leaf_weight=20 36 24 35 39 34 28 26 26 38 24 20 26 24
leaf_count=20 36 24 35 39 34 28 26 26 38 24 20 26 24
internal_value=-5.32891e-11 -0.0186866 0.0116109 0.0538412 -0.0944303 -0.0160797 0.026675 -0.146717 -0.0738318 -0.103215 -0.0740522 -0.0506853 -0.127278
internal_weight=400 364 260 174 104 139 80 70 86 50 59 52 48
internal_count=400 364 260 174 104 139 80 70 86 50 59 52 48
is_linear=0
shrinkage=0.1


Tree=36
num_leaves=15
num_cat=0
split_feature=5 1 5 0 1 5 0 0 5 2 2 2 0 1
split_gain=137.951 78.5551 67.8119 73.3312 35.6799 30.9084 21.8467 38.1756 29.8791 31.1724 19.4488 12.9365 4.45429 4.73549
threshold=33.500000000000007 18.500000000000004 77.500000000000014 42.605000000000011 1.5000000000000002 60.500000000000007 37.680000000000007 22.790000000000003 55.500000000000007 13.500000000000002 19.500000000000004 15.500000000000002 10.415000000000001 8.5000000000000018
decision_type=2 2 2 2 2 2 2 2 2 2 2 2 2 2
left_child=-1 2 3 4 -2 -5 7 10 9 -9 11 12 -6 -14
right_child=1 -3 -4 5 6 -7 -8 8 -10 -11 -12 -13 13 -15
leaf_value=0.1926783384207417 -0.14533163053648812 0.12687014055931395 -0.18462279970171278 0.19411539047956469 -0.079741929258619046 0.020413098590714593 -0.11058897133226749 0.021396717056632042 -0.034373125696883486 0.18367828823626042 -0.11846735680836343 0.03622271540613535 -0.064078050050884489 0.0024550485910604831
leaf_weight=34 28 34 27 20 28 21 27 29 34 20 31 24 20 23
leaf_count=34 28 34 27 20 28 21 27 29 34 20 31 24 20 23
internal_value=4.6019e-10 -0.0178991 -0.0327248 -0.0192781 -0.0386016 0.105146 -0.0259387 -0.015003 0.0376552 0.0876341 -0.0496906 -0.0272476 -0.0487024 -0.0284906
internal_weight=400 366 332 305 264 41 236 209 83 49 126 95 71 43
internal_count=400 366 332 305 264 41 236 209 83 49 126 95 71 43
is_linear=0
shrinkage=0.1


Tree=37
num_leaves=15
num_cat=0
split_feature=5 1 5 0 0 5 0 0 2 0 3 2 0 0
split_gain=111.74 63.6296 54.9276 59.3982 30.5382 25.0358 23.3061 16.8988 21.5814 21.9687 16.1702 8.65334 11.6987 9.72468
threshold=33.500000000000007 18.500000000000004 77.500000000000014 42.605000000000011 4.1900000000000004 60.500000000000007 37.680000000000007 22.790000000000003 16.500000000000004 28.870000000000005 3.5000000000000004 19.500000000000004 20.215000000000003 14.285000000000002
decision_type=2 2 2 2 2 2 2 2 2 2 2 2 2 2
left_child=-1 2 3 4 -2 -5 7 11 9 -9 -11 12 13 -6
right_child=1 -3 -4 5 6 -7 -8 8 -10 10 -12 -13 -14 -15
leaf_value=0.17341050244867803 -0.14229380056882898 0.11418312449720414 -0.16616051975223756 0.17470384478569032 -0.036663733096793293 0.018371789441222235 -0.10804270543158055 0.056155887444814048 0.10081737989712565 0.0048329731183392663 -0.1208063454180956 -0.088859637757391641 -0.083151862083468586 0.040426202492477997
leaf_weight=34 24 34 27 20 36 21 29 30 24 21 20 26 24 30
leaf_count=34 24 34 27 20 36 21 29 30 24 21 20 26 24 30
internal_value=-5.86864e-10 -0.0161092 -0.0294524 -0.0173503 -0.0347414 0.0946313 -0.0239862 -0.0124334 0.0188385 -0.00887265 -0.0564545 -0.038044 -0.0233639 -0.00162285
internal_weight=400 366 332 305 264 41 240 211 95 71 41 116 90 66
internal_count=400 366 332 305 264 41 240 211 95 71 41 116 90 66
is_linear=0
shrinkage=0.1


Tree=38
num_leaves=14
num_cat=0
split_feature=0 4 1 5 0 4 5 0 4 5 5 2 3
split_gain=98.7211 166.587 141.611 87.1072 39.2116 31.4552 23.4242 9.29721 9.17277 9.04258 10.9904 16.1674 6.79807
threshold=35.180000000000007 3.5000000000000004 6.5000000000000009 46.500000000000007 9.6200000000000028 1.0000000180025095e-35 37.500000000000007 3.9050000000000007 2.5000000000000004 73.500000000000014 45.500000000000007 16.500000000000004 2.5000000000000004
decision_type=2 2 2 2 2 2 2 2 2 2 2 2 2
left_child=4 2 -2 -4 7 -6 -7 -1 -9 10 -8 12 -12
right_child=1 -3 3 -5 5 6 9 8 -10 -11 11 -13 -14
leaf_value=-0.15189779313619844 -0.19237136059999468 0.28529699840422335 0.24390703536894009 -0.001465890747614396 -0.10615839754541717 0.079225258857888337 -0.067936900187106367 -0.11480795405805111 -0.024309506657577695 -0.067547037817537778 0.015925025533546102 0.064653362645893483 -0.046503654404266459
leaf_weight=22 25 29 23 39 30 34 21 24 21 25 33 37 37
leaf_count=22 25 29 23 39 30 34 21 24 21 25 33 37 37
internal_value=2.49594e-10 0.0777329 0.00854492 0.0895595 -0.0317501 -0.0111031 0.00414638 -0.0986215 -0.0725753 -0.0125378 -0.00179383 0.0111875 -0.017073
internal_weight=400 116 87 62 284 217 187 67 45 153 128 107 70
internal_count=400 116 87 62 284 217 187 67 45 153 128 107 70
is_linear=0
shrinkage=0.1


Tree=39
num_leaves=14
num_cat=0
split_feature=5 1 0 5 1 4 0 2 2 2 4 5 2
split_gain=85.2448 58.7048 49.5929 31.5581 37.2977 17.677 35.0741 23.856 24.3435 16.8414 7.78468 3.08984 3.45102
threshold=33.500000000000007 1.5000000000000002 45.740000000000002 77.500000000000014 18.500000000000004 1.5000000000000002 22.790000000000003 7.5000000000000009 12.500000000000002 10.500000000000002 4.5000000000000009 48.500000000000007 13.500000000000002
decision_type=2 2 2 2 2 2 2 2 2 2 2 2 2
left_child=-1 -2 3 4 5 7 10 -3 -9 -8 11 -7 -13
right_child=1 2 -4 -5 -6 6 9 8 -10 -11 -12 12 -14
leaf_value=0.15146243694950554 -0.1392188758972813 -0.12365443237125873 0.1236750911535888 -0.11435037691678321 0.11105634087266832 -0.086176104958923097 0.10917436735648099 0.068541409769518821 -0.068106072122463959 0.01210854780406524 0.010074263187841728 -0.06498649618029595 -0.0099978356577810797
leaf_weight=34 34 30 29 28 26 21 33 22 32 39 26 25 21
leaf_count=34 34 30 29 28 26 21 33 22 32 39 26 25 21
internal_value=-1.58325e-10 -0.0140703 -0.00125386 -0.0132108 -0.0029129 -0.0148133 0.00419759 -0.0521561 -0.0124349 0.056597 -0.0363697 -0.0543928 -0.039883
internal_weight=400 366 332 303 275 249 165 84 54 72 93 67 46
internal_count=400 366 332 303 275 249 165 84 54 72 93 67 46
is_linear=0
shrinkage=0.1


Tree=40
num_leaves=16
num_cat=0
split_feature=0 1 2 5 2 2 1 1 0 1 2 2 0 0 1
split_gain=72.8842 167.95 120.785 62.5698 40.0392 67.1566 57.886 20.0217 25.6213 14.2376 11.6832 38.8494 14.3663 10.8819 5.83197
threshold=37.455000000000005 15.500000000000002 10.500000000000002 57.500000000000007 7.5000000000000009 10.500000000000002 7.5000000000000009 16.500000000000004 23.085000000000004 3.5000000000000004 20.500000000000004 16.500000000000004 14.970000000000002 21.850000000000005 9.5000000000000018
decision_type=2 2 2 2 2 2 2 2 2 2 2 2 2 2 2
left_child=4 2 3 -2 7 6 -6 8 14 -7 11 13 -12 -11 -1
right_child=1 -3 -4 -5 5 9 -8 -9 -10 10 12 -13 -14 -15 -16
leaf_value=-0.1396656748862006 0.23256095165298102 0.30493164759439728 -0.14972774516190254 -0.011550210274401167 -0.0031902824342250821 -0.1041903365226019 0.23740490876138209 -0.15220362836351764 0.020593030806630851 -0.0052603233198169619 -0.1185959401584807 0.084411007014883535 -0.0073909002427871408 -0.089835538226982647 -0.064212946806635182
leaf_weight=20 21 24 31 21 20 21 20 26 30 32 21 37 26 29 21
leaf_count=20 21 24 31 21 20 21 20 26 30 32 21 37 26 29 21
internal_value=-4.20143e-10 0.0754436 -4.58262e-06 0.110505 -0.0241519 0.000792542 0.117107 -0.0771267 -0.0496337 -0.0272351 -0.0160899 0.00356782 -0.0570783 -0.0454682 -0.101019
internal_weight=400 97 73 42 303 206 40 97 71 166 145 98 47 61 41
internal_count=400 97 73 42 303 206 40 97 71 166 145 98 47 61 41
is_linear=0
shrinkage=0.1


Tree=41
num_leaves=15
num_cat=0
split_feature=0 4 0 1 0 0 1 3 1 0 5 1 5 0
split_gain=67.3095 47.2842 74.061 25.4515 22.646 22.2691 45.4891 24.5078 22.1055 19.9565 18.3474 11.7755 9.3811 2.21988
threshold=45.740000000000002 1.5000000000000002 37.455000000000005 4.5000000000000009 6.0050000000000008 31.605000000000004 17.500000000000004 1.5000000000000002 13.500000000000002 32.220000000000006 44.500000000000007 7.5000000000000009 63.500000000000007 21.745000000000001
decision_type=2 2 2 2 2 2 2 2 2 2 2 2 2 2
left_child=1 3 4 -1 -3 6 7 -6 11 10 -5 13 -12 -9
right_child=-2 2 -4 9 5 -7 -8 8 -10 -11 12 -13 -14 -15
leaf_value=-0.14171500527450154 0.13043909830351672 -0.092262318370671115 0.14513327363464568 -0.14817491382360459 0.070948766411415162 -0.078671162671941741 0.12413519966648892 -0.063059556335210806 -0.12072142472733623 0.030009498676906027 0.013257392916024069 0.048979695793241268 -0.081371828652918352 -0.016508278978012859
leaf_weight=31 36 29 36 20 28 28 32 20 23 30 22 24 20 21
leaf_count=31 36 29 36 20 28 28 32 20 23 30 22 24 20 21
internal_value=-3.11411e-11 -0.0129006 0.0128479 -0.0633508 -0.0103827 0.00310883 0.0185807 -0.0105378 -0.0364653 -0.0369455 -0.0693431 -0.00665157 -0.0318041 -0.0392162
internal_weight=400 364 241 123 205 176 148 116 88 92 62 65 42 41
internal_count=400 364 241 123 205 176 148 116 88 92 62 65 42 41
is_linear=0
shrinkage=0.1


Tree=42
num_leaves=14
num_cat=0
split_feature=5 1 5 1 3 4 5 5 0 0 5 2 3
split_gain=67.8373 40.9707 35.315 50.4274 66.2678 25.372 33.025 23.3012 31.2185 27.2222 12.8497 12.761 6.83482
threshold=33.500000000000007 1.5000000000000002 54.500000000000007 14.500000000000002 2.5000000000000004 3.5000000000000004 75.500000000000014 44.500000000000007 23.085000000000004 28.870000000000005 62.500000000000007 12.500000000000002 3.5000000000000004
decision_type=2 2 2 2 2 2 2 2 2 2 2 2 2
left_child=-1 -2 3 7 -5 6 10 9 -9 -3 -4 -12 -7
right_child=1 2 5 4 -6 12 -8 8 -10 -11 11 -13 -14
leaf_value=0.1351155838545631 -0.11710218451917172 0.011493051238358021 -0.073699412394601566 0.23614072802787028 0.0096927505718278038 -0.0095325808141481227 -0.15495978406182043 -0.056767470240592956 0.10681339182358768 -0.14802750309929252 0.048799204051361553 -0.046673445403575903 0.054697655030370995
leaf_weight=34 34 23 39 24 28 37 27 20 28 20 28 28 30
leaf_count=34 34 23 39 24 28 37 27 20 28 20 28 28 30
internal_value=-2.53262e-10 -0.0125517 -0.00184475 0.0356503 0.114207 -0.030214 -0.0573661 -0.00923939 0.0386547 -0.0627026 -0.029629 0.00106288 0.0192272
internal_weight=400 366 332 143 52 189 122 91 48 43 95 56 67
internal_count=400 366 332 143 52 189 122 91 48 43 95 56 67
is_linear=0
shrinkage=0.1


Tree=43
num_leaves=14
num_cat=0
split_feature=0 2 2 1 4 1 2 0 2 2 0 0 0
split_gain=56.7996 39.4328 201.906 91.3957 46.8369 35.3965 20.4789 23.8869 19.754 58.7961 35.0611 9.55921 4.5813
threshold=45.740000000000002 7.5000000000000009 10.500000000000002 7.5000000000000009 3.5000000000000004 3.5000000000000004 4.5000000000000009 32.660000000000004 16.500000000000004 19.500000000000004 28.720000000000002 17.175000000000004 19.225000000000005
decision_type=2 2 2 2 2 2 2 2 2 2 2 2 2
left_child=1 4 3 -3 6 -4 7 -1 10 -10 12 -11 -7
right_child=-2 2 5 -5 -6 8 -8 -9 9 11 -12 -13 -14
leaf_value=-0.11742920067161322 0.11982352104451921 0.034031159536022211 -0.14520763615862683 0.2989886410534382 0.039481033715419472 -0.040871181241844017 -0.15808112338623581 0.018025378299796065 0.11790823144555995 -0.087026909360241503 -0.157533756379659 -0.0064190955034324109 0.021584770052383344
leaf_weight=30 36 23 26 30 35 23 34 23 33 31 24 28 24
leaf_count=30 36 23 26 30 35 23 34 23 33 31 24 28 24
internal_value=-7.07281e-10 -0.0118507 0.0115189 0.184007 -0.0582067 -0.0368508 -0.0975063 -0.058647 -0.0195669 0.0110152 -0.0591945 -0.0487724 -0.00897878
internal_weight=400 364 242 53 122 189 87 53 163 92 71 59 47
internal_count=400 364 242 53 122 189 87 53 163 92 71 59 47
is_linear=0
shrinkage=0.1


Tree=44
num_leaves=14
num_cat=0
split_feature=5 0 1 5 0 4 5 5 3 2 1 2 3
split_gain=54.9274 169.421 32.5634 27.9634 31.3357 18.0512 24.5064 15.7996 13.6472 15.5277 25.9933 11.0832 6.07494
threshold=34.500000000000007 25.620000000000001 1.5000000000000002 57.500000000000007 38.535000000000004 3.5000000000000004 75.500000000000014 62.500000000000007 1.5000000000000002 15.500000000000002 11.500000000000002 12.500000000000002 3.5000000000000004
decision_type=2 2 2 2 2 2 2 2 2 2 2 2 2
left_child=1 -1 -2 4 8 6 7 -5 -4 10 -10 -9 -7
right_child=2 -3 3 5 -6 12 -8 11 9 -11 -12 -13 -14
leaf_value=-0.083308761905540124 -0.10733972049007814 0.31883564576506618 0.061492799030196277 -0.089500636607408535 0.1142035873098807 -0.015508913231844251 -0.13768362027627451 0.0469874093575137 0.0147995273432424 0.039149900362121341 -0.1207821112484313 -0.041987707652151589 0.048450983702032657
leaf_weight=22 33 20 31 28 33 33 27 28 31 33 26 28 27
leaf_count=22 33 20 31 28 33 33 27 28 31 33 26 28 27
internal_value=4.85219e-10 0.108189 -0.0126925 -0.00308218 0.0278272 -0.0309187 -0.0548062 -0.028167 0.00427003 -0.01544 -0.0470447 0.00249985 0.013273
internal_weight=400 42 358 325 154 171 111 84 121 90 57 56 60
internal_count=400 42 358 325 154 171 111 84 121 90 57 56 60
is_linear=0
shrinkage=0.1


Tree=45
num_leaves=16
num_cat=0
split_feature=0 5 1 5 5 0 2 5 0 5 0 4 0 1 3
split_gain=45.4784 121.062 32.845 23.4683 19.1006 61.5416 41.2882 54.4157 35.6779 27.2433 18.5746 10.0135 9.14917 4.97927 3.89983
threshold=14.085000000000003 33.500000000000007 18.500000000000004 77.500000000000014 44.500000000000007 28.870000000000005 7.5000000000000009 57.500000000000007 28.025000000000002 65.500000000000014 35.320000000000007 3.5000000000000004 35.565000000000005 11.500000000000002 3.5000000000000004
decision_type=2 2 2 2 2 2 2 2 2 2 2 2 2 2 2
left_child=11 -2 3 4 5 -3 9 8 -8 10 -6 13 14 -1 -9
right_child=1 2 -4 -5 6 -7 7 12 -10 -11 -12 -13 -14 -15 -16
leaf_value=-0.11794658958635949 0.23429554166893163 0.057822560160248372 0.10976159897446634 -0.11160776193386741 -0.031871490452128157 -0.15028091304004193 0.042324987761676314 -0.059968212924220346 0.22494782319535381 0.045969339353697646 -0.16065231289359785 -0.019409396219998598 0.04558273713290692 -0.059206569861740832 -0.0010765660554170609
leaf_weight=27 24 27 25 21 24 30 20 22 23 21 21 36 25 31 23
leaf_count=27 24 27 25 21 24 30 20 22 23 21 21 36 25 31 23
internal_value=1.41794e-10 0.0186886 0.000339032 -0.0103052 -0.00129097 -0.0517056 0.0147628 0.0514673 0.140007 -0.0480797 -0.0919692 -0.0608372 -0.00292133 -0.0865511 -0.029868
internal_weight=400 306 282 257 236 57 179 113 43 66 45 94 70 58 45
internal_count=400 306 282 257 236 57 179 113 43 66 45 94 70 58 45
is_linear=0
shrinkage=0.1


Tree=46
num_leaves=16
num_cat=0
split_feature=0 4 0 5 0 0 0 0 0 3 5 3 0 0 2
split_gain=40.8154 28.1589 49.1862 29.0332 23.8178 18.0897 14.8816 18.8371 32.6254 24.0902 12.9921 10.9669 6.68471 8.69074 1.47457
threshold=45.740000000000002 1.5000000000000002 37.455000000000005 35.500000000000007 37.455000000000005 28.025000000000002 6.0050000000000008 29.090000000000007 26.045000000000005 2.5000000000000004 53.500000000000007 1.5000000000000002 20.905000000000005 17.175000000000004 16.500000000000004
decision_type=2 2 2 2 2 2 2 2 2 2 2 2 2 2 2
left_child=1 3 6 -1 5 10 -3 8 11 -9 -5 -8 13 14 -13
right_child=-2 2 -4 4 -6 -7 7 9 -10 -11 -12 12 -14 -15 -16
leaf_value=-0.15307670672508805 0.10157381064361998 -0.075482280122051992 0.11762938412527245 0.034528648713603616 -0.12108533786875862 0.075786699558871504 0.049855141213227962 0.021011005770415068 0.12558119424308342 -0.1323403637856245 -0.065045697556955648 -0.012795428931713105 -0.070354800352028443 0.049102750048041349 -0.050735660037025815
leaf_weight=22 36 29 36 20 21 22 29 20 24 21 38 21 21 20 20
leaf_count=22 36 29 36 20 21 22 29 20 24 21 38 21 21 20 20
internal_value=8.01343e-10 -0.0100458 0.00982439 -0.0489783 -0.0263034 -0.0014232 -0.00910721 0.00182959 0.0198588 -0.0575348 -0.0307097 -0.00300013 -0.0216928 -0.00494036 -0.0313029
internal_weight=400 364 241 123 101 80 205 176 135 41 58 111 82 61 41
internal_count=400 364 241 123 101 80 205 176 135 41 58 111 82 61 41
is_linear=0
shrinkage=0.1


Tree=47
num_leaves=17
num_cat=0
split_feature=5 3 1 5 1 5 0 0 4 0 2 2 5 5 0 0
split_gain=39.0498 134.95 25.9609 21.7204 28.7289 25.3696 25.9749 20.2704 12.6194 18.8805 16.1703 25.3785 7.36817 3.93988 1.90705 0.393858
threshold=34.500000000000007 3.5000000000000004 1.5000000000000002 55.500000000000007 15.500000000000002 38.500000000000007 22.790000000000003 21.850000000000005 4.5000000000000009 44.300000000000004 7.5000000000000009 11.500000000000002 72.500000000000014 63.500000000000007 21.265000000000004 35.320000000000007
decision_type=2 2 2 2 2 2 2 2 2 2 2 2 2 2 2 2
left_child=1 -1 -2 4 5 -4 -7 -6 9 10 14 -12 13 -13 -5 -8
right_child=2 -3 3 8 7 6 15 -9 -10 -11 11 12 -14 -15 -16 -17
leaf_value=0.2704722400399901 -0.095210940097317565 -0.088029681571892338 -0.1007559384441092 -0.053922760710120199 0.018151239296421411 -0.038740863105178713 0.068101102166942193 0.15321922796964646 0.029901958004954984 -0.12549223410231727 0.088567893517514082 -0.041411138996481897 -0.082419027276337153 0.01927603936713675 -0.097592539992183452 0.08770927568897606
leaf_weight=21 33 21 21 20 20 36 21 25 34 21 24 20 20 23 20 20
leaf_count=21 33 21 21 20 20 36 21 25 34 21 24 20 20 23 20 20
internal_value=-6.59144e-10 0.0912213 -0.0107019 -0.00212102 0.0270438 -0.00332895 0.023242 0.093189 -0.0250363 -0.0376572 -0.0231333 0.00106178 -0.0322739 -0.00895056 -0.0757577 0.0776661
internal_weight=400 42 358 325 143 98 77 45 182 148 127 87 63 43 40 41
internal_count=400 42 358 325 143 98 77 45 182 148 127 87 63 43 40 41
is_linear=0
shrinkage=0.1


Tree=48
num_leaves=15
num_cat=0
split_feature=0 2 2 0 4 0 2 0 5 5 0 0 4 5
split_gain=36.0919 23.1564 146.574 65.273 32.5096 28.4067 14.003 19.3724 12.7936 6.23587 16.0382 6.1795 3.02412 2.68737
threshold=45.740000000000002 7.5000000000000009 10.500000000000002 22.180000000000003 3.5000000000000004 37.680000000000007 4.5000000000000009 32.660000000000004 35.500000000000007 55.500000000000007 23.365000000000006 20.680000000000003 2.5000000000000004 46.500000000000007
decision_type=2 2 2 2 2 2 2 2 2 2 2 2 2 2
left_child=1 4 3 -3 6 8 7 -1 -4 10 13 12 -11 -10
right_child=-2 2 5 -5 -6 -7 -8 -9 9 11 -12 -13 -14 -15
leaf_value=-0.098515186977262303 0.095515626627537945 0.012875663377344609 -0.091268517733329835 0.24182148575782778 0.036416515622820174 -0.13690298818375754 -0.1278012956656954 0.023469542679579361 0.0046400617364616625 -0.028875885632905093 0.084742529419335466 -0.057853507218616353 0.022452941661079726 -0.04595049632092317
leaf_weight=30 36 20 21 33 35 23 34 23 21 22 22 35 24 21
leaf_count=30 36 20 21 33 35 23 34 23 21 22 22 35 24 21
internal_value=1.55997e-11 -0.0094466 0.00846182 0.155427 -0.0449699 -0.0327506 -0.0777115 -0.0455784 -0.0183198 -0.00775486 0.0155753 -0.0261885 -0.00209563 -0.0206552
internal_weight=400 364 242 53 122 189 87 53 166 145 64 81 46 42
internal_count=400 364 242 53 122 189 87 53 166 145 64 81 46 42
is_linear=0
shrinkage=0.1


Tree=49
num_leaves=15
num_cat=0
split_feature=5 1 0 5 0 0 4 2 0 5 0 3 0 3
split_gain=33.0955 18.9299 24.2249 21.7152 45.8749 15.3886 13.3646 9.39282 27.15 9.38464 7.33346 6.65861 5.26427 4.77562
threshold=33.500000000000007 6.5000000000000009 38.280000000000008 54.500000000000007 38.535000000000004 15.4 4.5000000000000009 15.500000000000002 28.870000000000005 59.500000000000007 31.605000000000004 2.5000000000000004 12.515000000000002 3.5000000000000004
decision_type=2 2 2 2 2 2 2 2 2 2 2 2 2 2
left_child=-1 2 5 4 7 -2 10 8 -3 -7 12 -12 -5 -14
right_child=1 3 -4 6 -6 9 -8 -9 -10 -11 11 -13 13 -15
leaf_value=0.094374632824431454 -0.085789849188016812 0.043791181730727352 -0.12594889088499325 -0.047742521638671563 0.17229711530464037 0.043481965224657748 0.041308013863604644 0.046268690542906138 -0.10061924813882164 -0.038747025860230565 -0.027091577365284877 -0.10581519603729249 -0.026362651180137288 0.039527205784212462
leaf_weight=34 23 30 27 30 21 35 29 38 23 23 21 22 22 22
leaf_count=34 23 30 27 30 21 35 29 38 23 23 21 22 22 22
internal_value=1.05822e-10 -0.00876704 -0.0439176 0.00594714 0.0390709 -0.0165738 -0.0194629 0.00832641 -0.0188775 0.0108739 -0.0345258 -0.0673688 -0.0154413 0.00658228
internal_weight=400 366 108 258 112 81 146 91 53 58 117 43 74 44
internal_count=400 366 108 258 112 81 146 91 53 58 117 43 74 44
is_linear=0
shrinkage=0.1


Tree=50
num_leaves=16
num_cat=0
split_feature=4 0 5 3 5 0 5 2 1 3 5 5 1 2 2
split_gain=30.9652 122.021 34.7064 44.7148 83.2013 52.2529 72.393 26.0746 20.2179 31.1228 20.7006 10.4059 3.39332 8.69784 6.53974
threshold=3.5000000000000004 37.455000000000005 75.500000000000014 2.5000000000000004 36.500000000000007 20.905000000000005 43.500000000000007 8.5000000000000018 16.500000000000004 4.5000000000000009 55.500000000000007 55.500000000000007 12.500000000000002 11.500000000000002 13.500000000000002
decision_type=2 2 2 2 2 2 2 2 2 2 2 2 2 2 2
left_child=2 12 3 5 -5 -1 -7 -8 9 10 -6 -11 14 -14 -2
right_child=1 -3 -4 4 8 6 7 -9 -10 11 -12 -13 13 -15 -16
leaf_value=-0.05468282567647597 -0.020944721876003315 0.24938486307535485 -0.12213964038367929 -0.20106055992482991 -0.16459191210567953 0.24879443361645653 -0.061021749265491969 0.088476360269955229 0.073559482920914895 0.077529542235953916 -0.02402277792041952 -0.015916740693725073 0.020175730809569359 -0.070942223580046135 0.045881904246871948
leaf_weight=36 32 23 29 27 20 21 20 28 25 22 22 26 20 22 27
leaf_count=36 32 23 29 27 20 21 20 28 25 22 22 26 20 22 27
internal_value=1.13389e-10 0.0415098 -0.0186493 -0.00649866 -0.0430857 0.042981 0.093936 0.0261855 -0.00599598 -0.0280947 -0.0909605 0.0269128 -0.00582806 -0.0275527 0.00963695
internal_weight=400 124 276 247 142 105 69 48 115 90 42 48 101 42 59
internal_count=400 124 276 247 142 105 69 48 115 90 42 48 101 42 59
is_linear=0
shrinkage=0.1


Tree=51
num_leaves=16
num_cat=0
split_feature=5 0 1 5 1 0 0 0 0 3 3 2 1 1 0
split_gain=30.0129 111.991 18.9188 11.3778 21.3239 22.9547 20.4737 11.902 7.72591 10.8336 11.0015 8.13298 7.36683 9.19207 2.5445
threshold=34.500000000000007 25.620000000000001 1.5000000000000002 55.500000000000007 15.500000000000002 37.680000000000007 23.085000000000004 21.850000000000005 44.300000000000004 5.5000000000000009 3.5000000000000004 15.500000000000002 9.5000000000000018 14.500000000000002 16.170000000000005
decision_type=2 2 2 2 2 2 2 2 2 2 2 2 2 2 2
left_child=1 -1 -2 4 5 6 14 -6 9 10 12 -12 -5 -14 -4
right_child=2 -3 3 8 7 -7 -8 -9 -10 -11 11 -13 13 -15 -16
leaf_value=-0.075721264385025619 -0.081524486083424455 0.25123563095927243 -0.0027791185473853893 -0.058125937602349687 0.018539019785821436 -0.097069516473195783 0.078170499422897902 0.12203705573081972 -0.071506449688846868 -0.079395359531044971 0.066846857412019747 -0.013243096410518601 0.052078049612187205 -0.034794589433947518 -0.051443833326699134
leaf_weight=22 33 20 22 35 20 22 33 25 24 20 32 21 21 29 21
leaf_count=22 33 20 22 35 20 22 33 25 24 20 32 21 21 29 21
internal_value=3.07977e-10 0.0799725 -0.00938225 -0.00205704 0.0190513 -0.00711596 0.0189232 0.0760379 -0.0186422 -0.0106122 -0.000643605 0.0351131 -0.022939 0.00169192 -0.0265456
internal_weight=400 42 358 325 143 98 76 45 182 158 138 53 85 50 43
internal_count=400 42 358 325 143 98 76 45 182 158 138 53 85 50 43
is_linear=0
shrinkage=0.1


Tree=52
num_leaves=16
num_cat=0
split_feature=0 1 0 5 4 5 0 5 0 2 1 1 1 0 0
split_gain=28.0047 18.2019 22.5015 39.2543 11.6124 40.0441 23.5149 16.608 13.5038 8.08959 9.86687 7.48461 7.46992 7.03483 4.68962
threshold=45.740000000000002 17.500000000000004 14.085000000000003 53.500000000000007 3.5000000000000004 35.500000000000007 40.900000000000013 50.500000000000007 34.755000000000003 7.5000000000000009 10.500000000000002 12.500000000000002 11.500000000000002 20.680000000000003 19.225000000000005
decision_type=2 2 2 2 2 2 2 2 2 2 2 2 2 2 2
left_child=1 4 -3 -4 5 -1 7 12 11 -9 14 13 -7 -6 -11
right_child=-2 2 3 -5 8 6 -8 9 -10 10 -12 -13 -14 -15 -16
leaf_value=-0.13894586951782306 0.08413658053096798 -0.046277965636303028 0.17042779741079914 -0.01641432172195478 0.040063854632899167 0.014311510821183523 -0.11047704716488212 -0.058873151051434314 0.08314201510511339 -0.064544510617852213 0.050964169607808196 -0.059992669411336214 0.097060665860772138 -0.034423071429842994 -0.00065625602448428127
leaf_weight=30 36 21 23 22 32 24 22 37 20 20 24 21 20 21 27
leaf_count=30 36 21 23 22 32 24 22 37 20 20 24 21 20 21 27
internal_value=-5.3391e-10 -0.0083212 0.0391953 0.0790828 -0.018845 -0.0322449 -0.0138482 0.000137592 0.0102357 -0.0209609 -0.00120379 -0.00946875 0.0519248 0.0105502 -0.0278427
internal_weight=400 364 66 45 298 204 174 152 94 108 71 74 44 53 47
internal_count=400 364 66 45 298 204 174 152 94 108 71 74 44 53 47
is_linear=0
shrinkage=0.1


Tree=53
num_leaves=16
num_cat=0
split_feature=5 3 1 0 3 0 3 4 5 0 2 0 2 4 0
split_gain=27.6033 91.9162 14.6711 10.2222 12.0752 13.1466 11.7077 8.94175 8.00676 22.3979 6.3243 5.08007 4.20973 2.65802 2.48993
threshold=34.500000000000007 3.5000000000000004 1.5000000000000002 45.740000000000002 5.5000000000000009 40.900000000000013 4.5000000000000009 1.0000000180025095e-35 57.500000000000007 23.085000000000004 11.500000000000002 19.685000000000006 14.500000000000002 3.5000000000000004 10.415000000000001
decision_type=2 2 2 2 2 2 2 2 2 2 2 2 2 2 2
left_child=1 -1 -2 4 5 6 7 -4 9 12 -6 14 -9 -13 -10
right_child=2 -3 3 -5 10 -7 -8 8 11 -11 -12 13 -14 -15 -16
leaf_value=0.22463016949948811 -0.072527187491527229 -0.071240062869730447 -0.06510475522095692 0.054113159148857518 -0.019431916810572148 -0.07795891800895334 0.056541356580475204 0.0085124307870864859 -0.01460611798800528 0.084451902159363837 -0.098957400918006908 -0.055666830943476769 -0.05146598067473282 -0.0095891563753996573 0.035293095000088218
leaf_weight=21 33 21 21 29 20 20 39 25 20 37 20 31 22 21 20
leaf_count=21 33 21 21 29 20 20 39 25 20 37 20 31 22 21 20
internal_value=1.78523e-10 0.0766951 -0.00899774 -0.00254706 -0.00809823 -0.000114415 0.00648258 -0.00342754 0.00393168 0.0262533 -0.0591947 -0.016449 -0.0195626 -0.0370585 0.0103435
internal_weight=400 42 358 325 296 256 236 197 176 84 40 92 47 52 40
internal_count=400 42 358 325 296 256 236 197 176 84 40 92 47 52 40
is_linear=0
shrinkage=0.1


Tree=54
num_leaves=16
num_cat=0
split_feature=0 5 3 1 0 0 3 5 0 2 0 5 5 3 5
split_gain=24.4838 106.353 18.9765 25.9822 32.2979 21.0532 12.8263 37.7375 32.9741 6.32071 4.59999 8.48308 3.98588 4.96447 1.34634
threshold=42.605000000000011 56.500000000000007 5.5000000000000009 17.500000000000004 23.365000000000006 39.295000000000009 2.5000000000000004 37.500000000000007 33.25500000000001 11.500000000000002 18.565000000000001 58.500000000000007 65.500000000000014 4.5000000000000009 53.500000000000007
decision_type=2 2 2 2 2 2 2 2 2 2 2 2 2 2 2
left_child=2 -2 3 5 -5 6 8 -8 10 -4 -1 -12 13 14 -9
right_child=1 -3 9 4 -6 -7 7 12 -10 -11 11 -13 -14 -15 -16
leaf_value=-0.0342880322258114 0.23854932479915167 -0.049326199925307075 -0.033688226973880894 -0.01134356579122444 0.13941504745571703 -0.11322350587695838 -0.14677679613232614 -0.053299322453412151 0.13495916903018954 -0.10866281058300625 0.052703393623232841 -0.032438686760989106 0.025820830113747542 0.023305978342181163 -0.017900394504180267
leaf_weight=37 21 33 23 30 27 20 22 22 20 22 25 22 34 21 21
leaf_count=37 21 33 23 30 27 20 22 22 20 22 25 22 34 21 21
internal_value=3.89293e-10 0.0626254 -0.0097739 -0.000718804 0.0600684 -0.0149191 -0.00614192 -0.0284187 0.0195621 -0.0703425 -0.00791337 0.0128497 -0.00184857 -0.0165479 -0.0360115
internal_weight=400 54 346 301 57 244 224 120 104 45 84 47 98 64 43
internal_count=400 54 346 301 57 244 224 120 104 45 84 47 98 64 43
is_linear=0
shrinkage=0.1


Tree=55
num_leaves=16
num_cat=0
split_feature=4 0 5 3 5 0 5 3 2 5 5 1 0 0 1
split_gain=24.3939 82.376 23.5339 30.6784 58.3589 34.8794 47.1843 13.7203 12.3453 11.4472 13.5374 6.27276 5.21606 4.11562 3.1478
threshold=3.5000000000000004 37.455000000000005 75.500000000000014 2.5000000000000004 36.500000000000007 19.225000000000005 43.500000000000007 3.5000000000000004 8.5000000000000018 54.500000000000007 65.500000000000014 13.500000000000002 29.090000000000007 17.175000000000004 12.500000000000002
decision_type=2 2 2 2 2 2 2 2 2 2 2 2 2 2 2
left_child=2 12 3 5 -5 -1 -7 -6 -8 11 -11 -9 13 14 -2
right_child=1 -3 -4 4 7 6 8 9 -10 10 -12 -13 -14 -15 -16
leaf_value=-0.056692364094778895 0.013553512290120126 0.20764227791324907 -0.10177273411175301 -0.16915736662016975 -0.074871101716290342 0.19807978819700933 -0.036239661784334617 0.010742046348750593 0.061071294487919661 -0.063251719574133558 0.041432848430815197 0.088994247084926995 -0.047785872519016268 0.035081980004906657 -0.038963832927956465
leaf_weight=30 25 23 29 27 23 21 22 20 32 30 21 21 20 35 21
leaf_count=30 25 23 29 27 23 21 22 20 32 30 21 21 20 35 21
internal_value=-3.26661e-10 0.0368429 -0.0165526 -0.00654701 -0.0368523 0.0344373 0.0708891 -0.00578937 0.0214261 0.0114811 -0.0201463 0.0508224 -0.00205199 0.00924033 -0.0104218
internal_weight=400 124 276 247 142 105 75 115 54 92 51 41 101 81 46
internal_count=400 124 276 247 142 105 75 115 54 92 51 41 101 81 46
is_linear=0
shrinkage=0.1


Tree=56
num_leaves=16
num_cat=0
split_feature=5 0 1 2 2 2 2 1 0 0 2 0 2 5 5
split_gain=26.2913 75.2386 11.5971 7.46236 18.3722 14.2171 50.9338 18.8496 16.5976 7.37324 19.6436 6.37911 3.4065 6.6843 2.76378
threshold=34.500000000000007 25.620000000000001 1.5000000000000002 19.500000000000004 16.500000000000004 10.500000000000002 7.5000000000000009 10.500000000000002 30.590000000000007 29.090000000000007 4.5000000000000009 18.565000000000001 21.500000000000004 60.500000000000007 59.500000000000007
decision_type=2 2 2 2 2 2 2 2 2 2 2 2 2 2 2
left_child=1 -1 -2 4 5 6 9 -8 14 11 -11 -4 -5 -14 -7
right_child=2 -3 3 12 -6 8 7 -9 -10 10 -12 -13 13 -15 -16
leaf_value=-0.052764028344642035 -0.065264454258210744 0.21522594571113585 -0.02600551943985685 -0.063273479603230959 0.075485976994968951 0.02133505519317544 0.036884210631251337 0.1693380498073318 -0.098088929851849874 -0.0015427153557538986 -0.1260125605832963 0.04643294032895938 0.023567206248463618 -0.057211205167695879 -0.02544854195522411
leaf_weight=22 33 20 31 24 32 23 21 22 30 32 21 20 21 20 28
leaf_count=22 33 20 31 24 32 23 21 22 30 32 21 20 21 20 28
internal_value=9.95351e-11 0.0748502 -0.00878131 -0.0030461 0.00453036 -0.00542833 0.0131079 0.104651 -0.0390682 -0.0247418 -0.050861 0.00240172 -0.0333519 -0.0158369 -0.00435006
internal_weight=400 42 358 325 260 228 147 43 81 104 53 51 65 41 51
internal_count=400 42 358 325 260 228 147 43 81 104 53 51 65 41 51
is_linear=0
shrinkage=0.1


Tree=57
num_leaves=16
num_cat=0
split_feature=5 5 0 5 2 0 2 0 1 2 0 0 0 0 3
split_gain=21.8954 8.53324 7.07304 7.95373 26.7746 25.7239 11.111 11.9107 13.3723 8.47322 6.45819 5.31791 2.306 6.93902 1.3042
threshold=33.500000000000007 78.500000000000014 46.105000000000011 47.500000000000007 10.500000000000002 26.775000000000002 7.5000000000000009 28.295000000000005 10.500000000000002 4.5000000000000009 30.210000000000004 26.045000000000005 16.060000000000006 21.120000000000001 3.5000000000000004
decision_type=2 2 2 2 2 2 2 2 2 2 2 2 2 2 2
left_child=-1 2 3 4 10 -6 9 12 -9 11 -2 -5 14 -14 -8
right_child=1 -3 -4 6 5 -7 7 8 -10 -11 -12 -13 13 -15 -16
leaf_value=0.076762267267879325 0.062978714234803043 -0.066096647990786503 0.048038331329822548 -0.032047158406804437 -0.023253173063593834 -0.16483222022652627 -0.0017943826145850696 0.0065211417882338821 0.11322571126123269 -0.067838046858988463 -0.011960029278112495 0.03845878390595317 0.055014315960199935 -0.019115192280150951 -0.035760789047926671
leaf_weight=34 23 23 25 23 33 21 26 23 24 31 23 20 23 28 20
leaf_count=34 23 23 25 23 33 21 26 23 24 31 23 20 23 28 20
internal_value=-1.18627e-10 -0.00713092 -0.00317695 -0.00720331 -0.030554 -0.0783117 0.00350802 0.0196919 0.0610086 -0.027985 0.0255093 0.000746303 -0.000327483 0.0143158 -0.0165624
internal_weight=400 366 343 318 100 54 218 144 47 74 46 43 97 51 46
internal_count=400 366 343 318 100 54 218 144 47 74 46 43 97 51 46
is_linear=0
shrinkage=0.1


Tree=58
num_leaves=17
num_cat=0
split_feature=4 5 5 5 1 5 0 2 5 2 1 5 5 1 0 0
split_gain=19.0173 68.9597 18.9414 22.5273 9.72005 22.7878 13.5692 9.24859 8.75809 5.94599 9.14142 7.99511 4.79594 13.2924 2.16197 0.640096
threshold=3.5000000000000004 38.500000000000007 35.500000000000007 75.500000000000014 6.5000000000000009 46.500000000000007 27.905000000000005 8.5000000000000018 32.500000000000007 7.5000000000000009 13.500000000000002 56.500000000000007 71.500000000000014 8.5000000000000018 21.850000000000005 24.135000000000005
decision_type=2 2 2 2 2 2 2 2 2 2 2 2 2 2 2 2
left_child=2 -2 8 4 7 6 -6 -4 -1 10 -7 -11 13 -3 -15 -13
right_child=1 12 3 -5 5 9 -8 -9 -10 11 -12 15 -14 14 -16 -17
leaf_value=-0.031455025374889374 0.19310442715544593 0.033517264010328236 0.018154361426830294 -0.08637386005500268 0.022971084667369725 0.013915386684238912 0.13169831341753405 -0.063022108480799949 -0.12503966592252255 0.066694492604583502 -0.080550302707013632 0.0026521423388095131 0.035951725602149966 -0.026158685884438454 -0.070676192835283785 -0.021756055815653368
leaf_weight=20 22 33 25 29 22 20 24 32 20 20 21 21 25 20 24 22
leaf_count=20 22 33 25 29 22 20 24 32 20 20 21 21 25 20 24 22
internal_value=1.89058e-10 0.0325303 -0.0146151 -0.00382993 0.00773419 0.0210922 0.0796983 -0.0274184 -0.0782473 -0.00482978 -0.0344695 0.0144595 -0.00210333 -0.0144589 -0.050441 -0.00983577
internal_weight=400 124 276 236 207 150 46 57 40 104 41 63 102 77 44 43
internal_count=400 124 276 236 207 150 46 57 40 104 41 63 102 77 44 43
is_linear=0
shrinkage=0.1


Tree=59
num_leaves=16
num_cat=0
split_feature=5 0 1 2 2 5 2 2 2 4 0 2 0 3 5
split_gain=17.3254 60.8045 9.87056 6.06634 15.1804 21.5143 17.4567 21.0164 26.0285 18.331 6.03794 13.5045 4.78837 2.77077 1.99233
threshold=34.500000000000007 25.620000000000001 1.5000000000000002 19.500000000000004 15.500000000000002 55.500000000000007 12.500000000000002 7.5000000000000009 9.5000000000000018 2.5000000000000004 29.090000000000007 4.5000000000000009 18.565000000000001 3.5000000000000004 59.500000000000007
decision_type=2 2 2 2 2 2 2 2 2 2 2 2 2 2 2
left_child=1 -1 -2 4 6 -6 7 10 -9 -8 12 -12 -4 -5 -10
right_child=2 -3 3 13 5 -7 9 8 14 -11 11 -13 -14 -15 -16
leaf_value=-0.053960513188080352 -0.059237621924981027 0.18695583079010247 -0.020743656551255096 -0.048876283104233587 0.12549982686405597 -0.011277570121962092 -0.13013151032584055 0.12480683022710895 -0.021783018821761722 0.0036390509456396105 -0.003439121274277568 -0.10664216678234793 0.042016392825171354 -0.0075395244444089564 0.022317950371652844
leaf_weight=22 33 20 31 34 23 23 21 28 21 20 32 21 20 31 20
leaf_count=22 33 20 31 34 23 23 21 28 21 20 32 21 20 31 20
internal_value=2.61753e-10 0.0607616 -0.00712845 -0.00183737 0.00499375 0.0571111 -0.00620905 0.00769505 0.0504856 -0.0648776 -0.0206948 -0.0443309 0.00386813 -0.0291618 -0.000270351
internal_weight=400 42 358 325 260 46 214 173 69 41 104 53 51 65 41
internal_count=400 42 358 325 260 46 214 173 69 41 104 53 51 65 41
is_linear=0
shrinkage=0.1


Tree=60
num_leaves=15
num_cat=0
split_feature=0 5 3 1 0 0 1 2 2 2 3 2 5 5
split_gain=16.1453 67.9246 13.9994 19.6678 23.1289 21.9527 12.6601 4.82392 4.50658 4.25609 6.36727 12.591 12.4045 4.14048
threshold=42.605000000000011 56.500000000000007 5.5000000000000009 17.500000000000004 19.505000000000006 39.295000000000009 15.500000000000002 11.500000000000002 20.500000000000004 16.500000000000004 2.5000000000000004 11.500000000000002 53.500000000000007 56.500000000000007
decision_type=2 2 2 2 2 2 2 2 2 2 2 2 2 2
left_child=2 -2 3 5 -5 6 8 -4 9 10 12 13 -1 -12
right_child=1 -3 7 4 -6 -7 -8 -9 -10 -11 11 -13 -14 -15
leaf_value=0.076910912538213402 0.19144809675358593 -0.038613268755602115 -0.027938339276158294 -0.021966955240350219 0.10705165411486771 -0.11289666118100286 -0.069157143288220355 -0.09343676282600924 -0.030638058527062334 0.045575917772948747 -0.015869224861264228 -0.077684555830352983 -0.010329001936583947 0.04292194831144551
leaf_weight=28 21 33 23 24 33 20 26 22 30 30 25 23 39 23
leaf_count=28 21 33 23 24 33 20 26 22 30 30 25 23 39 23
internal_value=-1.33179e-10 0.050855 -0.00793691 -0.000159407 0.052728 -0.0125143 -0.00355154 -0.0599598 0.00506333 0.0114386 0.00401742 -0.0168489 0.0261295 0.0123015
internal_weight=400 54 346 301 57 244 224 45 198 168 138 71 67 48
internal_count=400 54 346 301 57 244 224 45 198 168 138 71 67 48
is_linear=0
shrinkage=0.1


Tree=61
num_leaves=16
num_cat=0
split_feature=4 0 5 5 1 5 0 5 0 2 5 1 0 5 1
split_gain=14.4164 55.7429 18.0686 18.5037 7.90478 20.3437 18.5322 18.0425 14.3645 11.0503 7.03639 5.67717 3.27258 4.66538 3.69824
threshold=3.5000000000000004 37.455000000000005 35.500000000000007 73.500000000000014 10.500000000000002 65.500000000000014 34.755000000000003 46.500000000000007 21.120000000000001 7.5000000000000009 32.500000000000007 15.500000000000002 20.680000000000003 53.500000000000007 12.500000000000002
decision_type=2 2 2 2 2 2 2 2 2 2 2 2 2 2 2
left_child=2 12 10 4 5 6 8 -6 -4 -9 -1 -11 14 -14 -2
right_child=1 -3 3 -5 7 -7 -8 9 -10 11 -12 -13 13 -15 -16
leaf_value=-0.032932305932044985 0.034719192110242152 0.168824688701526 -0.04721624471433461 -0.065123567271691107 0.093367396727685015 0.077050399496441796 -0.097009153253045585 -0.048386911289007579 0.063576963442293077 0.070376844296143173 -0.116815485060215 -0.0031542985921814331 0.01224658578634262 -0.052551898509263999 -0.017209901136811822
leaf_weight=20 32 23 25 39 31 21 29 27 22 21 20 21 20 25 24
leaf_count=20 32 23 25 39 31 21 29 27 22 21 20 21 20 25 24
internal_value=-3.83923e-10 0.0283232 -0.0127249 -0.0021912 0.0102675 -0.0100713 -0.0341445 0.0299962 0.00464441 0.00152503 -0.0748739 0.0336113 -0.00367217 -0.0237526 0.0124639
internal_weight=400 124 276 236 197 97 76 100 47 69 40 42 101 45 56
internal_count=400 124 276 236 197 97 76 100 47 69 40 42 101 45 56
is_linear=0
shrinkage=0.1


Tree=62
num_leaves=16
num_cat=0
split_feature=5 3 1 2 2 0 0 2 0 5 0 2 5 5 5
split_gain=14.6415 55.321 8.79517 4.8736 30.4035 14.3006 13.339 17.2124 4.69761 12.1072 4.36382 3.99661 3.34392 3.98162 4.92634
threshold=34.500000000000007 3.5000000000000004 1.5000000000000002 10.500000000000002 7.5000000000000009 28.025000000000002 34.460000000000008 14.500000000000002 29.090000000000007 62.500000000000007 28.295000000000005 3.5000000000000004 51.500000000000007 58.500000000000007 70.500000000000014
decision_type=2 2 2 2 2 2 2 2 2 2 2 2 2 2 2
left_child=1 -1 -2 4 8 -6 10 -8 11 -10 12 -4 -5 -14 -15
right_child=2 -3 3 6 5 -7 7 -9 9 -11 -12 -13 13 14 -16
leaf_value=0.1706252885716302 -0.055741790140216997 -0.058910579660109111 -0.025352314401728412 -0.029387908721608777 0.020800455119460822 0.13642039311968762 -0.12563822264561342 -0.0049262662728627527 -0.075383055797128964 0.02321956180036068 0.046914996616542338 0.030732243204558335 0.044993170244353162 -0.033338307750721774 0.027446170244365933
leaf_weight=21 33 21 24 35 20 23 21 27 33 20 20 27 21 30 24
leaf_count=21 33 21 24 35 20 23 21 27 33 20 20 27 21 30 24
internal_value=1.57161e-10 0.0558574 -0.0065531 -0.00155855 0.0119166 0.0826437 -0.0126869 -0.0577377 -0.0173263 -0.0381745 0.00394722 0.00433951 -0.0038651 0.00804554 -0.00632298
internal_weight=400 42 358 325 147 43 178 48 104 53 130 51 110 75 54
internal_count=400 42 358 325 147 43 178 48 104 53 130 51 110 75 54
is_linear=0
shrinkage=0.1


Tree=63
num_leaves=16
num_cat=0
split_feature=0 5 2 2 1 5 1 2 1 5 0 2 0 4 2
split_gain=13.1102 54.9817 10.7954 51.3816 30.9212 26.3392 30.2191 18.4375 15.9047 6.96875 5.40638 4.89624 3.63763 2.16779 1.52346
threshold=42.605000000000011 56.500000000000007 10.500000000000002 7.5000000000000009 7.5000000000000009 47.500000000000007 9.5000000000000018 16.500000000000004 16.500000000000004 54.500000000000007 20.680000000000003 4.5000000000000009 14.285000000000002 2.5000000000000004 15.500000000000002
decision_type=2 2 2 2 2 2 2 2 2 2 2 2 2 2 2
left_child=2 -2 3 8 -5 6 -4 -8 11 -7 12 13 -11 -1 -12
right_child=1 -3 5 4 -6 9 7 -9 -10 10 14 -13 -14 -15 -16
leaf_value=0.033689085573985665 0.17231743115754355 -0.034667861890612231 -0.17643369506113232 0.005474057146126316 0.1659970643264907 0.055962993831119759 -0.10040380209684373 0.024530144773975568 -0.092293651595159815 -0.0061937979046976371 -0.015032198678024793 -0.032014630563758521 0.048507588058710104 -0.0084984811643759421 -0.053166336342692383
leaf_weight=29 21 33 20 21 28 22 21 27 27 31 22 37 20 21 20
leaf_count=29 21 33 20 21 28 22 21 27 27 31 22 37 20 21 20
internal_value=5.66943e-11 0.0458264 -0.0071521 0.0115639 0.0972015 -0.0238227 -0.0731594 -0.0301285 -0.0252452 0.00535039 -0.00662248 -0.00443708 0.0152577 0.0159703 -0.0331913
internal_weight=400 54 346 163 49 183 68 48 114 115 93 87 51 50 42
internal_count=400 54 346 163 49 183 68 48 114 115 93 87 51 50 42
is_linear=0
shrinkage=0.1


Tree=64
num_leaves=18
num_cat=0
split_feature=1 0 2 2 0 0 5 0 3 0 5 1 5 5 2 0 0
split_gain=12.7651 71.4288 27.5013 29.7883 9.53979 30.0833 17.2676 6.9804 5.17603 16.9709 12.8898 10.5624 5.05689 10.4812 4.59348 1.79003 4.69709
threshold=16.500000000000004 34.755000000000003 6.5000000000000009 14.500000000000002 39.295000000000009 42.605000000000011 60.500000000000007 4.0750000000000002 2.5000000000000004 33.25500000000001 37.500000000000007 13.500000000000002 51.500000000000007 60.500000000000007 14.500000000000002 20.905000000000005 15.725000000000001
decision_type=2 2 2 2 2 2 2 2 2 2 2 2 2 2 2 2 2
left_child=4 2 -2 -4 7 -6 -7 -1 9 15 -10 12 -12 -14 -15 16 -9
right_child=1 -3 3 -5 5 6 -8 8 10 -11 11 -13 13 14 -16 -17 -18
leaf_value=-0.055742920828717096 -0.11013707537758387 0.19984684761613608 0.11693467315995978 -0.039451794454763683 -0.14578373476862908 0.067838829330035627 -0.056328232058634367 0.018632451241666622 -0.078152622079307399 0.10414369344711304 0.065084183067083357 -0.059635947938077152 -0.045156516499506937 0.0068555859767872361 0.072383451868008708 0.018140927341300996 -0.048327104505151514
leaf_weight=21 21 20 21 29 20 21 24 22 22 20 20 20 24 23 20 32 20
leaf_count=21 21 20 21 29 20 21 24 22 22 20 20 20 24 23 20 32 20
internal_value=-5.07342e-10 0.0329185 -0.0141036 0.0262305 -0.00969445 -0.0437375 0.0016164 -0.000625606 0.00456481 0.0224123 -0.00844032 0.00589305 0.0209572 0.00778494 0.0373337 0.000322723 -0.0132531
internal_weight=400 91 71 50 309 65 45 244 223 94 129 107 87 67 43 74 42
internal_count=400 91 71 50 309 65 45 244 223 94 129 107 87 67 43 74 42
is_linear=0
shrinkage=0.1


Tree=65
num_leaves=17
num_cat=0
split_feature=5 0 1 2 2 5 2 4 2 0 3 0 5 5 0 5
split_gain=13.1479 40.9428 6.38156 4.80052 10.39 15.4669 11.0977 12.3212 8.04544 16.3067 8.11439 4.86229 11.9852 4.08223 3.07685 4.64617
threshold=34.500000000000007 25.620000000000001 1.5000000000000002 19.500000000000004 15.500000000000002 55.500000000000007 12.500000000000002 2.5000000000000004 7.5000000000000009 34.460000000000008 3.5000000000000004 29.090000000000007 62.500000000000007 53.500000000000007 26.045000000000005 61.500000000000007
decision_type=2 2 2 2 2 2 2 2 2 2 2 2 2 2 2 2
left_child=1 -1 -2 4 6 -6 8 -8 11 10 -10 13 -13 -4 15 -5
right_child=2 -3 3 14 5 -7 7 -9 9 -11 -12 12 -14 -15 -16 -17
leaf_value=-0.041206928207115696 -0.048109147675109633 0.15648418724536897 0.045639314949512483 -0.043143592909909788 0.10522430163362753 -0.010747703229603561 -0.10542303158768587 0.0042482877522706988 -0.045827856795354324 0.10116487271759822 0.038251577558306354 -0.069857195200342129 0.028247104585170747 -0.012308619872126128 -0.05378304407000542 0.02501919507980347
leaf_weight=22 33 20 20 20 23 23 21 20 22 23 24 33 20 31 25 20
leaf_count=22 33 20 20 20 23 23 21 20 22 23 24 33 20 31 25 20
internal_value=1.62923e-10 0.0529317 -0.00620986 -0.00195548 0.00412129 0.0472383 -0.00514686 -0.0519248 0.00593925 0.0324147 -0.00196033 -0.0116262 -0.0328367 0.0104161 -0.0262625 -0.0090622
internal_weight=400 42 358 325 260 46 214 41 173 69 46 104 53 51 65 40
internal_count=400 42 358 325 260 46 214 41 173 69 46 104 53 51 65 40
is_linear=0
shrinkage=0.1


Tree=66
num_leaves=17
num_cat=0
split_feature=5 3 5 5 1 0 0 1 5 3 0 0 3 4 0 5
split_gain=10.6498 40.1472 5.23994 4.15774 26.2725 50.1048 5.89271 8.00152 11.024 9.11885 11.1556 5.60015 5.23617 3.22478 2.88376 0.729257
threshold=34.500000000000007 3.5000000000000004 78.500000000000014 44.500000000000007 15.500000000000002 31.375000000000004 4.1900000000000004 14.500000000000002 56.500000000000007 1.0000000180025095e-35 28.505000000000003 29.090000000000007 2.5000000000000004 1.5000000000000002 20.680000000000003 57.500000000000007
decision_type=2 2 2 2 2 2 2 2 2 2 2 2 2 2 2 2
left_child=1 -1 3 4 5 -2 -5 9 -9 -8 13 -10 -12 -11 -15 -14
right_child=2 -3 -4 6 -6 -7 7 8 11 10 12 -13 15 14 -16 -17
leaf_value=0.1454079729105745 0.029598763585090639 -0.050130909991761056 -0.05176101696232091 -0.04607207044027746 0.062195521173998715 -0.17302338280107665 -0.036640236645936963 0.034236527558254161 -0.01788249783541845 0.034655226424336431 0.099410547790202239 -0.09023523781448603 0.053394410312175761 0.008848622139241244 -0.036870034301484174 0.027285082184750106
leaf_weight=21 26 21 23 22 24 23 25 23 23 25 22 20 20 37 22 23
leaf_count=21 26 21 23 22 24 23 25 23 23 25 22 20 20 37 22 23
internal_value=5.65778e-11 0.0476385 -0.00558888 -0.00241885 -0.0235243 -0.0655096 0.00346169 0.00800228 -0.0216449 0.0192478 0.0286249 -0.0515349 0.0597304 0.00455523 -0.00819901 0.039429
internal_weight=400 42 358 335 73 49 262 240 66 174 149 43 65 84 59 43
internal_count=400 42 358 335 73 49 262 240 66 174 149 43 65 84 59 43
is_linear=0
shrinkage=0.1


Tree=67
num_leaves=16
num_cat=0
split_feature=4 5 5 5 1 5 5 0 0 0 5 5 4 1 1
split_gain=9.80151 43.6094 17.9183 15.0012 6.50252 14.1545 9.48904 14.4505 10.8712 5.92548 5.14653 3.61199 2.63589 2.16865 0.143011
threshold=3.5000000000000004 38.500000000000007 35.500000000000007 76.500000000000014 10.500000000000002 46.500000000000007 65.500000000000014 34.755000000000003 21.120000000000001 38.115000000000009 32.500000000000007 54.500000000000007 4.5000000000000009 16.500000000000004 10.500000000000002
decision_type=2 2 2 2 2 2 2 2 2 2 2 2 2 2 2
left_child=2 -2 10 4 6 -6 7 8 -4 13 -1 -3 -13 -7 -14
right_child=1 11 3 -5 5 9 -8 -9 -10 -11 -12 12 14 -15 -16
leaf_value=-0.036512523069977758 0.15104721151292325 -0.033340448749562109 -0.038021899949759248 -0.071654908301738596 0.083081719776495339 0.040780920016446287 0.04185697403219011 -0.082669313868571973 0.05836257209832018 -0.038196463820834956 -0.10825184144079686 -0.01343285869807005 0.019093501986935737 -0.00018393639475107194 0.031052218955010175
leaf_weight=20 22 30 25 26 31 28 27 29 22 24 20 32 20 24 20
leaf_count=20 22 30 25 26 31 28 27 29 22 24 20 32 20 24 20
internal_value=-5.57629e-11 0.0233539 -0.0104923 -2.54603e-06 0.0088687 0.0261334 -0.00906643 -0.0271576 0.00709424 0.00290442 -0.0723822 -0.00418775 0.00795921 0.0218741 0.0250729
internal_weight=400 124 276 236 210 107 103 76 47 76 40 102 72 52 40
internal_count=400 124 276 236 210 107 103 76 47 76 40 102 72 52 40
is_linear=0
shrinkage=0.1


Tree=68
num_leaves=15
num_cat=0
split_feature=0 5 2 2 0 5 2 1 5 2 0 4 4 2
split_gain=10.74 40.656 9.9717 35.3144 24.5714 24.4309 23.8401 12.2832 4.87147 4.45539 4.11867 2.80998 1.86381 1.21074
threshold=42.605000000000011 56.500000000000007 10.500000000000002 7.5000000000000009 22.180000000000003 47.500000000000007 16.500000000000004 16.500000000000004 54.500000000000007 4.5000000000000009 20.680000000000003 3.5000000000000004 2.5000000000000004 15.500000000000002
decision_type=2 2 2 2 2 2 2 2 2 2 2 2 2 2
left_child=2 -2 3 7 -5 6 -4 9 -7 12 11 -10 -1 -12
right_child=1 -3 5 4 -6 8 -8 -9 10 -11 13 -13 -14 -15
leaf_value=0.035181307227447119 0.15024844847974325 -0.027740367369331193 -0.13665051385760307 -0.0027599746920168402 0.14131838987613549 0.047917701210826641 -0.017401234864404327 -0.077924048755731848 -0.0041657062788163458 -0.027022057540110639 -0.011410717700015414 0.043911722861230379 -0.0039367672322051864 -0.045406416021287449
leaf_weight=29 21 33 30 20 29 22 38 27 31 37 22 20 21 20
leaf_count=29 21 33 30 20 29 22 38 27 31 37 22 20 21 20
internal_value=-3.49246e-12 0.0414775 -0.00647337 0.0115144 0.0825109 -0.0224953 -0.0700112 -0.0190016 0.00560107 -0.000715291 -0.00440932 0.0146882 0.0187517 -0.0275991
internal_weight=400 54 346 163 49 183 68 114 115 87 93 51 50 42
internal_count=400 54 346 163 49 183 68 114 115 87 93 51 50 42
is_linear=0
shrinkage=0.1


Tree=69
num_leaves=17
num_cat=0
split_feature=1 0 2 4 2 0 0 3 0 3 5 5 1 1 5 2
split_gain=10.2592 52.9742 19.8767 16.619 9.01159 20.5068 30.4019 6.25636 5.75207 5.05867 12.3355 12.0296 4.83933 4.63377 3.39756 6.50887
threshold=16.500000000000004 34.755000000000003 7.5000000000000009 2.5000000000000004 4.5000000000000009 40.900000000000013 46.105000000000011 1.5000000000000002 32.660000000000004 1.5000000000000002 50.500000000000007 42.500000000000007 3.5000000000000004 8.5000000000000018 54.500000000000007 16.500000000000004
decision_type=2 2 2 2 2 2 2 2 2 2 2 2 2 2 2 2
left_child=4 2 -2 -4 7 9 -7 -1 -9 10 -6 13 -13 -11 -14 -16
right_child=1 -3 3 -5 5 6 -8 8 -10 11 -12 12 14 -15 15 -17
leaf_value=-0.019568471275269988 -0.082754907994531099 0.17326705586165192 0.085570640210062276 -0.034756793183359232 0.084056983552873138 -0.16985303786350414 0.0045084415376186373 0.011010503955185415 0.086852874606847763 -0.027098807905401503 -0.017331172153353693 -0.033337338854159626 0.043177637442360202 -0.094355329051613812 -0.026326950244967725 0.039334555801290735
leaf_weight=20 25 20 24 22 20 20 20 20 20 21 30 28 28 20 36 26
leaf_count=20 25 20 24 22 20 20 20 20 20 21 30 28 28 20 36 26
internal_value=2.83726e-10 0.0295111 -0.0109835 0.0280227 -0.00869098 -0.0170739 -0.0826723 0.0260983 0.0489317 -0.00451924 0.0232241 -0.0132436 0.00296997 -0.0599069 0.0142656 0.00120852
internal_weight=400 91 71 46 309 249 40 60 40 209 50 159 118 41 90 62
internal_count=400 91 71 46 309 249 40 60 40 209 50 159 118 41 90 62
is_linear=0
shrinkage=0.1


Tree=70
num_leaves=14
num_cat=0
split_feature=0 5 2 2 0 1 2 5 2 1 3 2 4
split_gain=9.28569 33.2297 8.8173 28.0256 20.8993 19.31 8.02124 18.7138 9.40257 7.97005 3.06027 4.28322 2.75505
threshold=42.605000000000011 56.500000000000007 10.500000000000002 7.5000000000000009 31.605000000000004 7.5000000000000009 19.500000000000004 47.500000000000007 16.500000000000004 16.500000000000004 1.5000000000000002 4.5000000000000009 2.5000000000000004
decision_type=2 2 2 2 2 2 2 2 2 2 2 2 2
left_child=2 -2 3 9 6 -5 8 -8 12 10 -1 -12 -4
right_child=1 -3 4 5 -6 -7 7 -9 -10 -11 11 -13 -14
leaf_value=-0.032845342774753983 0.13690340107395535 -0.024010375164674993 0.018154232514401278 0.0016547649256175474 -0.089373619502617255 0.12850762028247117 -0.11177213519811631 0.010133335520239439 0.059516205204029886 -0.063752612002469886 0.03249882401691543 -0.019650069890277729 -0.024908020660185663
leaf_weight=23 21 33 24 21 36 28 20 34 30 27 36 28 39
leaf_count=23 21 33 24 21 36 28 20 34 30 27 36 28 39
internal_value=2.6403e-10 0.0385672 -0.00601916 0.0108954 -0.0210852 0.0741421 -0.00436146 -0.0350168 0.0134384 -0.0162895 -0.00155962 0.00968368 -0.00850335
internal_weight=400 54 346 163 183 49 147 54 93 114 87 64 63
internal_count=400 54 346 163 183 49 147 54 93 114 87 64 63
is_linear=0
shrinkage=0.1


Tree=71
num_leaves=16
num_cat=0
split_feature=1 0 2 2 0 5 0 1 5 3 3 2 2 5 1
split_gain=9.12543 42.1071 14.3078 25.2587 7.47842 15.0222 4.41006 3.99313 4.56009 16.2508 6.47188 4.65212 2.56057 4.38015 3.24927
threshold=16.500000000000004 34.755000000000003 6.5000000000000009 14.500000000000002 40.900000000000013 50.500000000000007 18.565000000000001 1.5000000000000002 49.500000000000007 2.5000000000000004 1.5000000000000002 14.500000000000002 19.500000000000004 52.500000000000007 10.500000000000002
decision_type=2 2 2 2 2 2 2 2 2 2 2 2 2 2 2
left_child=4 2 -2 -4 6 -6 12 -8 9 -9 -10 -12 13 -1 -15
right_child=1 -3 3 -5 5 -7 7 8 10 -11 11 -13 -14 14 -16
leaf_value=0.025802588485646996 -0.077538330782027487 0.15599822878837588 0.10434606169306099 -0.039660391853801137 -0.1107647430896759 -0.0021222288055079328 -0.031185407754743384 0.099178892653435477 -0.040083960486719243 -0.013914026761496509 -0.0018523750348469698 0.056215917860919784 -0.044569946825504303 -0.049509969869485276 0.0041029995493590838
leaf_weight=25 21 20 21 29 20 35 21 24 26 27 37 22 26 26 20
leaf_count=25 21 20 21 29 20 35 21 24 26 27 37 22 26 26 20
internal_value=1.062e-10 0.0278327 -0.00827027 0.0208223 -0.00819668 -0.0416286 -0.000957491 0.00939968 0.0156665 0.0393062 0.0014827 0.0198002 -0.0177212 -0.00788922 -0.0262
internal_weight=400 91 71 50 309 55 254 157 136 51 85 59 97 71 46
internal_count=400 91 71 50 309 55 254 157 136 51 85 59 97 71 46
is_linear=0
shrinkage=0.1


Tree=72
num_leaves=16
num_cat=0
split_feature=3 5 5 5 5 0 3 4 2 2 1 0 0 0 0
split_gain=8.78376 50.7622 15.3509 14.5341 17.5403 11.9038 8.09165 9.15293 6.31507 9.07778 7.57528 4.25895 2.94042 1.52947 1.68799
threshold=2.5000000000000004 37.500000000000007 36.500000000000007 44.500000000000007 72.500000000000014 39.080000000000005 3.5000000000000004 1.0000000180025095e-35 13.500000000000002 7.5000000000000009 13.500000000000002 24.960000000000004 26.370000000000001 20.680000000000003 30.210000000000004
decision_type=2 2 2 2 2 2 2 2 2 2 2 2 2 2 2
left_child=1 -1 -2 -3 5 13 11 -8 9 12 -10 -4 -9 -5 -15
right_child=2 3 6 4 -6 -7 7 8 10 -11 -12 -13 -14 14 -16
leaf_value=0.13775789419124868 -0.071662835696259072 -0.084344622849797213 -0.0088742971420288086 0.02252229380366557 -0.07035444087038438 0.093879912197589885 0.072077304692938923 0.015615902802991598 0.0048534974053099349 0.061740349046885967 -0.066402986943721778 -0.074134946344420319 -0.036698088471201207 -0.026868398450315002 0.014216746878810228
leaf_weight=29 37 21 20 34 24 20 20 22 37 30 25 20 21 20 20
leaf_count=29 37 21 20 34 24 20 20 22 37 30 25 20 21 20 20
internal_value=-4.59841e-11 0.017414 -0.0126102 -0.00769367 0.0059476 0.025429 -0.0014053 0.00894291 -0.000410332 0.0195219 -0.023879 -0.0415046 -0.00993279 0.00692872 -0.00632583
internal_weight=400 168 232 139 118 94 195 155 135 73 62 40 43 74 40
internal_count=400 168 232 139 118 94 195 155 135 73 62 40 43 74 40
is_linear=0
shrinkage=0.1


Tree=73
num_leaves=16
num_cat=0
split_feature=4 5 5 5 1 5 5 0 0 0 5 2 5 0 5
split_gain=9.14068 33.1095 15.1835 11.6455 5.66447 14.5839 8.45304 12.4208 7.39355 6.54096 4.8447 3.72609 5.32334 2.39695 0.838835
threshold=3.5000000000000004 38.500000000000007 35.500000000000007 76.500000000000014 10.500000000000002 46.500000000000007 62.500000000000007 34.755000000000003 21.120000000000001 34.755000000000003 32.500000000000007 6.5000000000000009 54.500000000000007 20.680000000000003 60.500000000000007
decision_type=2 2 2 2 2 2 2 2 2 2 2 2 2 2 2
left_child=2 -2 10 4 6 -6 7 8 -4 14 -1 -3 -13 -14 -7
right_child=1 11 3 -5 5 9 -8 -9 -10 -11 -12 12 13 -15 -16
leaf_value=-0.032301982566714287 0.1338167808272622 0.036091814332065132 -0.03787701380523769 -0.063607659276861406 0.081259478772840191 0.037671095821794801 0.030531264788338116 -0.086003250564914202 0.045077446457885563 -0.03645217202603817 -0.10190588533878327 -0.048462837149138349 0.026948949290506008 -0.014810036233177892 0.010637726308777929
leaf_weight=20 22 21 22 26 31 22 35 25 21 30 20 26 28 27 24
leaf_count=20 22 21 22 26 31 22 35 25 21 30 20 26 28 27 24
internal_value=-2.20345e-10 0.0225529 -0.0101325 -0.000476296 0.00733997 0.0234537 -0.00939956 -0.0299522 0.00263563 -0.000124942 -0.0671039 -0.00144516 -0.011177 0.00644908 0.0235667
internal_weight=400 124 276 236 210 107 103 68 43 76 40 102 81 55 46
internal_count=400 124 276 236 210 107 103 68 43 76 40 102 81 55 46
is_linear=0
shrinkage=0.1


Tree=74
num_leaves=16
num_cat=0
split_feature=5 0 1 1 5 0 3 0 2 5 4 1 5 0 0
split_gain=8.25986 27.662 5.1485 2.58244 8.98784 22.8891 6.38405 4.50327 8.98715 12.5045 1.82475 3.4826 1.62729 0.937247 0.764124
threshold=34.500000000000007 25.620000000000001 1.5000000000000002 18.500000000000004 42.500000000000007 26.775000000000002 1.0000000180025095e-35 27.905000000000005 7.5000000000000009 57.500000000000007 1.5000000000000002 5.5000000000000009 58.500000000000007 38.115000000000009 15.145000000000001
decision_type=2 2 2 2 2 2 2 2 2 2 2 2 2 2 2
left_child=1 -1 -2 4 5 -4 -6 10 -9 -10 -8 -12 -13 -11 -14
right_child=2 -3 3 -5 6 -7 7 8 9 13 11 12 14 -15 -16
leaf_value=-0.035424572161652824 -0.042556236701255495 0.12707038983702659 0.021512521430850029 0.025415350711255363 -0.037549000820427232 -0.12144458371968497 0.014478540434860266 -0.014330875277519226 0.11399266829248518 0.032457888713106516 -0.04804109955206514 0.02343335682700854 -0.025323194712400438 0.0018434018734842538 0.0023196015367284418
leaf_weight=22 33 20 24 33 33 21 39 35 20 20 20 20 20 20 20
leaf_count=22 33 20 24 33 33 21 39 35 20 20 20 20 20 20 20
internal_value=2.56201e-10 0.041954 -0.00492198 -0.00110065 -0.00409732 -0.0452008 0.00339117 0.00970437 0.02594 0.0494313 -0.00325684 -0.0119028 0.000143255 0.0171506 -0.0115018
internal_weight=400 42 358 325 292 45 247 214 95 60 119 80 60 40 40
internal_count=400 42 358 325 292 45 247 214 95 60 119 80 60 40 40
is_linear=0
shrinkage=0.1


Tree=75
num_leaves=14
num_cat=0
split_feature=0 5 3 1 0 3 2 1 2 0 0 3 0
split_gain=8.53569 29.7785 8.09668 10.4851 16.0251 14.8662 6.68511 4.35979 3.42457 5.54794 7.52933 7.47215 2.74308
threshold=42.605000000000011 56.500000000000007 5.5000000000000009 17.500000000000004 39.295000000000009 3.5000000000000004 2.5000000000000004 9.5000000000000018 20.500000000000004 30.920000000000005 22.180000000000003 4.5000000000000009 15.725000000000001
decision_type=2 2 2 2 2 2 2 2 2 2 2 2 2
left_child=2 -2 3 4 6 -5 -1 -4 9 10 11 12 -8
right_child=1 -3 7 5 -6 -7 8 -9 -10 -11 -12 -13 -14
leaf_value=-0.04889272133318278 0.13006663946878344 -0.022262041767438255 -0.013508464497598736 -0.0096897833297650022 -0.09464296832680702 0.092591312458669695 0.0075808767644234762 -0.075776312467844595 -0.023842866368153515 -0.021899167586786627 0.059891806240193551 0.059512537382543085 -0.032639912792171037
leaf_weight=26 21 33 22 30 20 27 39 23 34 39 36 20 30
leaf_count=26 21 33 22 30 20 27 39 23 34 39 36 20 30
internal_value=1.25117e-10 0.0369769 -0.00577096 0.000143819 -0.00887698 0.0387592 -0.0012193 -0.0453343 0.00504085 0.0110289 0.0213025 0.00569334 -0.00990642
internal_weight=400 54 346 301 244 57 224 45 198 164 125 89 69
internal_count=400 54 346 301 244 57 224 45 198 164 125 89 69
is_linear=0
shrinkage=0.1


Tree=76
num_leaves=15
num_cat=0
split_feature=3 5 5 5 5 0 0 3 0 2 2 3 5 0
split_gain=8.16188 40.8693 13.3193 13.3158 14.0598 10.3562 7.02963 6.1449 12.3842 2.89597 6.14466 2.21646 1.35993 0.289609
threshold=2.5000000000000004 37.500000000000007 36.500000000000007 45.500000000000007 72.500000000000014 39.080000000000005 44.970000000000006 3.5000000000000004 36.315000000000005 16.500000000000004 11.500000000000002 4.5000000000000009 61.500000000000007 20.905000000000005
decision_type=2 2 2 2 2 2 2 2 2 2 2 2 2 2
left_child=1 -1 -2 -3 5 12 7 -4 9 10 11 -9 13 -5
right_child=2 3 6 4 -6 -7 -8 8 -10 -11 -12 -13 -14 -15
leaf_value=0.12476852646675603 -0.067161994407305844 -0.073494050259857127 -0.031915920154036333 0.012085662560448761 -0.059688687836751346 0.089915362522006048 -0.056371440756179038 0.031380961754399798 0.081461052110661639 0.023231347344624689 -0.054836845579980455 -0.0095905418417626814 -0.0077302331229050962 0.028899741582572459
leaf_weight=29 37 24 36 21 24 20 21 23 23 39 22 31 30 20
leaf_count=29 37 24 36 21 24 20 21 23 23 39 22 31 30 20
internal_value=-3.84054e-10 0.0167863 -0.0121556 -0.00574239 0.00839709 0.0263538 -0.00171847 0.00487758 0.0144759 0.00107885 -0.0102889 0.00786028 0.00844911 0.0202877
internal_weight=400 168 232 139 115 91 195 174 138 115 76 54 71 41
internal_count=400 168 232 139 115 91 195 174 138 115 76 54 71 41
is_linear=0
shrinkage=0.1


Tree=77
num_leaves=15
num_cat=0
split_feature=4 0 5 5 5 5 0 2 0 2 5 2 1 5
split_gain=7.8986 27.2803 13.3348 8.50131 4.76041 6.53468 8.83128 8.26658 18.3731 4.95726 3.36995 2.8812 6.61344 5.54764
threshold=3.5000000000000004 37.455000000000005 35.500000000000007 76.500000000000014 41.500000000000007 62.500000000000007 26.045000000000005 15.500000000000002 34.755000000000003 8.5000000000000018 32.500000000000007 6.5000000000000009 12.500000000000002 55.500000000000007
decision_type=2 2 2 2 2 2 2 2 2 2 2 2 2 2
left_child=2 11 10 4 -4 7 -7 8 9 -6 -1 -2 13 -13
right_child=1 -3 3 -5 5 6 -8 -9 -10 -11 -12 12 -14 -15
leaf_value=-0.03378379665315151 0.028834587087233861 0.11925500812737838 0.04636155429940958 -0.054309573318236153 0.032844285791118942 -0.0065372816614202552 0.067165523317867321 0.028157687472069967 -0.08990238099358977 -0.029651485722173344 -0.091835053699323918 0.051693269681362876 -0.044688253962632381 -0.019396435032072275
leaf_weight=20 24 23 26 26 30 37 29 34 32 22 20 21 33 23
leaf_count=20 24 23 26 26 30 37 29 34 32 22 20 21 33 23
internal_value=-3.07162e-10 0.0209647 -0.00941893 -0.000369689 0.00630858 0.000648923 0.0258473 -0.0134451 -0.0302843 0.00640377 -0.0628094 -0.00141823 -0.0108477 0.0145327
internal_weight=400 124 276 236 210 184 66 118 84 52 40 101 77 44
internal_count=400 124 276 236 210 184 66 118 84 52 40 101 77 44
is_linear=0
shrinkage=0.1


Tree=78
num_leaves=16
num_cat=0
split_feature=5 0 0 5 5 1 5 4 0 2 5 0 1 2 2
split_gain=6.98751 21.7923 4.21244 12.9217 15.1862 12.1068 5.40541 12.6577 3.93934 3.12379 5.62528 2.14474 4.2028 1.18836 1.16372
threshold=34.500000000000007 25.620000000000001 29.090000000000007 44.500000000000007 73.500000000000014 14.500000000000002 63.500000000000007 2.5000000000000004 18.875000000000004 8.5000000000000018 63.500000000000007 15.725000000000001 10.500000000000002 15.500000000000002 11.500000000000002
decision_type=2 2 2 2 2 2 2 2 2 2 2 2 2 2 2
left_child=1 -1 8 -4 5 6 7 -5 11 -10 -11 12 13 -2 -14
right_child=2 -3 3 4 -6 -7 -8 -9 9 10 -12 -13 14 -15 -16
leaf_value=-0.030092335221442307 -0.043354705860838297 0.11413560032844544 -0.076121316427985836 -0.032292357832193377 -0.077141801166263499 -0.039725794217416219 0.079244367321106526 0.076483730785548695 0.047016255939700484 -0.021421134088075524 0.037422151979990305 -0.035853521322662181 0.03176878724032297 -0.0088820754690095791 0.0030811550155762707
leaf_weight=22 20 20 30 23 22 28 22 20 29 33 32 22 26 20 31
leaf_count=22 20 20 30 23 22 28 22 20 29 33 32 22 26 20 31
internal_value=-5.48782e-10 0.0385876 -0.00452704 -0.0176742 -0.00242709 0.0152474 0.0389281 0.0183012 0.00442288 0.0197243 0.00754787 -0.00766394 -0.00127043 -0.0261184 0.0161667
internal_weight=400 42 358 145 115 93 65 43 213 94 65 119 97 40 57
internal_count=400 42 358 145 115 93 65 43 213 94 65 119 97 40 57
is_linear=0
shrinkage=0.1


Tree=79
num_leaves=16
num_cat=0
split_feature=3 5 0 5 1 3 0 5 5 0 4 5 0 0 5
split_gain=6.70276 34.1648 11.8248 30.7164 16.0193 10.7829 15.6619 10.3272 9.87877 7.63093 2.84089 2.4171 1.68249 1.70321 1.51655
threshold=2.5000000000000004 37.500000000000007 29.090000000000007 40.500000000000007 14.500000000000002 5.5000000000000009 24.960000000000004 44.500000000000007 72.500000000000014 39.080000000000005 1.5000000000000002 59.500000000000007 20.680000000000003 30.210000000000004 57.500000000000007
decision_type=2 2 2 2 2 2 2 2 2 2 2 2 2 2 2
left_child=1 -1 5 -4 14 6 10 -3 9 12 -2 -12 -9 -14 -5
right_child=2 7 3 4 -6 -7 -8 8 -10 -11 11 -13 13 -15 -16
leaf_value=0.1139406549519506 0.028964764766138174 -0.069998371858327163 -0.1490771169215441 0.047371477385361987 -0.076764293556863622 -0.046239217190492538 0.098305618603314673 0.022275572565986831 -0.051149557468791809 0.07553859081119299 -0.024508951241389298 0.014413933828473093 -0.028616199158132079 0.012653721868991852 0.0098014814017171221
leaf_weight=29 29 21 20 21 22 31 21 34 24 20 39 27 20 20 22
leaf_count=29 29 21 20 21 22 31 21 34 24 20 39 27 20 20 22
internal_value=-2.16998e-10 0.015212 -0.0110156 -0.040705 -0.00735971 0.00615175 0.0201528 -0.00538607 0.00611273 0.0207329 0.0028769 -0.00858595 0.00592054 -0.00798124 0.0281496
internal_weight=400 168 232 85 65 147 116 139 118 94 95 66 74 40 43
internal_count=400 168 232 85 65 147 116 139 118 94 95 66 74 40 43
is_linear=0
shrinkage=0.1


Tree=80
num_leaves=17
num_cat=0
split_feature=1 0 2 4 2 0 0 5 5 5 1 0 5 0 2 2
split_gain=6.5695 34.6162 11.6906 13.3582 7.53321 16.2791 22.1268 4.92712 3.30826 3.16238 3.09789 7.15393 5.4291 5.97765 4.50112 3.45366
threshold=16.500000000000004 34.755000000000003 7.5000000000000009 2.5000000000000004 4.5000000000000009 40.900000000000013 46.105000000000011 49.500000000000007 35.500000000000007 66.500000000000014 10.500000000000002 26.370000000000001 50.500000000000007 26.935000000000006 15.500000000000002 13.500000000000002
decision_type=2 2 2 2 2 2 2 2 2 2 2 2 2 2 2 2
left_child=4 2 -2 -4 7 8 -7 -1 -6 -9 12 14 -10 15 -12 -14
right_child=1 -3 3 -5 5 6 -8 9 10 -11 11 -13 13 -15 -16 -17
leaf_value=0.065379399508237832 -0.064161677479743967 0.13982263283804061 0.072389640814314288 -0.035489290252073924 -0.034778005604086247 -0.14744115928187967 0.0013097605109214784 -0.023527409210801126 0.027343039911600853 0.032707606032490733 0.029050613786759123 0.065418505668640145 -0.030043476387592302 -0.063779328918705386 -0.034983733425969665 0.018407850754597496
leaf_weight=20 25 20 24 22 29 20 20 20 31 20 21 22 28 24 23 31
leaf_count=20 25 20 24 22 29 20 20 20 31 20 21 22 28 24 23 31
internal_value=6.40284e-11 0.0236154 -0.00911908 0.0207954 -0.00695469 -0.0146192 -0.0730657 0.0248532 -0.00343331 0.0045901 0.00161667 0.0188582 -0.00836529 -0.0217021 -0.00442189 -0.004586
internal_weight=400 91 71 46 309 249 40 60 209 40 180 66 114 83 44 59
internal_count=400 91 71 46 309 249 40 60 209 40 180 66 114 83 44 59
is_linear=0
shrinkage=0.1


Tree=81
num_leaves=16
num_cat=0
split_feature=4 5 5 5 0 1 0 0 0 1 5 1 5 0 1
split_gain=6.73002 22.3398 11.5506 6.74815 17.1932 14.3527 5.66034 3.35812 4.51415 3.93835 2.90636 9.21328 2.37854 2.00857 0.461345
threshold=3.5000000000000004 38.500000000000007 35.500000000000007 46.500000000000007 45.520000000000003 12.500000000000002 39.080000000000005 31.605000000000004 23.085000000000004 10.500000000000002 65.500000000000014 6.5000000000000009 32.500000000000007 17.715000000000003 12.500000000000002
decision_type=2 2 2 2 2 2 2 2 2 2 2 2 2 2 2
left_child=2 -2 12 5 6 -4 7 8 9 13 11 -3 -1 -5 -12
right_child=1 10 3 4 -6 -7 -8 -9 -10 -11 14 -13 -14 -15 -16
leaf_value=-0.033999737203121182 0.11074580340857872 0.036278208175107192 -0.021617993408883061 -0.050189139374086394 -0.094666003222976414 0.080567118964557149 0.049962642008350017 -0.034160721953958272 0.036447201097175357 0.015143812224268914 0.0099154655775055296 -0.043522509641181206 -0.082770062088966367 -0.0068580891191959391 0.031394405309110883
leaf_weight=20 22 23 27 23 21 28 21 32 29 35 20 39 20 20 20
leaf_count=20 22 23 27 23 21 28 21 32 29 35 20 39 20 20 20
internal_value=2.78786e-10 0.0193518 -0.0086943 -0.000272161 -0.0095935 0.0304035 0.00157227 -0.00573851 0.00276159 -0.00976255 -0.000360605 -0.013919 -0.0583849 -0.0300352 0.0206549
internal_weight=400 124 276 236 181 55 160 139 107 78 102 62 40 43 40
internal_count=400 124 276 236 181 55 160 139 107 78 102 62 40 43 40
is_linear=0
shrinkage=0.1


Tree=82
num_leaves=16
num_cat=0
split_feature=0 5 2 2 0 0 5 5 5 5 0 5 2 5 5
split_gain=7.19725 23.7336 7.13945 16.894 16.6368 15.44 10.5198 5.63605 4.81418 4.85737 3.79575 3.14819 3.16113 5.74244 2.27061
threshold=42.605000000000011 56.500000000000007 10.500000000000002 7.5000000000000009 34.460000000000008 22.180000000000003 35.500000000000007 42.500000000000007 50.500000000000007 60.500000000000007 28.295000000000005 71.500000000000014 19.500000000000004 59.500000000000007 70.500000000000014
decision_type=2 2 2 2 2 2 2 2 2 2 2 2 2 2 2
left_child=2 -2 3 7 6 -5 -4 -1 -9 -10 11 12 13 -8 -11
right_child=1 -3 4 5 -6 -7 10 8 9 14 -12 -13 -14 -15 -16
leaf_value=-0.053138107210397724 0.11706020223597687 -0.018931323002007876 -0.071849339632760911 -0.008568002847023309 -0.089796965873600657 0.10564305791470768 0.030084110312985586 0.043798268549144273 -0.048253426242930192 0.030421769585121761 0.044454345444682991 0.032193815690420922 -0.034407466479710172 -0.033803594888498385 -0.014515074115732444
leaf_weight=25 21 33 21 20 28 29 34 20 24 22 20 21 35 24 23
leaf_count=25 21 33 21 20 28 29 34 20 24 22 20 21 35 24 23
internal_value=-2.35625e-10 0.0339543 -0.00529922 0.00992117 -0.0188562 0.0590263 -0.00604108 -0.0111854 0.000599049 -0.0119225 0.00427216 -0.00277735 -0.0106741 0.00364782 0.00745405
internal_weight=400 54 346 163 183 49 155 114 89 69 134 114 93 58 45
internal_count=400 54 346 163 183 49 155 114 89 69 134 114 93 58 45
is_linear=0
shrinkage=0.1


Tree=83
num_leaves=14
num_cat=0
split_feature=5 0 1 2 2 5 0 0 0 5 4 0 2
split_gain=6.251 16.4083 4.25802 2.14461 10.7455 4.20075 8.17586 3.76563 8.11797 3.49562 2.55993 8.45957 4.22778
threshold=34.500000000000007 25.620000000000001 1.5000000000000002 9.5000000000000018 7.5000000000000009 65.500000000000014 30.210000000000004 31.605000000000004 38.535000000000004 70.500000000000014 2.5000000000000004 12.235000000000001 18.500000000000004
decision_type=2 2 2 2 2 2 2 2 2 2 2 2 2
left_child=1 -1 -2 4 5 6 -4 9 -9 10 12 -12 -5
right_child=2 -3 3 7 -6 -7 -8 8 -10 -11 11 -13 -14
leaf_value=-0.023097694258798252 -0.038507083013202208 0.10205197647213936 0.017470319581127935 0.044432480835239402 0.0640033436406936 0.021833279646105236 -0.052150549085156345 -0.074982523205487636 0.0010736622330215241 0.029443349587895414 0.028611453588713299 -0.049308130297025569 -0.020588912069797516
leaf_weight=22 33 20 31 20 28 36 37 23 36 34 22 38 20
leaf_count=22 33 20 31 20 28 36 37 23 36 34 22 38 20
internal_value=-2.69996e-10 0.0364974 -0.00428182 -0.000806636 0.00901592 -0.00578839 -0.0204116 -0.00752465 -0.0285754 0.00174394 -0.00767386 -0.0207376 0.0119218
internal_weight=400 42 358 325 132 104 68 193 59 134 100 60 40
internal_count=400 42 358 325 132 104 68 193 59 134 100 60 40
is_linear=0
shrinkage=0.1


Tree=84
num_leaves=16
num_cat=0
split_feature=4 5 5 5 5 5 1 0 5 2 0 2 4 0 5
split_gain=5.73357 17.991 9.09236 7.07425 5.34582 5.12084 11.9447 3.81051 6.9574 5.08757 5.60603 2.56514 4.10673 2.07981 1.92234
threshold=3.5000000000000004 38.500000000000007 35.500000000000007 73.500000000000014 69.500000000000014 46.500000000000007 12.500000000000002 34.755000000000003 58.500000000000007 8.5000000000000018 21.265000000000004 6.5000000000000009 4.5000000000000009 19.505000000000006 32.500000000000007
decision_type=2 2 2 2 2 2 2 2 2 2 2 2 2 2 2
left_child=2 -2 14 4 5 6 -4 9 -9 -7 -11 -3 -13 -14 -1
right_child=1 11 3 -5 -6 7 -8 8 -10 10 -12 12 13 -15 -16
leaf_value=-0.030189577825367454 0.099879261268704958 0.031316805719619707 -0.020879833069112567 -0.039464668883607751 0.053611171804368501 0.039991036772727973 0.072340123408607071 -0.077241845726966865 0.0042514066804539069 -0.041081641241908079 0.025412144263585408 -0.032457327874176004 -0.011071125569287688 0.032592296289900943 -0.074034026265144354
leaf_weight=20 22 21 27 39 22 25 28 20 22 32 21 37 20 24 20
leaf_count=20 22 21 27 39 22 25 28 20 22 32 21 37 20 24 20
internal_value=4.29485e-10 0.0178618 -0.00802488 -0.000552525 0.00715089 0.00131017 0.0265776 -0.0102707 -0.0345549 0.00280536 -0.014735 0.000171808 -0.00790282 0.0127453 -0.0521118
internal_weight=400 124 276 236 197 175 55 120 42 78 53 102 81 44 40
internal_count=400 124 276 236 197 175 55 120 42 78 53 102 81 44 40
is_linear=0
shrinkage=0.1


Tree=85
num_leaves=16
num_cat=0
split_feature=0 5 0 2 2 5 5 3 2 2 5 5 3 0 4
split_gain=5.98747 19.7174 5.76234 5.01883 6.32819 8.30654 5.39508 4.65091 2.54397 3.91192 5.64173 5.68573 4.79985 5.91447 6.38515
threshold=42.605000000000011 56.500000000000007 39.295000000000009 3.5000000000000004 20.500000000000004 33.500000000000007 50.500000000000007 2.5000000000000004 16.500000000000004 8.5000000000000018 50.500000000000007 66.500000000000014 1.5000000000000002 28.720000000000002 3.5000000000000004
decision_type=2 2 2 2 2 2 2 2 2 2 2 2 2 2 2
left_child=2 -2 3 7 5 -5 -6 -1 9 10 -7 -12 -11 14 -14
right_child=1 -3 -4 4 6 8 -8 -9 -10 12 11 -13 13 -15 -16
leaf_value=0.0014063830741427163 0.10671811785016741 -0.017234307911359905 -0.05107615101337433 0.072985680475831025 -0.066187469909588501 0.060307476534084838 -0.0020739960457597461 -0.062248348258435726 0.029037255177123324 0.027604846494353338 -0.038807382470085507 0.035693353991955522 0.019645339357735152 -0.068239490518515758 -0.051562530547380449
leaf_weight=22 21 33 25 20 21 22 35 24 37 23 21 20 34 22 20
leaf_count=22 21 33 25 20 21 22 35 24 37 23 21 20 34 22 20
internal_value=1.65339e-10 0.0309694 -0.00483338 -0.00123191 0.00388209 0.011553 -0.0261165 -0.0318048 0.00537884 -2.46288e-05 0.0194552 -0.00246556 -0.0124209 -0.0245339 -0.00672795
internal_weight=400 54 346 321 275 219 56 46 199 162 63 41 99 76 54
internal_count=400 54 346 321 275 219 56 46 199 162 63 41 99 76 54
is_linear=0
shrinkage=0.1


Tree=86
num_leaves=16
num_cat=0
split_feature=3 5 5 2 0 5 5 1 1 0 2 5 4 5 1
split_gain=4.93548 24.4485 10.9625 8.75591 8.60122 6.75079 6.20715 6.14625 6.65945 4.8548 2.26828 3.8669 4.31336 4.18347 2.17509
threshold=2.5000000000000004 37.500000000000007 44.500000000000007 13.500000000000002 41.89500000000001 35.500000000000007 61.500000000000007 4.5000000000000009 12.500000000000002 35.565000000000005 20.500000000000004 46.500000000000007 2.5000000000000004 59.500000000000007 10.500000000000002
decision_type=2 2 2 2 2 2 2 2 2 2 2 2 2 2 2
left_child=1 -1 -3 7 5 -2 -5 -4 -9 10 11 -7 14 -14 -13
right_child=4 2 3 6 -6 9 -8 8 -10 -11 -12 12 13 -15 -16
leaf_value=0.096571303133306835 -0.045805062825481101 -0.070941116767270232 -0.059571213576765293 0.075389713250100618 -0.059415755197405822 0.045397691354155542 0.00064723461866378785 0.043182070863743621 -0.028603330001767194 0.048363905043705656 -0.025070265992995236 -0.00085549541728814019 -0.054103380668422456 0.002185240417959229 0.043657996523238367
leaf_weight=29 30 21 21 25 30 20 20 24 28 23 31 23 23 31 21
leaf_count=29 30 21 21 25 30 20 20 24 28 23 31 23 23 31 21
internal_value=-1.88651e-10 0.0130534 -0.00437119 0.007476 -0.00945247 -0.00203218 0.0421708 -0.0139112 0.00452839 0.00560263 -0.000998109 0.00532593 -0.00285198 -0.0217895 0.0203896
internal_weight=400 168 139 118 232 202 45 73 52 172 149 118 98 54 44
internal_count=400 168 139 118 232 202 45 73 52 172 149 118 98 54 44
is_linear=0
shrinkage=0.1


Tree=87
num_leaves=14
num_cat=0
split_feature=0 5 5 0 2 3 0 0 0 1 5 5 2
split_gain=5.8026 15.9143 5.71 19.9415 16.6082 2.75457 6.03583 2.40215 3.4886 2.8149 2.4155 3.2373 1.70061
threshold=42.605000000000011 56.500000000000007 42.500000000000007 28.870000000000005 11.500000000000002 1.0000000180025095e-35 35.320000000000007 31.605000000000004 27.905000000000005 3.5000000000000004 74.500000000000014 56.500000000000007 13.500000000000002
decision_type=2 2 2 2 2 2 2 2 2 2 2 2 2
left_child=2 -2 3 4 -1 -4 7 8 9 -7 11 -11 -13
right_child=1 -3 5 -5 -6 6 -8 -9 -10 10 -12 12 -14
leaf_value=0.068961736083030703 0.098540153975288078 -0.012818661535328086 -0.022117602413422185 -0.092944131419062617 -0.039094199996554495 -0.031344844000758952 0.044485580114026868 -0.033006599247455602 0.038928223098628228 0.019612339798461748 0.032749688175196454 -0.037878968078643084 -0.0016836946450725751
leaf_weight=25 21 33 38 30 33 27 36 20 24 37 24 25 27
leaf_count=25 21 33 38 30 33 27 36 20 24 37 24 25 27
internal_value=-8.10251e-11 0.0304875 -0.00475817 -0.0267544 0.00748163 0.00274443 0.00703878 -0.000287773 0.00370233 -0.0023364 0.00459482 -0.0029975 -0.0190853
internal_weight=400 54 346 88 58 258 220 184 164 140 113 89 52
internal_count=400 54 346 88 58 258 220 184 164 140 113 89 52
is_linear=0
shrinkage=0.1


Tree=88
num_leaves=16
num_cat=0
split_feature=4 1 5 2 5 5 0 5 2 0 2 2 5 0 0
split_gain=5.11696 17.324 7.35037 6.24627 9.00911 5.87396 3.4158 6.02119 11.195 10.3367 7.48831 3.14469 1.11078 0.71757 0.26624
threshold=3.5000000000000004 16.500000000000004 35.500000000000007 6.5000000000000009 45.500000000000007 75.500000000000014 14.285000000000002 63.500000000000007 15.500000000000002 34.755000000000003 12.500000000000002 12.500000000000002 32.500000000000007 22.790000000000003 4.3200000000000012
decision_type=2 2 2 2 2 2 2 2 2 2 2 2 2 2 2
left_child=2 3 12 -2 -5 6 14 8 9 13 -9 -6 -1 -8 -4
right_child=1 -3 5 4 11 -7 7 10 -10 -11 -12 -13 -14 -15 -16
leaf_value=-0.030556219890713693 0.043211016561026161 0.089441040974970049 -0.029062618054449558 -0.073833846175111836 -0.023663791301457779 -0.043012400588084913 0.00018947261075178784 0.077604246741304034 0.043386431458668835 -0.058813795581077924 -0.002682630704449756 0.024812733943690546 -0.063884620321914554 0.026656144559383393 -0.012941179318087442
leaf_weight=20 23 26 20 20 23 29 21 26 39 39 21 32 20 20 21
leaf_count=20 23 26 20 20 23 29 21 26 39 39 21 32 20 20 21
internal_value=1.16648e-10 0.0168741 -0.0075811 -0.0023784 -0.0163592 -0.000862572 0.00504248 0.0114266 -0.000542566 -0.021958 0.0417314 0.00454073 -0.0472204 0.0131 -0.0208053
internal_weight=400 124 276 98 75 236 207 166 119 80 47 55 40 41 41
internal_count=400 124 276 98 75 236 207 166 119 80 47 55 40 41 41
is_linear=0
shrinkage=0.1


Tree=89
num_leaves=15
num_cat=0
split_feature=5 0 1 1 5 0 3 5 2 0 5 0 2 5
split_gain=5.78136 13.8875 2.68087 1.65745 6.20584 11.6789 3.59836 2.72526 6.24034 11.5088 5.41315 2.655 3.62703 0.117539
threshold=34.500000000000007 25.620000000000001 1.5000000000000002 18.500000000000004 42.500000000000007 26.775000000000002 1.0000000180025095e-35 57.500000000000007 7.5000000000000009 21.745000000000001 62.500000000000007 17.715000000000003 12.500000000000002 73.500000000000014
decision_type=2 2 2 2 2 2 2 2 2 2 2 2 2 2
left_child=1 -1 -2 4 5 -4 -6 8 -8 -10 -9 13 -13 -12
right_child=2 -3 3 -5 6 -7 7 10 9 -11 11 12 -14 -15
leaf_value=-0.019726983051408423 -0.031274789853981043 0.095408794283866893 0.0097381690517067913 0.019882478689153993 -0.02827499612714305 -0.092377534366789318 -0.019353246808052064 -0.038108497763413102 -0.0068316694205770127 0.08556265602154392 -0.0052885334286838772 0.043802206622702733 -0.004020343133216274 -0.016130087210331111
leaf_weight=22 33 20 24 33 33 21 25 31 26 28 20 35 29 20
leaf_count=22 33 20 24 33 33 21 25 31 26 28 20 35 29 20
internal_value=4.61005e-10 0.0350996 -0.00411783 -0.00136035 -0.00376108 -0.0379158 0.00246144 0.00720117 0.0219532 0.0410765 -0.00143147 0.0095011 0.0221326 -0.0107093
internal_weight=400 42 358 325 292 45 247 214 79 54 135 104 64 40
internal_count=400 42 358 325 292 45 247 214 79 54 135 104 64 40
is_linear=0
shrinkage=0.1


Tree=90
num_leaves=15
num_cat=0
split_feature=0 4 2 2 0 0 5 1 1 3 5 5 1 4
split_gain=4.69166 15.1536 5.09061 13.0049 12.2901 12.1338 7.27486 6.60993 3.25534 3.13478 3.05928 2.88705 2.39162 1.59873
threshold=42.605000000000011 2.5000000000000004 10.500000000000002 7.5000000000000009 34.460000000000008 22.180000000000003 35.500000000000007 16.500000000000004 12.500000000000002 2.5000000000000004 52.500000000000007 65.500000000000014 5.5000000000000009 2.5000000000000004
decision_type=2 2 2 2 2 2 2 2 2 2 2 2 2 2
left_child=2 -2 3 7 6 -5 -4 10 12 -10 -1 -12 -8 -14
right_child=1 -3 4 5 -6 -7 8 -9 9 -11 11 -13 13 -15
leaf_value=0.024763539511906477 -0.019967078492045404 0.086640613432973634 -0.059437039281640736 -0.0082642958499491211 -0.076699432943548473 0.092982836992576201 -0.0032734859554517655 -0.053168595871991589 -0.042435874087412076 0.0045767210625313427 -0.039934659884734588 0.0088667242615311243 0.013428072737795966 0.052002572742375464
leaf_weight=38 30 24 21 20 28 29 31 27 23 37 22 27 21 22
leaf_count=38 30 24 21 20 28 29 31 27 23 37 22 27 21 22
internal_value=-3.37255e-10 0.0274141 -0.0042785 0.00857373 -0.0157261 0.0516575 -0.00471159 -0.00994472 0.00386479 -0.0134448 0.00346958 -0.0130441 0.0178996 0.0331639
internal_weight=400 54 346 163 183 49 155 114 134 60 87 49 74 43
internal_count=400 54 346 163 183 49 155 114 134 60 87 49 74 43
is_linear=0
shrinkage=0.1


Tree=91
num_leaves=15
num_cat=0
split_feature=5 0 1 1 5 0 3 5 2 0 5 1 0 2
split_gain=4.88804 10.5664 2.22211 1.69106 5.03988 9.74677 2.91405 2.29068 5.05143 9.28889 4.4223 2.20997 4.14742 5.03317
threshold=34.500000000000007 25.620000000000001 1.5000000000000002 18.500000000000004 42.500000000000007 26.775000000000002 1.0000000180025095e-35 57.500000000000007 7.5000000000000009 21.745000000000001 62.500000000000007 14.500000000000002 37.055000000000007 15.500000000000002
decision_type=2 2 2 2 2 2 2 2 2 2 2 2 2 2
left_child=1 -1 -2 4 5 -4 -6 8 -8 -10 -9 12 13 -12
right_child=2 -3 3 -5 6 -7 7 10 9 -11 11 -13 -14 -15
leaf_value=-0.015549580617384477 -0.028510777342881106 0.084880167990922933 0.0090536772583921753 0.020181275791291035 -0.025753089288870497 -0.084233357112056442 -0.017467022687196732 -0.03489314222167577 -0.0061381989588531168 0.076868496356265886 -0.019671927459744942 -0.016478193261557156 0.055951246777549396 0.041930429596409559
leaf_weight=22 33 20 24 33 33 21 25 31 26 28 36 27 20 21
leaf_count=22 33 20 24 33 33 21 25 31 26 28 36 27 20 21
internal_value=-1.42987e-10 0.0322741 -0.00378635 -0.00127587 -0.00370082 -0.0344803 0.00190677 0.00617208 0.0196968 0.0369023 -0.0017424 0.00813907 0.0167711 0.00302368
internal_weight=400 42 358 325 292 45 247 214 79 54 135 104 77 57
internal_count=400 42 358 325 292 45 247 214 79 54 135 104 77 57
is_linear=0
shrinkage=0.1


Tree=92
num_leaves=14
num_cat=0
split_feature=3 5 2 0 1 1 5 5 0 0 3 0 0
split_gain=4.54699 20.814 8.64215 26.471 8.91063 14.4549 8.0616 7.21603 6.60707 6.08519 4.99299 3.22197 2.25015
threshold=2.5000000000000004 37.500000000000007 13.500000000000002 31.920000000000005 17.500000000000004 14.500000000000002 45.500000000000007 72.500000000000014 36.315000000000005 39.080000000000005 4.5000000000000009 17.715000000000003 20.680000000000003
decision_type=2 2 2 2 2 2 2 2 2 2 2 2 2
left_child=1 -1 4 11 5 8 -3 9 10 12 -2 -4 -8
right_child=2 6 3 -5 -6 -7 7 -9 -10 -11 -12 -13 -14
leaf_value=0.089589597824318662 0.019475087142948596 -0.056264721575037896 -0.024389313098371907 -0.12294976307700078 0.06253864735675356 -0.081634421180933725 0.025696501598665211 -0.041323543153703214 0.052676697660769739 0.069040380194783216 -0.037179800808163625 0.017727019714239317 -0.0099967200799207945
leaf_weight=29 35 24 34 24 24 20 33 24 28 20 28 39 38
leaf_count=29 35 24 34 24 24 20 33 24 28 20 28 39 38
internal_value=-3.46219e-10 0.0125291 -0.00907283 -0.031842 0.00728726 -0.00465898 -0.00354821 0.00745349 0.0122587 0.0203178 -0.00570486 -0.00188881 0.00659309
internal_weight=400 168 232 97 135 111 139 115 91 91 63 73 71
internal_count=400 168 232 97 135 111 139 115 91 91 63 73 71
is_linear=0
shrinkage=0.1


Tree=93
num_leaves=15
num_cat=0
split_feature=3 5 0 5 2 2 4 1 1 2 1 1 5 0
split_gain=3.68306 16.8593 8.0613 6.54997 6.30946 4.58748 6.16777 16.8491 10.5626 5.90653 4.42116 4.65408 4.37615 3.35922
threshold=2.5000000000000004 37.500000000000007 41.580000000000005 44.500000000000007 13.500000000000002 2.5000000000000004 2.5000000000000004 15.500000000000002 14.500000000000002 11.500000000000002 4.5000000000000009 12.500000000000002 61.500000000000007 20.905000000000005
decision_type=2 2 2 2 2 2 2 2 2 2 2 2 2 2
left_child=1 -1 5 -3 10 -2 7 9 13 -7 -5 -12 -6 -8
right_child=2 3 -4 4 12 6 8 -9 -10 -11 11 -13 -14 -15
leaf_value=0.080630636651968138 -0.044778654582443692 -0.054650276615506123 -0.053940523698022873 -0.050916623235458425 0.06330821593105794 0.026463483241868431 0.031297433341387661 0.087476302523698132 -0.066178321265787987 -0.035846419417066504 0.035762079242461671 -0.024249338092548506 0.00055047992616891867 -0.015280445118745168
leaf_weight=29 21 21 33 21 25 29 32 28 27 32 24 28 20 30
leaf_count=29 21 21 33 21 25 29 32 28 27 32 24 28 20 30
internal_value=-3.19211e-10 0.0112762 -0.00816555 -0.00319339 0.00596419 -0.000574723 0.00464035 0.023255 -0.0139743 -0.00622368 -0.012191 0.00344824 0.0354159 0.00875975
internal_weight=400 168 232 139 118 199 178 89 89 61 73 52 45 62
internal_count=400 168 232 139 118 199 178 89 89 61 73 52 45 62
is_linear=0
shrinkage=0.1


Tree=94
num_leaves=16
num_cat=0
split_feature=4 1 5 2 5 5 0 5 0 5 5 3 0 1 5
split_gain=4.19012 13.0728 8.55802 5.41223 6.49248 5.09918 5.68934 8.25278 10.4788 3.67962 2.80503 2.47689 1.64324 2.44821 0.686316
threshold=3.5000000000000004 16.500000000000004 35.500000000000007 6.5000000000000009 45.500000000000007 41.500000000000007 44.300000000000004 48.500000000000007 37.680000000000007 52.500000000000007 59.500000000000007 2.5000000000000004 14.970000000000002 9.5000000000000018 32.500000000000007
decision_type=2 2 2 2 2 2 2 2 2 2 2 2 2 2 2
left_child=2 3 14 -2 -5 -4 7 -7 9 -9 -11 -6 -12 -14 -1
right_child=1 -3 5 4 11 6 -8 8 -10 10 12 -13 13 -15 -16
leaf_value=-0.036533285751938822 0.040982019820291066 0.078307187370955947 0.042164278753961511 -0.063259751377627252 0.029264273867011071 -0.039943276600618111 -0.047634317118812497 0.040969788583461203 0.079617176204919815 -0.032289816696068334 -0.014986333470525488 -0.014053488771120707 -0.0070874757521475363 0.038080788132113713 -0.062730923243798323
leaf_weight=20 23 26 26 20 22 38 27 20 20 29 28 33 24 24 20
leaf_count=20 23 26 26 20 22 38 27 20 20 29 28 33 24 24 20
internal_value=-9.5577e-11 0.0152696 -0.00686024 -0.00145469 -0.0144686 0.000389224 -0.00478293 0.00153941 0.0124107 0.00165771 -0.00583031 0.00327362 0.00426608 0.0154967 -0.0496321
internal_weight=400 124 276 98 75 236 210 183 145 125 105 55 76 48 40
internal_count=400 124 276 98 75 236 210 183 145 125 105 55 76 48 40
is_linear=0
shrinkage=0.1


Tree=95
num_leaves=16
num_cat=0
split_feature=0 5 5 3 1 0 0 5 1 5 5 2 3 3 3
split_gain=4.5169 14.4877 5.50529 2.79642 7.15658 3.20976 3.90699 4.45964 4.19276 3.10937 2.70895 1.08951 1.11311 1.04729 1.03916
threshold=42.605000000000011 56.500000000000007 32.500000000000007 5.5000000000000009 9.5000000000000018 38.535000000000004 29.090000000000007 75.500000000000014 11.500000000000002 44.500000000000007 51.500000000000007 13.500000000000002 3.5000000000000004 3.5000000000000004 3.5000000000000004
decision_type=2 2 2 2 2 2 2 2 2 2 2 2 2 2 2
left_child=2 -2 -1 5 -5 6 7 9 -8 13 -11 14 -13 -4 -12
right_child=1 -3 3 4 -6 -7 8 -9 -10 10 11 12 -14 -15 -16
leaf_value=-0.050401528738439089 0.091829423297063589 -0.014420835095304278 0.007100410272621295 0.015621140173503332 -0.067962234616279607 0.036276179724014722 0.0044112616280714678 0.046745790665348369 -0.047625475795939565 -0.041293549165129666 -0.020241967044972085 0.025266514734054609 -0.0058743590404364198 0.037306593148969114 0.0080500411242246644
leaf_weight=24 21 33 22 21 20 26 30 24 32 20 37 24 22 24 20
leaf_count=24 21 33 22 21 20 26 30 24 32 20 37 24 22 24 20
internal_value=-1.5082e-10 0.0268987 -0.00419806 -0.000754328 -0.0251512 0.00280536 -0.000607348 0.00640831 -0.0224464 0.00067991 -0.00761514 -0.00107565 0.0103731 0.0228602 -0.0103149
internal_weight=400 54 346 322 41 281 255 193 62 169 123 103 46 46 57
internal_count=400 54 346 322 41 281 255 193 62 169 123 103 46 46 57
is_linear=0
shrinkage=0.1


Tree=96
num_leaves=16
num_cat=0
split_feature=5 0 2 0 3 0 1 5 0 5 1 0 0 3 0
split_gain=4.03381 8.50054 2.42602 4.6591 11.6215 3.53012 3.44456 3.06495 2.69607 5.05623 13.8582 2.48472 4.33972 2.52721 1.27724
threshold=34.500000000000007 25.620000000000001 2.5000000000000004 40.900000000000013 3.5000000000000004 32.660000000000004 18.500000000000004 42.500000000000007 27.905000000000005 50.500000000000007 10.500000000000002 20.680000000000003 16.675000000000004 4.5000000000000009 6.2600000000000007
decision_type=2 2 2 2 2 2 2 2 2 2 2 2 2 2 2
left_child=1 -1 5 6 -5 -2 7 -4 11 -10 -11 12 13 14 -9
right_child=2 -3 3 4 -6 -7 -8 8 9 10 -12 -13 -14 -15 -16
leaf_value=-0.01357588420029391 -0.0097029361549926842 0.076502711325883876 -0.023485745352349784 -0.074615543087323516 0.019865607956181405 0.045701644225450963 -0.038013641520038895 -0.0076548121497035026 0.06609511816874146 -0.050666386363181208 0.061575852673162117 -0.022592406584000267 0.049368415614590051 -0.030673402555934759 0.023188719853501898
leaf_weight=22 23 20 38 30 23 23 23 25 20 22 22 37 20 23 29
leaf_count=22 23 20 38 30 23 23 23 25 20 22 22 37 20 23 29
internal_value=-3.10363e-10 0.0293187 -0.00343962 -0.0066005 -0.0336143 0.0179994 -0.00107258 0.00252761 0.00752007 0.0244049 0.00545473 -0.000544302 0.0078658 -0.0029141 0.00890931
internal_weight=400 42 358 312 53 46 259 236 198 64 44 134 97 77 54
internal_count=400 42 358 312 53 46 259 236 198 64 44 134 97 77 54
is_linear=0
shrinkage=0.1


Tree=97
num_leaves=16
num_cat=0
split_feature=0 5 0 4 1 0 0 0 3 0 0 0 5 1 5
split_gain=4.20288 11.2657 5.55315 3.49827 7.31278 6.02865 7.50523 11.4491 3.51338 4.5478 4.49473 1.62166 1.56535 1.50048 5.33966
threshold=42.605000000000011 56.500000000000007 39.295000000000009 1.5000000000000002 16.500000000000004 35.180000000000007 29.090000000000007 26.045000000000005 1.0000000180025095e-35 20.680000000000003 17.175000000000004 13.335000000000003 62.500000000000007 8.5000000000000018 52.500000000000007
decision_type=2 2 2 2 2 2 2 2 2 2 2 2 2 2 2
left_child=2 -2 3 4 13 6 7 8 -5 10 11 12 -10 -1 -15
right_child=1 -3 -4 5 -6 -7 -8 -9 9 -11 -12 -13 -14 14 -16
leaf_value=0.013334657762868282 0.083204040906968577 -0.010489555640202581 -0.049445147966966037 0.035731449249115858 -0.062659777767956268 0.059102959595620633 -0.043670517758977033 0.073797619738616052 0.014385278058083107 -0.045661497823894032 0.04187521715225144 -0.03317588361068851 -0.021732044853270058 -0.049560883925074628 0.021751022077209893
leaf_weight=39 21 33 25 22 25 20 31 24 30 25 22 21 20 21 21
leaf_count=39 21 33 25 22 25 20 31 24 30 25 22 21 20 21 21
internal_value=1.31724e-10 0.0259468 -0.00404951 -0.000514021 -0.0153816 0.00681604 0.00145328 0.00998278 -0.000956906 -0.00779711 0.00238149 -0.009856 -6.16511e-05 -0.000789573 -0.0139049
internal_weight=400 54 346 321 106 215 195 164 140 118 93 71 50 81 42
internal_count=400 54 346 321 106 215 195 164 140 118 93 71 50 81 42
is_linear=0
shrinkage=0.1


Tree=98
num_leaves=16
num_cat=0
split_feature=0 3 5 3 1 1 5 0 0 2 5 1 5 1 1
split_gain=3.40433 11.3191 4.80619 2.35405 5.17691 3.87353 3.70181 3.70038 3.686 3.48767 3.1009 3.7506 2.06572 0.848615 1.64867
threshold=42.605000000000011 2.5000000000000004 32.500000000000007 5.5000000000000009 9.5000000000000018 17.500000000000004 75.500000000000014 38.280000000000008 19.505000000000006 2.5000000000000004 49.500000000000007 10.500000000000002 54.500000000000007 10.500000000000002 5.5000000000000009
decision_type=2 2 2 2 2 2 2 2 2 2 2 2 2 2 2
left_child=2 -2 -1 5 -5 6 7 9 -7 -4 11 -11 -12 14 -14
right_child=1 -3 3 4 -6 8 -8 -9 -10 10 12 -13 13 -15 -16
leaf_value=-0.046814805610726283 0.070863913261116698 -0.020765899600727219 -0.039055628021774091 0.011866494410094762 -0.05922252476215363 -0.0048702133575543056 0.033563381299376492 -0.046964481384271672 0.049390880943786714 0.047195373628554603 -0.035467765514146203 -0.0022274642539046267 0.009726419656173043 0.012413125683863959 -0.028136877326861671
leaf_weight=24 26 28 23 21 20 21 25 21 31 28 22 34 23 30 23
leaf_count=24 26 28 23 21 20 21 25 21 31 28 22 34 23 30 23
internal_value=-9.77889e-12 0.0233522 -0.00364456 -0.000426898 -0.0228111 0.00283912 -0.00275568 -0.00720654 0.0274777 -0.00264415 0.00258999 0.0200925 -0.00848304 -0.000671668 -0.00920523
internal_weight=400 54 346 322 41 281 229 204 52 183 160 62 98 76 46
internal_count=400 54 346 322 41 281 229 204 52 183 160 62 98 76 46
is_linear=0
shrinkage=0.1


Tree=99
num_leaves=16
num_cat=0
split_feature=5 2 2 0 3 1 0 1 0 0 0 1 0 5 0
split_gain=3.7778 7.36749 2.56023 4.48649 11.6135 13.707 4.69718 3.29313 2.7103 1.52505 4.19407 3.29024 3.18834 2.69267 2.09578
threshold=34.500000000000007 11.500000000000002 2.5000000000000004 29.090000000000007 4.5000000000000009 4.5000000000000009 35.180000000000007 13.500000000000002 27.510000000000002 3.9750000000000001 7.4450000000000012 4.5000000000000009 18.875000000000004 63.500000000000007 15.4
decision_type=2 2 2 2 2 2 2 2 2 2 2 2 2 2 2
left_child=1 -1 8 9 5 -5 -7 -8 -2 -4 -11 -12 14 -14 -13
right_child=2 -3 3 4 -6 6 7 -9 -10 10 11 12 13 -15 -16
leaf_value=0.07025579942079882 -0.0089805544633418319 -0.013509688907790751 -0.022527571377300083 -0.10789568592672763 0.025776278724273044 -0.057036587670445442 -0.025582266102234526 0.031116239055991174 0.03998446447344927 0.043874099388718613 0.027326198317336316 -0.011058855578635953 -0.010310943260350649 0.033437246363610028 -0.051638193786493508
leaf_weight=21 20 21 21 23 36 20 21 20 26 25 33 35 34 24 20
leaf_count=21 20 21 21 23 36 20 21 20 26 25 33 35 34 24 20
internal_value=1.40746e-10 0.0283731 -0.00332868 -0.00657581 -0.0217441 -0.0421099 -0.0173055 0.00207554 0.0186953 0.00290435 0.00602757 -0.000452996 -0.0085655 0.00779176 -0.025815
internal_weight=400 42 358 312 120 84 61 41 46 192 171 146 113 58 55
internal_count=400 42 358 312 120 84 61 41 46 192 171 146 113 58 55
is_linear=0
shrinkage=0.1


end of trees

feature_importances:
distance_km=437
avg_speed_limit=416
turn_count=262
hour_of_day=183
day_of_week=79
hazard_count=73

parameters:
[boosting: gbdt]
[objective: regression]
[metric: l2]
[tree_learner: serial]
[device_type: cpu]
[data_sample_strategy: bagging]
[data: ]
[valid: ]
[num_iterations: 100]
[learning_rate: 0.1]
[num_leaves: 31]
[num_threads: 6]
[seed: 42]
[deterministic: 0]
[force_col_wise: 0]
[force_row_wise: 0]
[histogram_pool_size: -1]
[max_depth: -1]
[min_data_in_leaf: 20]
[min_sum_hessian_in_leaf: 0.001]
[bagging_fraction: 1]
[pos_bagging_fraction: 1]
[neg_bagging_fraction: 1]
[bagging_freq: 0]
[bagging_seed: 400]
[bagging_by_query: 0]
[feature_fraction: 1]
[feature_fraction_bynode: 1]
[feature_fraction_seed: 30056]
[extra_trees: 0]
[extra_seed: 12879]
[early_stopping_round: 0]
[early_stopping_min_delta: 0]
[first_metric_only: 0]
[max_delta_step: 0]
[lambda_l1: 0]
[lambda_l2: 0]
[linear_lambda: 0]
[min_gain_to_split: 0]
[drop_rate: 0.1]
[max_drop: 50]
[skip_drop: 0.5]
[xgboost_dart_mode: 0]
[uniform_drop: 0]
[drop_seed: 17869]
[top_rate: 0.2]
[other_rate: 0.1]
[min_data_per_group: 100]
[max_cat_threshold: 32]
[cat_l2: 10]
[cat_smooth: 10]
[max_cat_to_onehot: 4]
[top_k: 20]
[monotone_constraints: ]
[monotone_constraints_method: basic]
[monotone_penalty: 0]
[feature_contri: ]
[forcedsplits_filename: ]
[refit_decay_rate: 0.9]
[cegb_tradeoff: 1]
[cegb_penalty_split: 0]
[cegb_penalty_feature_lazy: ]
[cegb_penalty_feature_coupled: ]
[path_smooth: 0]
[interaction_constraints: ]
[verbosity: -1]
[saved_feature_importance_type: 0]
[use_quantized_grad: 0]
[num_grad_quant_bins: 4]
[quant_train_renew_leaf: 0]
[stochastic_rounding: 1]
[linear_tree: 0]
[max_bin: 255]
[max_bin_by_feature: ]
[min_data_in_bin: 3]
[bin_construct_sample_cnt: 200000]
[data_random_seed: 175]
[is_enable_sparse: 1]
[enable_bundle: 1]
[use_missing: 1]
[zero_as_missing: 0]
[feature_pre_filter: 1]
[pre_partition: 0]
[two_round: 0]
[header: 0]
[label_column: ]
[weight_column: ]
[group_column: ]
[ignore_column: ]
[categorical_feature: ]
[forcedbins_filename: ]
[precise_float_parser: 0]
[parser_config_file: ]
[objective_seed: 16083]
[num_class: 1]
[is_unbalance: 0]
[scale_pos_weight: 1]
[sigmoid: 1]
[boost_from_average: 1]
[reg_sqrt: 0]
[alpha: 0.9]
[fair_c: 1]
[poisson_max_delta_step: 0.7]
[tweedie_variance_power: 1.5]
[lambdarank_truncation_level: 30]
[lambdarank_norm: 1]
[label_gain: ]
[lambdarank_position_bias_regularization: 0]
[eval_at: ]
[multi_error_top_k: 1]
[auc_mu_weights: ]
[num_machines: 1]
[local_listen_port: 12400]
[time_out: 120]
[machine_list_filename: ]
[machines: ]
[gpu_platform_id: -1]
[gpu_device_id: -1]
[gpu_device_id_list: ]
[gpu_use_dp: 0]
[num_gpu: 1]

end of parameters

pandas_categorical:[]
