distance_km,turn_count,hour_of_day,day_of_week,hazard_count,avg_speed_limit,eta_minutes
2.07,59,2,3,0,50,12.18
6.25,133,4,3,0,50,26.75
18.65,400,13,6,0,50,80.0
1.9,30,11,0,0,50,11.08
1.7,15,9,2,0,50,8.83
3.49,93,9,2,0,50,16.08
5.98,326,23,0,0,50,65.38
3.68,46,1,0,0,50,15.75
4.51,88,3,0,0,50,18.25
11.43,878,0,1,0,50,121.42
2.59,167,2,2,0,50,28.37
2.96,126,3,2,0,50,17.43
2.66,49,4,2,0,50,12.2
2.28,94,4,2,0,50,25.08
0.94,67,3,3,0,50,7.33
3.81,144,7,3,0,50,22.92
4.46,64,13,3,0,50,18.0
1.28,37,1,4,0,50,8.17
2.22,55,3,4,0,50,11.37
1.01,19,7,4,0,50,5.67
1.66,42,10,4,0,50,17.75
1.46,81,11,4,0,50,15.17
2.03,46,16,4,0,50,14.17
1.23,32,1,5,0,50,7.58
1.88,60,3,5,0,50,10.53
3.09,62,4,5,0,50,9.67
1.42,26,5,0,0,50,7.0
2.17,220,15,0,0,50,25.25
2.43,105,10,1,0,50,16.83
1.21,36,1,2,0,50,6.5
2.71,59,11,2,0,50,13.08
4.91,105,13,2,0,50,26.83
1.64,33,3,3,0,50,10.92
3.97,69,1,5,0,50,11.67
1.19,37,5,5,0,50,5.75
0.82,15,10,6,0,50,8.25
1.95,99,11,0,0,50,16.8
1.39,35,3,2,0,50,7.17
3.31,142,15,2,0,50,20.53
1.81,53,23,2,0,50,10.75
0.93,32,2,2,0,50,6.17
1.33,38,7,2,0,50,7.67
1.67,46,12,3,0,50,10.0
3.28,93,4,4,0,50,18.83
3.2,71,6,4,0,50,24.63
1.92,41,10,4,0,50,9.92
2.68,79,1,6,0,50,13.92
1.77,61,0,0,0,50,14.17
2.28,118,3,0,0,50,15.75
4.11,182,5,0,0,50,29.92
4.19,111,5,0,0,50,22.0
2.31,82,9,0,0,50,11.83
3.57,63,10,0,0,50,11.83
2.34,67,15,0,0,50,17.08
1.8,76,0,1,0,50,13.42
0.93,35,1,1,0,50,6.03
1.63,48,3,1,0,50,15.25
1.69,68,4,1,0,50,11.92
1.75,44,8,1,0,50,6.75
3.12,107,9,1,0,50,22.42
2.72,90,5,2,0,50,19.92
2.39,132,8,2,0,50,21.67
1.41,44,10,2,0,50,9.33
4.79,254,9,3,0,50,42.58
3.76,118,15,3,0,50,24.5
1.78,75,1,4,0,50,14.93
5.95,285,5,4,0,50,48.75
77.41,630,7,4,0,50,181.83
9.95,640,10,4,0,50,111.08
6.05,423,6,5,0,50,62.8
9.62,397,9,5,0,50,71.58
25.53,960,11,5,0,50,163.17
8.49,313,5,6,0,50,66.33
6.78,109,6,6,0,50,27.17
4.43,273,9,6,0,50,51.67
20.28,843,11,6,0,50,156.75
44.86,255,2,0,0,50,79.55
37.14,344,4,0,0,50,98.27
1.65,52,6,0,0,50,8.27
1.77,53,8,0,0,50,7.67
1.09,52,10,0,0,50,7.42
1.7,54,18,3,0,50,10.83
1.81,35,2,4,0,50,7.58
43.73,214,7,4,0,50,83.33
34.21,197,13,4,0,50,59.58
1.68,45,17,4,0,50,9.6
2.47,103,5,5,0,50,27.33
1.33,68,6,5,0,50,12.67
1.74,81,7,5,0,50,15.43
42.82,102,7,5,0,50,56.33
34.47,230,13,5,0,50,69.17
1.66,41,17,5,0,50,9.75
1.78,67,0,6,0,50,10.25
0.82,35,7,6,0,50,5.1
42.39,127,7,6,0,50,60.5
34.21,212,13,6,0,50,66.67
2.05,56,17,6,0,50,10.93
2.42,62,5,0,0,50,13.08
1.21,77,5,0,0,50,10.83
43.68,233,7,0,0,50,70.5
34.25,180,13,0,0,50,64.17
1.66,29,14,0,0,50,7.93
45.46,192,21,0,0,50,74.0
38.74,160,5,1,0,50,61.67
1.63,65,9,1,0,50,10.17
2.35,82,10,1,0,50,21.0
4.41,193,10,1,0,50,35.33
31.97,215,12,1,0,50,72.5
2.2,57,0,2,0,50,15.92
30.5,119,7,2,0,50,45.17
3.36,104,9,2,0,50,16.58
6.82,463,4,3,0,50,74.93
2.13,104,7,3,0,50,18.87
2.53,77,8,3,0,50,13.37
0.82,31,10,3,0,50,6.42
1.72,76,15,3,0,50,12.25
1.92,75,0,4,0,50,15.75
2.03,58,4,4,0,50,13.5
1.06,60,4,4,0,50,7.75
1.5,40,5,4,0,50,7.02
2.36,77,17,5,0,50,14.42
5.25,116,0,6,0,50,23.58
40.64,522,2,6,0,50,124.58
3.91,281,4,6,0,50,35.25
32.15,141,10,6,0,50,49.83
3.44,119,11,6,0,50,23.0
2.51,155,17,6,0,50,26.58
4.63,156,4,0,0,50,36.95
4.82,174,9,0,0,50,47.25
2.31,71,15,0,0,50,12.5
2.53,124,23,0,0,50,20.0
2.45,109,4,1,0,50,23.33
1.71,52,10,1,0,50,10.75
1.85,29,2,2,0,50,7.75
3.52,68,3,2,0,50,20.68
8.12,202,3,2,0,50,48.8
1.71,44,4,2,0,50,9.5
1.52,38,9,2,0,50,8.7
1.79,78,10,2,0,50,16.68
1.54,35,20,2,0,50,8.0
0.93,64,9,3,0,50,9.83
1.22,87,9,3,0,50,12.0
2.48,86,18,3,0,50,18.08
2.3,105,0,4,0,50,19.58
1.59,62,5,4,0,50,11.92
4.71,153,6,4,0,50,29.05
4.0,114,7,4,0,50,26.08
1.81,76,9,4,0,50,11.75
1.26,40,10,4,0,50,7.68
1.46,52,17,4,0,50,10.67
9.79,218,0,5,0,50,31.92
8.7,250,4,5,0,50,49.42
2.99,152,11,5,0,50,18.42
32.98,330,12,5,0,50,74.5
4.05,51,16,5,0,50,19.67
2.24,49,17,5,0,50,13.75
7.59,363,2,6,0,50,78.8
31.81,132,6,6,0,50,51.77
3.54,132,8,6,0,50,20.42
2.17,62,9,6,0,50,10.03
1.88,62,10,6,0,50,10.33
2.4,66,17,6,0,50,13.0
1.66,100,1,0,0,50,11.5
1.51,90,3,0,0,50,16.08
1.45,45,5,0,0,50,9.58
2.28,59,6,0,0,50,13.33
5.89,195,9,0,0,50,50.45
1.94,51,13,0,0,50,11.0
1.68,71,21,0,0,50,10.85
1.5,43,5,1,0,50,7.5
0.91,37,10,1,0,50,7.5
0.94,65,10,1,0,50,8.92
2.46,78,14,1,0,50,12.9
7.35,51,0,2,0,50,30.53
4.36,55,3,2,0,50,10.58
1.53,47,3,2,0,50,8.58
1.83,55,5,2,0,50,10.33
3.07,138,6,2,0,50,30.83
3.43,127,11,2,0,50,24.92
34.2,212,12,2,0,50,69.08
36.94,276,14,2,0,50,70.6
9.87,431,4,3,0,50,63.83
3.3,226,9,3,0,50,34.3
8.92,346,11,3,0,50,59.17
1.51,36,3,4,0,50,8.17
3.77,137,5,4,0,50,20.47
3.51,148,10,4,0,50,31.83
1.49,34,11,4,0,50,5.93
15.19,584,8,5,0,50,93.67
13.06,396,12,5,0,50,96.32
4.7,79,3,6,0,50,22.33
38.95,105,4,6,0,50,51.75
34.28,355,5,6,0,50,82.45
1.27,41,9,6,0,50,7.78
4.65,292,10,6,0,50,39.7
1.13,34,2,0,0,50,6.17
1.15,27,3,0,0,50,5.35
3.5,96,3,0,0,50,16.6
1.68,57,8,0,0,50,7.92
1.02,43,9,0,0,50,7.27
1.09,41,10,0,0,50,7.93
1.54,32,20,0,0,50,6.42
1.48,37,3,1,0,50,8.37
2.33,48,8,1,0,50,6.83
0.98,41,9,1,0,50,7.33
0.9,25,10,1,0,50,6.28
1.64,67,19,1,0,50,12.42
1.41,30,12,2,0,50,6.5
1.59,46,18,2,0,50,9.45
1.51,31,2,3,0,50,7.33
1.53,61,3,3,0,50,8.52
1.7,73,3,3,0,50,14.35
3.49,171,4,3,0,50,31.45
1.49,36,6,3,0,50,7.5
2.6,55,19,3,0,50,13.33
2.01,46,1,4,0,50,16.7
1.4,85,10,4,0,50,13.25
1.2,34,5,5,0,50,6.58
2.43,56,18,5,0,50,14.0
2.5,54,2,6,0,50,13.0
1.56,29,22,6,0,50,7.08
1.56,42,6,0,0,50,7.83
1.51,80,9,0,0,50,13.5
0.97,35,10,0,0,50,7.13
1.78,53,10,0,0,50,9.75
2.3,83,17,0,0,50,16.35
2.89,133,1,1,0,50,26.33
5.32,181,4,1,0,50,43.17
2.08,58,5,1,0,50,18.08
1.92,75,7,1,0,50,11.42
1.67,51,8,1,0,50,9.92
1.7,58,9,1,0,50,10.92
1.56,38,19,1,0,50,8.17
1.7,49,5,2,0,50,8.5
5.83,162,10,2,0,50,39.67
3.17,68,11,2,0,50,14.83
0.85,39,16,2,0,50,5.92
2.34,136,1,3,0,50,25.42
1.53,70,3,3,0,50,14.17
3.17,86,10,3,0,50,11.67
1.85,69,1,4,0,50,12.17
2.34,76,5,6,0,50,15.17
2.48,94,7,6,0,50,18.57
0.97,37,9,6,0,50,7.25
0.8,40,9,6,0,50,6.02
4.16,98,12,6,0,50,29.08
2.57,87,13,6,0,50,14.38
1.86,139,22,6,0,50,16.42
1.53,49,6,0,0,50,8.08
1.78,74,8,0,0,50,12.75
3.73,155,9,0,0,50,30.12
1.74,67,10,0,0,50,11.17
1.72,57,9,1,0,50,11.67
1.86,60,10,1,0,50,12.1
2.14,102,11,1,0,50,12.92
1.43,66,17,1,0,50,9.33
1.6,31,1,2,0,50,7.83
1.46,36,2,2,0,50,7.17
1.43,33,12,2,0,50,7.58
1.48,22,21,2,0,50,9.5
1.78,49,4,3,0,50,7.67
0.99,22,8,3,0,50,5.17
0.83,40,10,3,0,50,6.07
1.3,65,13,3,0,50,7.83
42.33,341,23,3,0,50,103.33
9.8,420,10,4,0,50,60.6
2.59,226,1,5,0,50,30.75
2.24,127,6,5,0,50,16.08
12.33,592,7,5,0,50,91.47
30.61,136,12,5,0,50,45.5
5.0,205,9,6,0,50,47.25
2.37,145,21,6,0,50,21.08
3.25,130,9,0,0,50,22.73
1.27,51,11,0,0,50,11.83
2.18,46,14,0,0,50,9.52
2.14,50,19,0,0,50,11.58
4.2,201,9,1,0,50,33.57
0.86,34,10,1,0,50,5.95
1.62,111,17,1,0,50,16.17
1.44,36,8,2,0,50,7.08
3.58,71,8,2,0,50,15.85
10.08,715,9,2,0,50,116.42
2.59,183,12,2,0,50,28.88
4.72,221,4,3,0,50,40.92
5.3,61,11,3,0,50,12.08
2.74,105,3,5,0,50,18.25
0.74,57,5,5,0,50,6.9
3.52,121,6,5,0,50,23.12
0.73,37,7,5,0,50,5.42
3.59,136,8,5,0,50,24.62
11.54,242,9,5,0,50,50.82
0.58,64,11,5,0,50,6.68
0.89,74,11,5,0,50,10.35
7.91,142,12,5,0,50,24.85
1.49,36,17,5,0,50,7.0
2.36,79,9,6,0,50,13.25
1.29,53,10,6,0,50,8.28
1.0,36,11,6,0,50,5.42
2.75,101,11,6,0,50,16.87
1.48,44,19,6,0,50,8.75
1.7,67,3,1,0,50,11.33
3.83,125,4,1,0,50,31.25
2.29,61,5,1,0,50,16.17
0.66,35,6,1,0,50,6.25
1.38,42,8,1,0,50,7.08
3.22,310,9,1,0,50,37.2
1.55,32,6,2,0,50,7.0
4.86,263,9,2,0,50,54.33
1.1,61,11,2,0,50,8.12
1.59,51,12,2,0,50,8.85
2.69,94,14,2,0,50,24.03
0.72,42,16,2,0,50,6.92
1.5,53,9,3,0,50,9.33
1.77,62,10,3,0,50,15.6
68.69,342,11,3,0,50,115.5
30.78,85,1,4,0,50,46.75
1.47,40,3,4,0,50,8.5
2.57,114,4,4,0,50,19.75
2.48,96,5,4,0,50,15.17
1.8,83,9,4,0,50,12.75
0.85,35,9,4,0,50,5.42
1.17,29,10,4,0,50,6.8
1.69,83,13,4,0,50,12.83
1.89,48,18,4,0,50,8.0
1.44,111,6,5,0,50,17.08
1.05,49,13,5,0,50,6.97
1.63,49,17,5,0,50,14.33
1.62,73,7,6,0,50,11.67
3.89,235,8,6,0,50,36.07
1.19,65,9,6,0,50,8.2
1.56,31,16,6,0,50,9.0
1.83,113,6,0,0,50,15.25
1.78,78,9,0,0,50,11.92
2.43,77,10,0,0,50,16.12
0.99,53,11,0,0,50,9.38
2.48,120,13,0,0,50,17.75
9.76,164,0,1,0,50,42.83
8.26,112,2,1,0,50,25.75
0.93,28,3,1,0,50,10.28
2.37,52,5,1,0,50,14.27
1.96,51,7,1,0,50,18.02
4.22,304,9,1,0,50,46.78
1.13,29,14,1,0,50,6.08
2.31,87,14,1,0,50,20.1
1.8,43,17,1,0,50,10.25
1.75,33,6,2,0,50,7.25
1.89,81,9,2,0,50,13.15
3.09,99,10,2,0,50,17.33
3.01,66,14,2,0,50,14.0
1.47,43,22,2,0,50,8.0
1.55,48,1,3,0,50,7.42
3.95,154,2,3,0,50,25.08
1.4,73,6,3,0,50,11.67
8.0,152,8,3,0,50,28.92
9.83,310,14,3,0,50,59.12
9.11,109,22,3,0,50,22.83
1.55,38,7,4,0,50,7.5
1.6,45,22,4,0,50,9.83
45.74,563,1,5,0,50,160.45
17.3,503,8,5,0,50,96.08
29.78,376,6,6,0,50,106.92
0.88,69,9,6,0,50,9.92
0.87,43,11,6,0,50,7.42
1.71,27,16,6,0,50,7.43
1.75,61,5,0,0,50,9.77
3.12,83,7,0,0,50,16.25
1.74,70,10,0,0,50,12.98
2.18,62,12,0,0,50,19.12
1.48,33,18,0,0,50,7.08
6.19,176,5,1,0,50,25.42
3.6,66,6,1,0,50,24.53
1.75,32,10,1,0,50,10.08
1.52,50,10,1,0,50,9.13
0.97,46,14,1,0,50,6.83
0.83,25,14,1,0,50,5.3
1.52,51,16,1,0,50,11.13
28.71,541,21,1,0,50,109.33
6.19,167,0,2,0,50,31.5
3.4,99,6,2,0,50,14.25
1.78,64,9,2,0,50,12.2
2.44,99,10,2,0,50,18.5
1.18,46,11,2,0,50,8.25
1.4,53,0,3,0,50,6.2
1.48,23,2,3,0,50,7.58
2.94,49,3,3,0,50,12.18
0.96,46,9,3,0,50,7.83
1.44,36,11,3,0,50,7.17
1.68,53,0,4,0,50,9.33
1.2,18,1,4,0,50,5.57
1.05,18,3,4,0,50,5.33
1.41,40,5,4,0,50,6.58
1.23,46,6,4,0,50,7.17
1.8,66,10,4,0,50,11.17
1.25,52,11,4,0,50,9.0
3.95,224,14,4,0,50,31.75
1.29,61,2,5,0,50,9.1
1.62,33,3,5,0,50,7.83
2.82,67,4,5,0,50,21.0
2.28,55,6,5,0,50,8.75
4.25,139,14,5,0,50,25.17
1.99,38,10,6,0,50,12.67
2.67,137,9,0,0,50,31.17
1.56,55,14,0,0,50,11.93
3.69,89,4,1,0,50,16.35
3.1,38,5,1,0,50,11.18
5.9,155,9,1,0,50,32.77
2.84,72,10,1,0,50,13.95
7.42,238,13,1,0,50,60.48
1.92,92,23,1,0,50,13.92
1.6,23,7,2,0,50,6.42
2.37,99,9,2,0,50,15.0
1.26,46,21,2,0,50,6.78
1.75,47,4,3,0,50,9.67
43.34,265,8,3,0,50,87.58
26.8,412,15,3,0,50,71.92
5.78,152,10,4,0,50,26.17
4.12,132,2,5,0,50,37.42
1.41,52,10,5,0,50,7.77
8.13,198,0,6,0,50,36.83
14.05,88,1,6,0,50,23.0
3.59,147,2,6,0,50,27.63
49.43,502,3,6,0,50,112.0
50.93,429,8,6,0,50,114.08
3.61,251,11,6,0,50,40.58
3.97,264,13,6,0,50,36.82
34.34,442,1,0,0,50,94.0
2.55,79,7,0,0,50,14.67
33.73,142,7,0,0,50,50.67
2.33,57,10,0,0,50,15.92
1.66,66,17,0,0,50,10.67
8.15,509,17,0,0,50,81.58
2.54,51,4,1,0,50,15.42
1.49,56,9,1,0,50,9.75
2.37,125,10,1,0,50,17.42
1.84,58,10,1,0,50,9.83
1.14,29,13,1,0,50,6.25
1.7,34,14,1,0,50,9.0
1.37,79,4,2,0,50,13.6
0.79,58,17,2,0,50,7.58
10.91,539,2,3,0,50,79.52
16.95,885,5,3,0,50,145.15
4.95,230,2,4,0,50,36.08
1.59,53,3,4,0,50,10.2
3.47,159,4,4,0,50,22.25
3.99,138,4,5,0,50,23.77
1.02,40,9,5,0,50,7.0
1.31,65,9,5,0,50,10.03
9.49,218,2,6,0,50,59.42
21.06,215,4,6,0,50,48.85
19.25,469,6,6,0,50,80.98
1.54,64,5,3,0,50,8.87
8.15,233,10,3,0,50,37.6
6.51,224,23,3,0,50,42.23
2.25,120,1,4,0,50,17.5
2.03,68,5,4,0,50,12.3
3.24,285,6,4,0,50,27.13
18.5,900,23,4,0,50,211.8
15.68,377,10,5,0,50,82.65
13.07,175,23,5,0,50,40.62
16.41,301,2,6,0,50,51.0
6.22,235,6,6,0,50,40.17
11.48,305,8,6,0,50,48.2
6.31,324,23,6,0,50,46.53
5.21,401,4,0,0,50,47.63
1.04,90,11,0,0,50,11.52
6.67,401,11,0,0,50,54.43
6.28,251,23,0,0,50,27.48
1.11,63,23,0,0,50,9.5
0.73,32,10,1,0,50,5.28
2.4,98,10,1,0,50,15.47
4.71,107,13,1,0,50,20.67
4.12,160,23,1,0,50,19.87
3.22,146,23,1,0,50,24.95
6.36,211,11,2,0,50,30.07
6.51,290,23,2,0,50,41.8
2.05,77,5,3,0,50,14.32
1.8,41,8,3,0,50,7.98
5.9,140,13,3,0,50,28.87
6.72,296,23,3,0,50,40.37
1.03,69,5,4,0,50,7.95
8.51,302,6,4,0,50,51.6
1.25,82,7,4,0,50,9.22
11.11,176,0,5,0,50,35.28
2.3,75,1,5,0,50,12.35
12.95,584,3,5,0,50,91.22
11.49,167,5,5,0,50,32.02
1.06,110,6,5,0,50,12.13
0.7,38,8,5,0,50,8.4
5.74,131,0,0,0,50,29.07
5.58,109,13,0,0,50,33.37
6.41,271,23,0,0,50,55.8
2.39,84,5,1,0,50,15.47
3.11,220,6,1,0,50,30.57
4.54,272,12,1,0,50,38.72
7.72,310,13,1,0,50,53.5
7.85,291,23,1,0,50,58.13
10.02,519,11,2,0,50,97.27
2.37,143,5,3,0,50,21.97
5.88,158,13,3,0,50,30.33
6.78,386,23,3,0,50,43.28
4.06,283,3,4,0,50,44.08
3.64,153,10,4,0,50,38.93
3.64,160,13,4,0,50,27.12
7.22,437,16,4,0,50,46.43
6.99,302,3,5,0,50,63.72
7.61,213,7,5,0,50,38.25
16.98,1026,9,5,0,50,134.38
12.73,435,3,6,0,50,78.48
11.73,406,8,6,0,50,68.03
7.67,279,23,0,0,50,42.05
6.42,223,23,1,0,50,39.5
2.55,94,6,2,0,50,22.88
1.71,38,6,2,0,50,10.93
1.96,89,7,2,0,50,13.7
5.75,190,12,2,0,50,29.23
0.91,10,23,2,0,50,9.82
5.32,95,0,3,0,50,26.48
5.94,198,12,3,0,50,25.02
7.48,219,23,3,0,50,46.43
6.26,146,14,4,0,50,28.6
7.94,255,0,5,0,50,49.38
19.93,629,3,5,0,50,122.02
14.17,940,7,5,0,50,144.12
10.72,456,3,6,0,50,74.25
16.12,749,4,6,0,50,150.6
7.53,197,0,0,0,50,36.3
4.74,277,4,0,0,50,46.88
1.17,62,10,0,0,50,8.83
5.88,142,23,0,0,50,37.8
1.17,63,0,1,0,50,8.13
6.45,230,13,1,0,50,40.77
8.42,300,23,1,0,50,42.4
3.45,104,10,2,0,50,16.4
10.48,560,13,2,0,50,79.47
6.52,228,12,3,0,50,59.98
8.33,257,23,3,0,50,58.08
3.21,131,10,0,0,50,25.23
3.1,160,13,0,0,50,27.62
5.69,75,0,1,0,50,25.97
5.66,83,14,1,0,50,20.67
5.71,83,0,2,0,50,28.78
5.82,114,11,2,0,50,25.65
5.79,84,23,2,0,50,39.27
2.24,97,5,3,0,50,15.35
1.06,47,6,3,0,50,5.98
1.85,75,7,3,0,50,7.18
5.94,180,14,3,0,50,35.33
7.79,133,0,4,0,50,47.37
4.39,198,3,4,0,50,23.55
5.7,169,14,4,0,50,25.37
11.22,182,23,4,0,50,56.9
15.76,560,1,5,0,50,88.18
9.23,236,3,5,0,50,43.37
1.26,48,8,5,0,50,5.13
10.39,365,3,6,0,50,56.2
9.74,440,9,6,0,50,86.82
5.92,138,13,6,0,50,24.77
5.81,89,0,0,0,50,29.63
6.23,172,14,0,0,50,41.98
8.46,199,0,1,0,50,50.42
23.58,249,1,1,0,50,63.38
36.41,1309,5,1,0,50,231.32
7.28,333,13,1,0,50,55.85
8.36,255,0,2,0,50,53.63
6.5,242,9,2,0,50,31.47
8.24,286,0,3,0,50,46.18
0.62,45,11,3,0,50,6.57
7.08,324,11,3,0,50,50.57
8.27,210,0,4,0,50,48.83
0.91,58,5,4,0,50,9.08
6.6,172,14,4,0,50,38.63
11.07,701,9,5,0,50,98.4
6.24,141,8,6,0,50,42.45
3.52,136,11,6,0,50,19.45
5.8,116,23,6,0,50,35.42
2.03,164,0,4,0,50,16.03
2.24,72,0,4,0,50,14.33
14.07,84,11,4,0,50,23.13
8.3,245,13,4,0,50,45.28
2.12,45,17,4,0,50,7.52
21.37,794,7,5,0,50,108.52
1.25,126,11,5,0,50,12.72
8.88,335,12,5,0,50,45.3
5.06,254,2,6,0,50,30.7
23.35,1315,4,6,0,50,199.05
17.61,1091,8,6,0,50,169.93
2.12,53,23,6,0,50,14.4
15.62,825,10,0,0,50,132.67
1.85,165,14,0,0,50,18.13
1.12,51,0,1,0,50,5.78
1.04,59,0,1,0,50,10.48
9.73,444,10,1,0,50,74.78
2.24,175,12,1,0,50,24.37
1.29,69,0,2,0,50,8.68
1.06,64,0,2,0,50,10.85
9.6,449,9,2,0,50,58.98
3.79,57,0,3,0,50,14.07
0.91,45,0,3,0,50,8.7
12.71,741,10,3,0,50,133.13
2.05,122,0,4,0,50,13.75
3.34,49,3,4,0,50,17.52
8.69,283,10,4,0,50,52.62
0.56,64,11,4,0,50,6.52
11.93,89,1,5,0,50,28.83
11.17,640,1,5,0,50,95.87
17.04,593,3,5,0,50,124.28
55.14,899,5,5,0,50,187.65
5.04,348,9,5,0,50,53.8
11.53,542,10,5,0,50,82.3
3.88,324,16,5,0,50,38.6
4.47,286,7,6,0,50,43.37
2.35,122,0,0,0,50,15.08
10.88,718,10,0,0,50,120.67
0.58,38,0,1,0,50,6.58
13.14,426,11,1,0,50,77.25
2.25,115,0,3,0,50,18.0
1.32,47,0,3,0,50,10.08
18.71,607,10,3,0,50,114.5
2.98,208,23,3,0,50,24.58
0.61,19,3,4,0,50,6.17
1.14,69,3,4,0,50,9.75
8.84,255,12,4,0,50,46.58
17.75,402,3,6,0,50,76.0
27.02,1105,5,6,0,50,169.42
22.96,1090,8,6,0,50,204.83
14.87,930,10,0,0,50,155.83
1.14,98,0,1,0,50,11.67
3.4,233,6,1,0,50,39.75
12.8,635,10,1,0,50,102.83
0.99,68,0,2,0,50,10.75
5.49,258,3,2,0,50,43.33
10.85,296,11,2,0,50,53.67
11.99,759,13,2,0,50,118.92
1.82,121,0,3,0,50,13.83
0.67,33,0,3,0,50,7.5
0.95,48,3,3,0,50,7.92
11.33,605,10,3,0,50,94.08
1.8,83,0,4,0,50,11.18
0.68,43,0,4,0,50,7.42
18.57,666,3,4,0,50,122.5
13.95,545,6,4,0,50,81.5
10.53,428,11,4,0,50,74.08
9.16,568,2,5,0,50,83.43
2.78,152,3,5,0,50,16.5
8.18,220,7,5,0,50,56.25
10.16,293,13,5,0,50,63.92
13.76,744,3,6,0,50,133.75
5.8,394,6,6,0,50,64.68
14.88,529,8,6,0,50,96.9
5.9,163,10,6,0,50,40.27
1.4,62,23,6,0,50,9.58
0.97,71,0,0,0,50,9.58
3.61,216,3,0,0,50,37.33
11.03,370,10,0,0,50,74.17
6.63,513,12,0,0,50,70.0
2.32,128,0,1,0,50,15.25
9.01,302,11,1,0,50,50.17
2.19,116,0,2,0,50,13.33
13.6,662,13,2,0,50,96.0
1.66,65,0,3,0,50,11.67
5.04,373,3,3,0,50,49.42
9.19,191,14,3,0,50,40.83
2.4,44,0,4,0,50,8.83
0.86,63,0,4,0,50,9.08
8.87,271,11,4,0,50,49.02
3.58,168,5,5,0,50,21.83
21.17,1159,8,5,0,50,203.33
4.19,297,11,6,0,50,42.75
1.92,125,0,0,0,50,15.42
1.24,106,0,0,0,50,14.08
14.75,870,10,0,0,50,150.42
1.73,93,23,0,0,50,12.0
2.33,97,4,1,0,50,15.67
9.94,374,10,1,0,50,78.03
4.06,286,23,1,0,50,39.17
1.23,79,0,2,0,50,11.42
1.07,49,4,2,0,50,12.33
10.55,480,11,2,0,50,92.75
2.39,107,23,2,0,50,18.83
1.23,79,0,3,0,50,12.83
1.12,70,4,3,0,50,13.17
11.44,414,10,3,0,50,85.5
3.21,214,23,3,0,50,31.0
1.58,64,0,4,0,50,12.33
0.64,43,3,4,0,50,6.0
8.97,226,13,4,0,50,53.67
5.34,224,4,5,0,50,47.42
6.62,333,5,5,0,50,58.42
0.8,76,6,5,0,50,9.42
3.51,95,7,5,0,50,19.67
18.94,1086,8,5,0,50,160.35
11.2,333,11,5,0,50,81.32
18.84,656,9,6,0,50,107.17
2.46,78,23,6,0,50,18.83
1.64,107,3,0,0,50,15.42
1.28,87,4,0,0,50,14.83
9.18,253,10,0,0,50,53.58
1.95,63,0,1,0,50,8.5
1.27,92,0,1,0,50,14.67
2.7,169,3,1,0,50,31.92
9.45,308,10,1,0,50,59.0
3.24,71,23,1,0,50,24.08
16.14,619,9,2,0,50,113.5
2.29,55,0,3,0,50,8.42
3.57,209,3,3,0,50,36.33
24.26,1488,10,3,0,50,224.5
3.0,199,23,3,0,50,25.33
2.18,67,0,4,0,50,12.42
0.73,36,3,4,0,50,8.75
12.33,421,12,4,0,50,74.5
13.01,392,1,5,0,50,72.5
13.82,480,3,5,0,50,89.75
10.33,403,5,5,0,50,75.25
19.02,347,6,5,0,50,75.58
3.02,139,9,5,0,50,17.25
1.33,105,9,5,0,50,13.63
4.29,60,5,6,0,50,7.83
8.89,315,5,6,0,50,51.67
32.79,1743,6,6,0,50,231.52
0.73,44,0,0,0,50,6.1
10.14,390,10,0,0,50,64.75
0.89,42,0,1,0,50,6.42
2.57,15,11,1,0,50,5.75
0.89,62,4,2,0,50,8.5
8.48,144,12,4,0,50,33.17
12.43,241,10,5,0,50,55.03
7.21,287,8,2,0,50,40.92
8.09,234,10,3,0,50,49.75
2.94,66,0,4,0,50,15.58
0.84,42,0,4,0,50,9.33
16.46,501,5,4,0,50,82.0
12.1,459,11,4,0,50,75.42
4.57,109,12,4,0,50,32.33
5.25,171,23,4,0,50,24.92
0.87,66,0,0,0,50,6.87
10.86,328,10,0,0,50,45.0
1.54,62,10,1,0,50,7.55
9.8,207,10,1,0,50,38.35
2.73,302,11,1,0,50,32.52
1.71,45,5,2,0,50,14.92
9.75,383,11,2,0,50,52.48
8.76,142,10,3,0,50,33.73
1.54,113,11,3,0,50,13.32
7.47,275,13,3,0,50,35.07
15.68,379,4,4,0,50,60.9
2.05,73,6,4,0,50,13.88
0.58,17,2,5,0,50,6.6
2.59,74,2,5,0,50,14.12
20.39,79,7,5,0,50,22.88
6.97,245,8,5,0,50,33.47
2.06,195,4,6,0,50,24.53
1.24,67,9,6,0,50,7.35
1.77,6,12,0,0,50,8.8
4.71,113,6,1,0,50,27.73
2.05,131,7,2,0,50,18.1
15.87,926,11,2,0,50,99.95
2.4,75,5,3,0,50,8.53
27.96,379,7,3,0,50,81.12
6.15,206,9,3,0,50,28.97
33.65,154,11,3,0,50,51.45
1.34,93,5,4,0,50,12.47
1.13,85,8,4,0,50,10.27
0.97,90,10,4,0,50,7.68
29.59,143,23,4,0,50,28.97
97.82,316,0,5,0,50,98.93
14.74,174,4,5,0,50,39.05
4.31,51,6,5,0,50,10.88
8.05,7,6,5,0,50,5.38
2.07,209,14,5,0,50,22.3
13.8,478,10,6,0,50,76.05
1.85,57,0,0,0,50,11.03
0.61,56,0,0,0,50,5.15
10.2,451,9,0,0,50,49.43
11.7,574,10,1,0,50,72.47
12.43,637,10,2,0,50,76.85
1.9,103,9,3,0,50,19.67
11.05,269,10,3,0,50,39.13
3.47,101,12,3,0,50,12.33
1.15,88,0,4,0,50,8.52
7.84,245,11,4,0,50,42.7
2.19,216,12,4,0,50,22.97
2.14,154,5,5,0,50,13.32
12.93,453,6,5,0,50,61.37
5.9,196,8,5,0,50,20.47
1.49,117,9,5,0,50,15.23
7.36,90,13,5,0,50,20.57
1.81,159,15,5,0,50,18.38
1.0,85,4,6,0,50,8.48
45.75,1119,7,6,0,50,170.83
1.69,170,11,6,0,50,18.73
0.76,69,9,0,0,50,8.13
1.69,176,10,0,0,50,19.15
5.76,178,12,0,0,50,39.43
1.92,48,23,0,0,50,6.7
1.64,71,23,0,0,50,8.9
0.7,62,0,1,0,50,7.68
9.66,313,11,1,0,50,50.93
1.53,30,0,2,0,50,12.97
10.7,499,10,2,0,50,59.6
1.44,42,0,3,0,50,9.33
8.97,236,10,3,0,50,39.1
2.63,109,0,4,0,50,14.43
10.1,344,12,4,0,50,63.38
8.92,178,2,5,0,50,41.08
16.13,1000,3,5,0,50,125.42
2.07,59,7,5,0,50,9.28
1.63,51,8,5,0,50,9.65
4.05,287,8,5,0,50,28.12
7.26,488,9,5,0,50,60.62
10.99,328,11,5,0,50,50.2
2.13,97,9,6,0,50,12.08
1.35,128,9,6,0,50,13.77
1.51,154,10,6,0,50,14.83
4.84,179,12,6,0,50,20.27
2.88,105,13,6,0,50,12.57
1.72,85,0,0,0,50,13.67
9.16,346,10,0,0,50,47.8
2.01,229,11,0,0,50,24.1
3.75,287,20,0,0,50,36.57
1.11,46,0,1,0,50,8.87
10.2,465,10,1,0,50,71.28
0.74,54,9,2,0,50,7.28
0.86,70,10,2,0,50,8.18
0.7,91,13,2,0,50,7.55
1.17,104,13,2,0,50,10.55
1.9,32,0,3,0,50,9.5
1.82,51,3,3,0,50,7.72
12.64,383,10,3,0,50,62.95
9.31,273,11,4,0,50,41.93
3.49,108,3,5,0,50,22.03
11.71,350,12,5,0,50,44.83
1.53,151,6,6,0,50,15.85
4.26,131,7,6,0,50,17.38
3.95,160,8,6,0,50,30.28
9.74,385,10,0,0,50,59.43
1.41,55,10,1,0,50,9.8
1.15,114,11,1,0,50,11.1
2.61,171,13,1,0,50,17.85
1.31,117,9,2,0,50,13.35
1.13,101,10,2,0,50,10.92
0.64,59,13,2,0,50,6.23
2.93,172,14,2,0,50,18.32
9.68,332,13,3,0,50,54.93
0.75,84,11,4,0,50,8.93
9.21,263,13,4,0,50,44.27
1.91,50,0,5,0,50,6.85
0.85,77,3,5,0,50,9.42
2.07,87,3,5,0,50,10.37
8.93,296,13,5,0,50,41.67
0.83,90,3,6,0,50,9.8
0.95,95,4,6,0,50,11.02
9.48,319,13,6,0,50,44.12
0.7,58,0,0,0,50,5.82
9.41,284,13,0,0,50,47.75
2.5,104,0,1,0,50,15.08
9.53,289,14,1,0,50,45.78
0.67,54,10,2,0,50,6.67
9.44,305,13,2,0,50,41.73
9.24,295,14,3,0,50,43.1
0.52,55,0,4,0,50,5.67
0.83,68,11,4,0,50,8.57
1.8,30,14,4,0,50,9.83
2.05,162,1,5,0,50,18.48
9.14,698,6,5,0,50,86.8
3.94,139,8,5,0,50,18.95
14.81,366,11,5,0,50,58.68
11.01,317,12,6,0,50,49.37
16.07,524,11,0,0,50,75.92
14.36,642,10,1,0,50,84.37
8.39,213,13,2,0,50,32.77
3.34,109,13,3,0,50,16.63
2.4,41,13,3,0,50,6.75
10.82,275,1,5,0,50,42.03
1.64,120,2,5,0,50,12.43
2.85,165,7,6,0,50,18.08
18.98,635,8,6,0,50,99.65
1.08,44,11,1,0,50,7.93
9.34,351,12,1,0,50,44.5
8.83,210,11,2,0,50,38.5
1.08,80,11,2,0,50,8.88
8.68,205,14,3,0,50,31.23
4.33,89,2,5,0,50,11.42
13.91,394,11,5,0,50,54.0
1.53,97,8,6,0,50,12.17
2.42,87,17,3,0,50,17.58
1.78,86,2,4,0,50,11.0
1.49,38,7,4,0,50,8.58
0.97,50,9,4,0,50,7.67
1.19,67,10,4,0,50,10.77
2.7,74,1,5,0,50,17.33
2.45,125,5,5,0,50,25.77
7.11,158,10,5,0,50,46.6
3.27,96,12,5,0,50,20.97
1.67,33,18,5,0,50,8.33
1.9,41,4,6,0,50,9.08
1.55,51,5,6,0,50,8.1
1.69,55,6,6,0,50,10.18
4.3,96,9,6,0,50,18.67
4.5,193,10,6,0,50,35.4
1.38,62,12,6,0,50,10.18
4.34,93,14,6,0,50,21.0
2.25,86,4,0,0,50,23.83
1.57,50,5,0,0,50,9.02
4.45,140,7,0,0,50,37.7
7.92,131,9,0,0,50,29.17
2.57,119,10,0,0,50,25.42
7.41,135,13,0,0,50,24.75
0.91,42,4,1,0,50,7.42
0.83,31,4,1,0,50,6.0
8.74,369,5,1,0,50,67.68
2.15,104,9,1,0,50,17.33
1.75,44,10,1,0,50,11.75
7.05,244,11,1,0,50,58.93
4.68,51,4,2,0,50,20.83
7.88,490,6,2,0,50,86.08
1.28,41,7,2,0,50,8.42
5.8,127,9,2,0,50,28.25
7.65,290,12,2,0,50,68.17
2.25,75,1,3,0,50,16.5
0.88,45,4,3,0,50,6.25
1.57,88,9,3,0,50,13.08
1.57,45,10,3,0,50,8.38
1.43,47,3,4,0,50,8.83
1.38,54,3,4,0,50,16.25
0.74,59,5,4,0,50,8.25
1.54,66,6,4,0,50,11.17
14.24,465,7,4,0,50,71.67
16.78,478,9,4,0,50,92.23
2.11,81,9,5,0,50,14.5
7.05,158,10,5,0,50,33.1
3.79,96,14,5,0,50,20.75
1.51,45,17,5,0,50,8.25
4.98,147,3,6,0,50,36.58
2.98,83,5,6,0,50,15.33
4.36,301,8,6,0,50,43.08
7.19,402,9,6,0,50,68.25
1.83,87,10,6,0,50,14.17
1.46,58,0,0,0,50,9.5
2.79,93,9,0,0,50,15.92
2.77,138,10,0,0,50,28.02
1.4,46,16,0,0,50,8.28
1.83,48,4,1,0,50,10.27
2.58,72,7,1,0,50,22.4
8.53,339,9,1,0,50,53.83
1.75,91,18,1,0,50,12.25
1.53,56,4,2,0,50,9.58
1.55,62,4,2,0,50,9.97
1.6,54,7,2,0,50,10.58
1.76,49,8,2,0,50,8.1
1.53,52,9,2,0,50,10.08
1.61,57,10,2,0,50,12.08
1.78,99,3,3,0,50,19.42
2.37,83,3,3,0,50,16.1
1.83,84,4,3,0,50,13.37
17.65,527,6,3,0,50,85.92
16.86,522,9,3,0,50,113.35
1.71,121,12,3,0,50,17.28
2.04,77,17,3,0,50,12.17
14.6,408,1,4,0,50,78.82
14.13,657,4,4,0,50,118.83
3.11,114,7,4,0,50,17.58
4.13,214,8,4,0,50,36.33
4.65,75,14,4,0,50,18.33
6.04,181,1,5,0,50,33.25
5.5,145,5,5,0,50,32.67
4.61,145,7,6,0,50,25.42
2.7,69,9,6,0,50,8.55
1.79,36,9,6,0,50,6.92
1.09,66,10,6,0,50,9.57
1.93,84,18,6,0,50,12.92
3.52,245,4,0,0,50,40.33
15.23,392,7,0,0,50,66.92
19.11,366,10,0,0,50,75.67
1.96,54,18,0,0,50,8.83
1.56,37,1,1,0,50,8.83
1.49,34,4,1,0,50,9.42
1.2,27,8,1,0,50,6.53
1.45,54,10,1,0,50,9.42
1.6,76,10,1,0,50,11.35
1.77,66,17,1,0,50,11.17
2.17,142,0,2,0,50,23.25
1.68,44,3,2,0,50,14.0
1.69,90,4,2,0,50,14.27
1.45,49,9,2,0,50,11.27
1.64,76,10,2,0,50,15.22
1.4,49,11,2,0,50,8.67
2.07,32,12,2,0,50,9.08
2.95,59,18,2,0,50,13.77
1.45,34,1,3,0,50,9.0
8.43,222,6,3,0,50,49.33
3.23,67,8,3,0,50,17.75
1.64,56,17,3,0,50,11.77
20.86,763,0,4,0,50,127.4
13.95,402,6,4,0,50,68.42
2.26,114,12,4,0,50,18.42
3.98,64,1,5,0,50,17.92
0.89,26,4,5,0,50,5.42
3.84,170,9,5,0,50,35.08
3.79,113,10,5,0,50,25.33
5.51,223,13,5,0,50,48.77
2.33,29,3,6,0,50,10.17
2.77,198,3,6,0,50,27.5
4.26,124,8,6,0,50,22.83
1.75,38,9,6,0,50,8.78
5.24,286,10,6,0,50,51.55
2.02,93,17,6,0,50,16.83
1.67,41,1,0,0,50,8.08
1.58,40,3,0,0,50,10.17
1.52,47,4,0,0,50,11.82
23.6,116,5,0,0,50,35.58
27.13,225,7,0,0,50,50.85
1.88,55,9,0,0,50,8.13
2.17,51,9,0,0,50,8.9
1.64,74,17,0,0,50,12.08
1.46,35,1,1,0,50,7.08
1.73,53,7,1,0,50,7.58
1.63,42,8,1,0,50,5.85
1.56,61,9,1,0,50,9.17
27.86,257,22,1,0,50,56.92
15.77,441,5,2,0,50,84.07
3.01,113,9,2,0,50,29.73
2.02,30,18,2,0,50,19.67
6.89,135,4,3,0,50,30.45
2.52,178,4,3,0,50,24.33
4.35,326,11,3,0,50,47.5
2.28,92,17,3,0,50,14.42
2.29,54,3,4,0,50,18.08
4.22,97,5,4,0,50,19.08
5.22,186,11,4,0,50,43.23
2.32,58,14,4,0,50,8.5
24.8,1694,0,5,0,50,291.78
8.22,236,5,5,0,50,64.83
9.94,365,13,5,0,50,69.1
1.95,107,18,5,0,50,17.68
3.43,149,6,6,0,50,23.75
1.1,53,7,6,0,50,6.35
0.86,44,8,6,0,50,5.77
1.56,36,9,6,0,50,9.33
2.03,74,10,6,0,50,10.35
1.63,114,20,6,0,50,19.5
5.29,308,8,0,0,50,61.83
1.03,66,9,0,0,50,9.93
3.46,156,9,0,0,50,27.25
2.55,138,10,0,0,50,23.42
7.72,169,23,0,0,50,36.75
9.16,159,1,1,0,50,32.43
2.75,150,14,1,0,50,19.22
11.88,277,1,2,0,50,63.83
27.67,1018,4,2,0,50,167.08
13.43,406,9,2,0,50,64.75
1.14,75,11,2,0,50,8.7
28.11,838,23,2,0,50,161.9
26.93,503,3,3,0,50,113.83
1.57,41,16,3,0,50,9.0
3.62,118,0,4,0,50,36.92
24.24,95,1,4,0,50,39.92
23.28,254,6,4,0,50,60.17
1.91,79,9,4,0,50,12.92
2.47,73,10,4,0,50,11.78
1.52,53,18,4,0,50,7.83
1.61,67,4,6,0,50,10.67
2.94,145,5,6,0,50,25.35
1.64,78,19,6,0,50,12.0
2.69,69,3,0,0,50,10.93
1.74,133,9,0,0,50,14.92
11.51,121,11,0,0,50,30.67
11.67,97,14,0,0,50,25.92
2.6,121,1,1,0,50,23.67
4.62,303,2,1,0,50,43.58
26.83,550,4,1,0,50,109.78
25.62,465,7,1,0,50,100.67
1.2,63,12,1,0,50,8.82
11.17,260,1,2,0,50,40.58
37.44,333,7,2,0,50,76.28
3.9,109,9,2,0,50,15.67
7.59,198,9,2,0,50,43.1
8.9,114,12,2,0,50,25.67
1.17,63,13,2,0,50,8.92
55.66,434,22,2,0,50,130.18
33.65,150,1,3,0,50,48.17
8.17,131,3,3,0,50,34.43
2.45,132,4,3,0,50,27.42
9.33,310,7,3,0,50,59.5
15.89,128,8,3,0,50,41.1
15.46,145,12,3,0,50,30.5
1.04,48,3,4,0,50,6.33
1.12,55,5,4,0,50,7.92
1.82,56,10,4,0,50,11.42
1.8,74,11,4,0,50,15.0
1.66,57,9,5,0,50,7.83
2.38,112,9,5,0,50,16.92
7.23,482,10,5,0,50,79.27
7.06,335,1,6,0,50,67.37
3.48,192,2,6,0,50,34.75
1.18,89,5,6,0,50,11.25
57.99,1056,5,6,0,50,212.75
2.07,138,9,6,0,50,14.27
53.53,497,11,6,0,50,127.03
1.46,37,3,0,0,50,9.0
3.05,122,4,0,0,50,24.17
6.46,289,9,0,0,50,53.55
2.74,141,10,0,0,50,22.08
45.82,739,23,0,0,50,154.92
52.89,1329,4,1,0,50,232.75
27.33,406,23,1,0,50,99.83
27.23,817,2,2,0,50,157.75
1.6,73,10,2,0,50,13.25
26.51,862,0,3,0,50,148.08
1.54,61,4,3,0,50,12.08
2.12,52,4,3,0,50,9.45
2.21,168,7,3,0,50,24.75
8.86,237,10,3,0,50,45.75
8.35,176,13,3,0,50,50.13
7.97,74,16,3,0,50,16.83
1.91,48,0,4,0,50,8.25
1.06,63,5,4,0,50,8.42
1.93,54,10,4,0,50,12.67
2.01,94,9,5,0,50,16.33
2.0,94,10,5,0,50,17.17
4.56,125,0,0,0,50,28.0
2.72,78,3,0,0,50,13.58
1.61,45,6,0,0,50,9.33
1.3,24,10,0,0,50,7.42
4.57,67,10,0,0,50,12.42
2.92,127,17,0,0,50,20.17
2.37,90,10,1,0,50,24.58
1.61,46,18,1,0,50,9.92
4.25,70,3,2,0,50,17.08
3.93,162,6,2,0,50,28.25
1.67,39,8,2,0,50,11.5
8.16,548,9,2,0,50,91.33
0.7,46,11,2,0,50,7.25
2.04,64,10,3,0,50,16.58
13.54,385,4,4,0,50,61.78
11.69,312,8,4,0,50,60.25
2.6,72,11,4,0,50,10.83
9.59,637,12,4,0,50,91.83
4.53,167,15,4,0,50,28.08
5.48,119,15,6,0,50,21.0
0.88,43,1,0,0,50,5.77
16.62,505,3,0,0,50,115.58
8.69,429,5,0,0,50,85.25
8.41,513,9,0,0,50,96.67
25.86,862,5,1,0,50,166.17
1.59,61,10,1,0,50,12.75
1.09,9,10,2,0,50,6.08
6.49,323,4,3,0,50,53.75
30.58,1170,6,3,0,50,209.17
1.6,66,12,3,0,50,11.25
2.59,75,5,4,0,50,20.0
19.53,907,6,4,0,50,155.83
16.63,484,9,4,0,50,87.5
5.01,215,4,5,0,50,42.08
17.72,803,5,5,0,50,157.75
1.09,13,9,5,0,50,7.75
3.35,204,10,5,0,50,36.5
2.26,79,7,6,0,50,20.67
5.04,304,8,6,0,50,54.82
2.04,192,3,0,0,50,20.67
1.49,50,2,1,0,50,8.85
2.87,69,6,1,0,50,14.67
4.0,74,15,1,0,50,19.42
2.18,97,0,2,0,50,12.83
1.83,62,9,2,0,50,15.42
11.65,318,21,2,0,50,55.57
16.89,486,5,4,0,50,81.5
13.45,475,14,4,0,50,72.92
1.13,34,4,5,0,50,5.75
8.86,226,4,6,0,50,43.67
15.82,216,13,6,0,50,54.25
1.63,56,0,0,0,50,11.42
1.31,73,4,0,0,50,9.92
2.95,118,5,0,0,50,15.17
3.73,146,1,1,0,50,27.77
3.79,94,2,1,0,50,15.93
3.26,96,4,1,0,50,13.42
1.89,57,14,1,0,50,12.58
2.38,28,0,2,0,50,12.33
5.53,107,11,2,0,50,16.33
2.78,90,12,2,0,50,20.58
1.42,73,13,2,0,50,11.67
3.94,247,0,3,0,50,45.27
2.04,112,1,3,0,50,21.33
1.89,73,13,3,0,50,17.42
1.26,45,0,4,0,50,7.33
0.65,38,12,4,0,50,5.58
6.35,147,13,4,0,50,36.08
1.24,34,16,4,0,50,7.33
6.03,199,1,5,0,50,38.08
44.61,678,2,5,0,50,165.17
3.63,74,6,5,0,50,14.17
5.2,186,9,5,0,50,44.0
1.93,41,10,5,0,50,6.42
38.28,127,11,5,0,50,58.8
31.91,142,13,5,0,50,50.58
0.79,48,9,6,0,50,6.95
32.2,172,9,6,0,50,50.82
3.29,117,11,6,0,50,21.58
1.62,41,1,0,0,50,9.02
15.77,555,1,0,0,50,103.8
6.6,98,6,0,0,50,18.75
1.82,104,6,0,0,50,21.17
0.93,52,9,0,0,50,9.17
1.7,68,10,0,0,50,11.27
0.91,26,12,0,0,50,6.42
1.56,72,0,1,0,50,16.0
11.22,322,7,1,0,50,62.0
1.45,154,9,1,0,50,15.37
340.08,194,10,1,0,50,171.25
753.99,173,14,1,0,50,456.1
228.14,422,21,1,0,50,267.23
8.51,502,10,2,0,50,95.33
47.94,236,3,4,0,50,81.5
5.12,280,7,4,0,50,50.75
2.69,144,10,4,0,50,24.42
4.58,228,7,6,0,50,38.22
0.59,34,4,1,0,50,5.25
11.45,596,5,1,0,50,88.83
8.57,230,7,1,0,50,55.42
48.77,580,2,2,0,50,137.75
91.21,303,7,3,0,50,139.17
1.53,75,6,4,0,50,14.92
1.39,15,9,4,0,50,7.25
34.64,148,11,4,0,50,57.5
5.97,348,1,5,0,50,51.83
3.87,120,3,5,0,50,20.92
3.24,110,5,0,0,50,16.0
48.08,175,6,0,0,50,73.33
48.4,185,4,2,0,50,82.25
14.84,286,8,2,0,50,64.17
173.3,118,10,2,0,50,125.33
654.32,288,18,2,0,50,381.75
3.34,91,8,3,0,50,26.9
1.15,51,10,3,0,50,7.58
1.61,101,15,3,0,50,18.5
1.55,45,2,4,0,50,7.92
1.55,39,3,4,0,50,8.75
1.52,49,4,4,0,50,9.83
1.57,28,9,4,0,50,6.42
1.5,54,10,4,0,50,9.0
1.82,97,6,5,0,50,20.5
4.71,224,7,5,0,50,46.83
2.4,91,14,5,0,50,14.33
2.43,90,2,6,0,50,16.25
0.95,34,9,6,0,50,5.5
0.69,28,10,6,0,50,5.25
1.73,83,10,6,0,50,12.67
1.35,63,9,0,0,50,10.15
1.36,49,10,0,0,50,9.6
10.77,352,4,1,0,50,48.7
10.95,478,9,1,0,50,66.37
12.38,399,0,2,0,50,75.92
9.14,489,10,2,0,50,81.75
2.49,168,13,2,0,50,25.58
11.06,231,0,3,0,50,43.0
11.13,373,7,3,0,50,60.63
10.01,247,0,4,0,50,55.72
12.56,537,9,4,0,50,74.17
3.46,106,4,5,0,50,19.92
6.02,506,6,5,0,50,66.12
2.72,105,7,5,0,50,17.08
9.58,427,4,0,0,50,80.08
11.91,320,7,0,0,50,59.0
8.68,221,12,0,0,50,47.68
2.33,81,17,0,0,50,15.42
3.0,94,1,1,0,50,21.25
2.64,170,3,1,0,50,25.17
1.19,79,9,1,0,50,9.58
0.94,33,10,1,0,50,7.42
2.51,150,14,1,0,50,23.0
2.64,93,1,2,0,50,22.83
1.22,36,3,2,0,50,6.83
1.33,78,3,2,0,50,10.5
2.55,74,5,2,0,50,13.75
1.57,52,9,2,0,50,10.0
2.33,79,10,2,0,50,16.25
0.91,32,11,2,0,50,6.22
4.77,100,1,3,0,50,29.43
33.84,206,3,3,0,50,73.83
42.25,210,5,3,0,50,78.75
7.44,249,4,4,0,50,36.17
8.54,240,8,4,0,50,49.08
5.86,176,10,4,0,50,31.0
54.11,1432,6,5,0,50,276.07
6.27,189,5,6,0,50,45.0
1.16,70,7,6,0,50,10.83
1.46,50,10,6,0,50,6.75
2.86,81,10,6,0,50,11.92
2.58,177,11,6,0,50,26.83
1.68,40,18,6,0,50,8.08
1.83,68,5,0,0,50,14.53
4.29,161,11,0,0,50,33.0
4.39,8,12,0,0,50,5.67
2.26,62,15,0,0,50,12.75
2.85,119,0,1,0,50,28.17
5.32,266,4,1,0,50,42.25
2.36,59,6,1,0,50,17.5
1.7,37,8,1,0,50,12.33
1.18,74,10,1,0,50,10.83
6.97,294,10,1,0,50,46.15
0.88,58,12,1,0,50,8.0
7.52,269,0,2,0,50,43.45
2.45,73,3,2,0,50,22.33
1.18,38,4,2,0,50,7.58
7.3,293,9,2,0,50,59.1
0.75,56,10,2,0,50,8.08
7.62,194,0,3,0,50,36.25
1.6,69,3,3,0,50,9.17
1.58,78,4,3,0,50,12.92
1.13,59,9,3,0,50,12.6
7.39,188,9,3,0,50,42.58
7.11,170,1,4,0,50,36.58
14.67,486,5,4,0,50,90.27
13.95,392,12,4,0,50,66.57
3.71,179,4,5,0,50,34.92
13.23,646,5,5,0,50,117.8
16.17,377,12,5,0,50,64.12
1.04,29,2,6,0,50,7.08
0.59,32,7,6,0,50,5.25
1.85,116,8,6,0,50,15.25
1.78,52,20,6,0,50,10.42
4.35,244,9,0,0,50,47.25
1.6,61,12,0,0,50,9.08
1.28,36,13,0,0,50,6.17
2.45,109,0,1,0,50,22.33
1.1,44,5,1,0,50,7.5
2.97,109,8,1,0,50,24.33
5.98,216,9,1,0,50,43.48
1.73,69,14,1,0,50,18.83
2.38,64,21,1,0,50,12.92
42.14,103,22,1,0,50,48.58
39.63,173,0,2,0,50,68.25
2.03,76,3,2,0,50,10.08
2.12,87,4,2,0,50,12.28
5.58,167,9,2,0,50,43.08
1.34,50,11,2,0,50,9.43
1.42,80,11,2,0,50,11.5
2.43,114,14,2,0,50,20.5
5.52,172,15,2,0,50,23.75
5.07,132,22,2,0,50,23.33
4.03,248,10,3,0,50,38.92
1.58,40,18,3,0,50,10.5
35.81,795,1,4,0,50,175.33
1.87,117,10,4,0,50,20.58
1.83,88,11,4,0,50,15.58
0.76,33,3,5,0,50,5.75
3.8,143,13,5,0,50,33.75
2.9,120,1,6,0,50,26.32
1.53,38,7,6,0,50,11.2
1.6,48,8,6,0,50,14.05
0.83,33,9,6,0,50,6.08
1.1,85,10,6,0,50,11.17
2.4,86,18,6,0,50,16.42
2.38,62,0,0,0,50,18.52
1.24,32,3,0,0,50,7.5
3.52,126,4,0,0,50,18.58
2.32,55,5,0,0,50,12.3
2.63,41,10,0,0,50,5.08
0.96,49,11,0,0,50,8.92
13.25,739,0,1,0,50,127.27
9.33,329,2,1,0,50,56.9
2.37,90,17,1,0,50,16.58
2.02,84,0,2,0,50,16.92
4.53,269,3,2,0,50,33.58
1.61,51,5,2,0,50,9.83
2.42,82,6,2,0,50,13.85
1.58,55,9,2,0,50,11.42
2.31,103,10,2,0,50,17.52
1.11,33,12,2,0,50,7.58
42.99,146,21,2,0,50,62.75
37.08,138,1,3,0,50,54.83
1.96,72,4,3,0,50,14.17
1.93,79,5,3,0,50,18.68
2.97,148,9,3,0,50,31.33
1.12,48,12,3,0,50,6.75
2.24,62,17,3,0,50,10.42
3.52,221,5,4,0,50,41.67
1.27,77,12,4,0,50,11.25
2.43,93,12,4,0,50,15.33
5.63,207,3,5,0,50,48.1
2.81,74,6,5,0,50,15.22
8.93,403,10,5,0,50,76.92
6.67,144,0,6,0,50,51.17
2.0,54,9,6,0,50,11.45
4.17,140,9,6,0,50,27.25
1.78,58,18,6,0,50,12.58
1.3,43,5,0,0,50,6.63
7.24,206,8,0,0,50,54.92
2.19,122,12,0,0,50,22.75
7.87,221,0,3,0,50,41.52
1.57,44,3,3,0,50,7.83
6.87,170,5,3,0,50,32.08
1.13,51,6,3,0,50,8.35
0.93,44,7,3,0,50,7.33
1.83,156,0,4,0,50,17.83
1.92,111,8,4,0,50,15.17
8.49,188,10,4,0,50,32.58
719.01,224,18,4,0,50,422.83
3.43,78,2,5,0,50,16.08
3.61,91,10,6,0,50,22.5
470.68,296,11,6,0,50,287.92
720.03,103,17,6,0,50,380.33
6.0,263,9,0,0,50,44.6
1.49,55,1,1,0,50,8.0
1.3,32,7,1,0,50,8.0
1.81,73,9,1,0,50,13.33
1.66,64,10,1,0,50,13.95
4.14,125,15,1,0,50,32.32
18.4,536,23,1,0,50,103.0
17.81,375,3,2,0,50,78.08
1.96,124,6,2,0,50,16.27
1.43,49,7,2,0,50,8.58
1.63,19,18,2,0,50,8.67
1.8,53,3,3,0,50,8.42
1.5,45,3,3,0,50,9.93
1.56,36,4,3,0,50,10.27
5.34,181,9,3,0,50,48.02
1.44,62,10,3,0,50,8.05
1.77,61,0,0,0,50,14.17
2.28,118,3,0,0,50,15.75
4.11,182,5,0,0,50,29.92
4.19,111,5,0,0,50,22.0
2.31,82,9,0,0,50,11.83
3.57,63,10,0,0,50,11.83
2.34,67,15,0,0,50,17.08
1.8,76,0,1,0,50,13.42
0.93,35,1,1,0,50,6.03
1.63,48,3,1,0,50,15.25
1.69,68,4,1,0,50,11.92
1.75,44,8,1,0,50,6.75
3.12,107,9,1,0,50,22.42
2.72,90,5,2,0,50,19.92
2.39,132,8,2,0,50,21.67
1.41,44,10,2,0,50,9.33
4.79,254,9,3,0,50,42.58
3.76,118,15,3,0,50,24.5
1.78,75,1,4,0,50,14.93
5.95,285,5,4,0,50,48.75
77.41,630,7,4,0,50,181.83
9.95,640,10,4,0,50,111.08
6.05,423,6,5,0,50,62.8
9.62,397,9,5,0,50,71.58
25.53,960,11,5,0,50,163.17
8.49,313,5,6,0,50,66.33
6.78,109,6,6,0,50,27.17
4.43,273,9,6,0,50,51.67
20.28,843,11,6,0,50,156.75
44.86,255,2,0,0,50,79.55
37.14,344,4,0,0,50,98.27
1.65,52,6,0,0,50,8.27
1.77,53,8,0,0,50,7.67
1.09,52,10,0,0,50,7.42
1.7,54,18,3,0,50,10.83
1.81,35,2,4,0,50,7.58
43.73,214,7,4,0,50,83.33
34.21,197,13,4,0,50,59.58
1.68,45,17,4,0,50,9.6
2.47,103,5,5,0,50,27.33
1.33,68,6,5,0,50,12.67
1.74,81,7,5,0,50,15.43
42.82,102,7,5,0,50,56.33
34.47,230,13,5,0,50,69.17
1.66,41,17,5,0,50,9.75
1.78,67,0,6,0,50,10.25
0.82,35,7,6,0,50,5.1
42.39,127,7,6,0,50,60.5
34.21,212,13,6,0,50,66.67
2.05,56,17,6,0,50,10.93
2.42,62,5,0,0,50,13.08
1.21,77,5,0,0,50,10.83
43.68,233,7,0,0,50,70.5
34.25,180,13,0,0,50,64.17
1.66,29,14,0,0,50,7.93
45.46,192,21,0,0,50,74.0
38.74,160,5,1,0,50,61.67
1.63,65,9,1,0,50,10.17
2.35,82,10,1,0,50,21.0
4.41,193,10,1,0,50,35.33
31.97,215,12,1,0,50,72.5
2.2,57,0,2,0,50,15.92
30.5,119,7,2,0,50,45.17
3.36,104,9,2,0,50,16.58
6.82,463,4,3,0,50,74.93
2.13,104,7,3,0,50,18.87
2.53,77,8,3,0,50,13.37
0.82,31,10,3,0,50,6.42
1.72,76,15,3,0,50,12.25
1.92,75,0,4,0,50,15.75
2.03,58,4,4,0,50,13.5
1.06,60,4,4,0,50,7.75
1.5,40,5,4,0,50,7.02
2.36,77,17,5,0,50,14.42
5.25,116,0,6,0,50,23.58
40.64,522,2,6,0,50,124.58
3.91,281,4,6,0,50,35.25
32.15,141,10,6,0,50,49.83
3.44,119,11,6,0,50,23.0
2.51,155,17,6,0,50,26.58
4.63,156,4,0,0,50,36.95
4.82,174,9,0,0,50,47.25
2.31,71,15,0,0,50,12.5
2.53,124,23,0,0,50,20.0
2.45,109,4,1,0,50,23.33
1.71,52,10,1,0,50,10.75
1.85,29,2,2,0,50,7.75
3.52,68,3,2,0,50,20.68
8.12,202,3,2,0,50,48.8
1.71,44,4,2,0,50,9.5
1.52,38,9,2,0,50,8.7
1.79,78,10,2,0,50,16.68
1.54,35,20,2,0,50,8.0
0.93,64,9,3,0,50,9.83
1.22,87,9,3,0,50,12.0
2.48,86,18,3,0,50,18.08
2.3,105,0,4,0,50,19.58
1.59,62,5,4,0,50,11.92
4.71,153,6,4,0,50,29.05
4.0,114,7,4,0,50,26.08
1.81,76,9,4,0,50,11.75
1.26,40,10,4,0,50,7.68
1.46,52,17,4,0,50,10.67
9.79,218,0,5,0,50,31.92
8.7,250,4,5,0,50,49.42
2.99,152,11,5,0,50,18.42
32.98,330,12,5,0,50,74.5
4.05,51,16,5,0,50,19.67
2.24,49,17,5,0,50,13.75
7.59,363,2,6,0,50,78.8
31.81,132,6,6,0,50,51.77
3.54,132,8,6,0,50,20.42
2.17,62,9,6,0,50,10.03
1.88,62,10,6,0,50,10.33
2.4,66,17,6,0,50,13.0
1.66,100,1,0,0,50,11.5
1.51,90,3,0,0,50,16.08
1.45,45,5,0,0,50,9.58
2.28,59,6,0,0,50,13.33
5.89,195,9,0,0,50,50.45
1.94,51,13,0,0,50,11.0
1.68,71,21,0,0,50,10.85
1.5,43,5,1,0,50,7.5
0.91,37,10,1,0,50,7.5
0.94,65,10,1,0,50,8.92
2.46,78,14,1,0,50,12.9
7.35,51,0,2,0,50,30.53
4.36,55,3,2,0,50,10.58
1.53,47,3,2,0,50,8.58
1.83,55,5,2,0,50,10.33
3.07,138,6,2,0,50,30.83
3.43,127,11,2,0,50,24.92
34.2,212,12,2,0,50,69.08
36.94,276,14,2,0,50,70.6
9.87,431,4,3,0,50,63.83
3.3,226,9,3,0,50,34.3
8.92,346,11,3,0,50,59.17
1.51,36,3,4,0,50,8.17
3.77,137,5,4,0,50,20.47
3.51,148,10,4,0,50,31.83
1.49,34,11,4,0,50,5.93
15.19,584,8,5,0,50,93.67
13.06,396,12,5,0,50,96.32
4.7,79,3,6,0,50,22.33
38.95,105,4,6,0,50,51.75
34.28,355,5,6,0,50,82.45
1.27,41,9,6,0,50,7.78
4.65,292,10,6,0,50,39.7
1.13,34,2,0,0,50,6.17
1.15,27,3,0,0,50,5.35
3.5,96,3,0,0,50,16.6
1.68,57,8,0,0,50,7.92
1.02,43,9,0,0,50,7.27
1.09,41,10,0,0,50,7.93
1.54,32,20,0,0,50,6.42
1.48,37,3,1,0,50,8.37
2.33,48,8,1,0,50,6.83
0.98,41,9,1,0,50,7.33
0.9,25,10,1,0,50,6.28
1.64,67,19,1,0,50,12.42
1.41,30,12,2,0,50,6.5
1.59,46,18,2,0,50,9.45
1.51,31,2,3,0,50,7.33
1.53,61,3,3,0,50,8.52
1.7,73,3,3,0,50,14.35
3.49,171,4,3,0,50,31.45
1.49,36,6,3,0,50,7.5
2.6,55,19,3,0,50,13.33
2.01,46,1,4,0,50,16.7
1.4,85,10,4,0,50,13.25
1.2,34,5,5,0,50,6.58
2.43,56,18,5,0,50,14.0
2.5,54,2,6,0,50,13.0
1.56,29,22,6,0,50,7.08
1.56,42,6,0,0,50,7.83
1.51,80,9,0,0,50,13.5
0.97,35,10,0,0,50,7.13
1.78,53,10,0,0,50,9.75
2.3,83,17,0,0,50,16.35
2.89,133,1,1,0,50,26.33
5.32,181,4,1,0,50,43.17
2.08,58,5,1,0,50,18.08
1.92,75,7,1,0,50,11.42
1.67,51,8,1,0,50,9.92
1.7,58,9,1,0,50,10.92
1.56,38,19,1,0,50,8.17
1.7,49,5,2,0,50,8.5
5.83,162,10,2,0,50,39.67
3.17,68,11,2,0,50,14.83
0.85,39,16,2,0,50,5.92
2.34,136,1,3,0,50,25.42
1.53,70,3,3,0,50,14.17
3.17,86,10,3,0,50,11.67
1.85,69,1,4,0,50,12.17
2.34,76,5,6,0,50,15.17
2.48,94,7,6,0,50,18.57
0.97,37,9,6,0,50,7.25
0.8,40,9,6,0,50,6.02
4.16,98,12,6,0,50,29.08
2.57,87,13,6,0,50,14.38
1.86,139,22,6,0,50,16.42
1.53,49,6,0,0,50,8.08
1.78,74,8,0,0,50,12.75
3.73,155,9,0,0,50,30.12
1.74,67,10,0,0,50,11.17
1.72,57,9,1,0,50,11.67
1.86,60,10,1,0,50,12.1
2.14,102,11,1,0,50,12.92
1.43,66,17,1,0,50,9.33
1.6,31,1,2,0,50,7.83
1.46,36,2,2,0,50,7.17
1.43,33,12,2,0,50,7.58
1.48,22,21,2,0,50,9.5
1.78,49,4,3,0,50,7.67
0.99,22,8,3,0,50,5.17
0.83,40,10,3,0,50,6.07
1.3,65,13,3,0,50,7.83
42.33,341,23,3,0,50,103.33
9.8,420,10,4,0,50,60.6
2.59,226,1,5,0,50,30.75
2.24,127,6,5,0,50,16.08
12.33,592,7,5,0,50,91.47
30.61,136,12,5,0,50,45.5
5.0,205,9,6,0,50,47.25
2.37,145,21,6,0,50,21.08
3.25,130,9,0,0,50,22.73
1.27,51,11,0,0,50,11.83
2.18,46,14,0,0,50,9.52
2.14,50,19,0,0,50,11.58
4.2,201,9,1,0,50,33.57
0.86,34,10,1,0,50,5.95
1.62,111,17,1,0,50,16.17
1.44,36,8,2,0,50,7.08
3.58,71,8,2,0,50,15.85
10.08,715,9,2,0,50,116.42
2.59,183,12,2,0,50,28.88
4.72,221,4,3,0,50,40.92
5.3,61,11,3,0,50,12.08
2.74,105,3,5,0,50,18.25
0.74,57,5,5,0,50,6.9
3.52,121,6,5,0,50,23.12
0.73,37,7,5,0,50,5.42
3.59,136,8,5,0,50,24.62
11.54,242,9,5,0,50,50.82
0.58,64,11,5,0,50,6.68
0.89,74,11,5,0,50,10.35
7.91,142,12,5,0,50,24.85
1.49,36,17,5,0,50,7.0
2.36,79,9,6,0,50,13.25
1.29,53,10,6,0,50,8.28
1.0,36,11,6,0,50,5.42
2.75,101,11,6,0,50,16.87
1.48,44,19,6,0,50,8.75
1.7,67,3,1,0,50,11.33
3.83,125,4,1,0,50,31.25
2.29,61,5,1,0,50,16.17
0.66,35,6,1,0,50,6.25
1.38,42,8,1,0,50,7.08
3.22,310,9,1,0,50,37.2
1.55,32,6,2,0,50,7.0
4.86,263,9,2,0,50,54.33
1.1,61,11,2,0,50,8.12
1.59,51,12,2,0,50,8.85
2.69,94,14,2,0,50,24.03
0.72,42,16,2,0,50,6.92
1.5,53,9,3,0,50,9.33
1.77,62,10,3,0,50,15.6
68.69,342,11,3,0,50,115.5
30.78,85,1,4,0,50,46.75
1.47,40,3,4,0,50,8.5
2.57,114,4,4,0,50,19.75
2.48,96,5,4,0,50,15.17
1.8,83,9,4,0,50,12.75
0.85,35,9,4,0,50,5.42
1.17,29,10,4,0,50,6.8
1.69,83,13,4,0,50,12.83
1.89,48,18,4,0,50,8.0
1.44,111,6,5,0,50,17.08
1.05,49,13,5,0,50,6.97
1.63,49,17,5,0,50,14.33
1.62,73,7,6,0,50,11.67
3.89,235,8,6,0,50,36.07
1.19,65,9,6,0,50,8.2
1.56,31,16,6,0,50,9.0
1.83,113,6,0,0,50,15.25
1.78,78,9,0,0,50,11.92
2.43,77,10,0,0,50,16.12
0.99,53,11,0,0,50,9.38
2.48,120,13,0,0,50,17.75
9.76,164,0,1,0,50,42.83
8.26,112,2,1,0,50,25.75
0.93,28,3,1,0,50,10.28
2.37,52,5,1,0,50,14.27
1.96,51,7,1,0,50,18.02
4.22,304,9,1,0,50,46.78
1.13,29,14,1,0,50,6.08
2.31,87,14,1,0,50,20.1
1.8,43,17,1,0,50,10.25
1.75,33,6,2,0,50,7.25
1.89,81,9,2,0,50,13.15
3.09,99,10,2,0,50,17.33
3.01,66,14,2,0,50,14.0
1.47,43,22,2,0,50,8.0
1.55,48,1,3,0,50,7.42
3.95,154,2,3,0,50,25.08
1.4,73,6,3,0,50,11.67
8.0,152,8,3,0,50,28.92
9.83,310,14,3,0,50,59.12
9.11,109,22,3,0,50,22.83
1.55,38,7,4,0,50,7.5
1.6,45,22,4,0,50,9.83
45.74,563,1,5,0,50,160.45
17.3,503,8,5,0,50,96.08
29.78,376,6,6,0,50,106.92
0.88,69,9,6,0,50,9.92
0.87,43,11,6,0,50,7.42
1.71,27,16,6,0,50,7.43
1.75,61,5,0,0,50,9.77
3.12,83,7,0,0,50,16.25
1.74,70,10,0,0,50,12.98
2.18,62,12,0,0,50,19.12
1.48,33,18,0,0,50,7.08
6.19,176,5,1,0,50,25.42
3.6,66,6,1,0,50,24.53
1.75,32,10,1,0,50,10.08
1.52,50,10,1,0,50,9.13
0.97,46,14,1,0,50,6.83
0.83,25,14,1,0,50,5.3
1.52,51,16,1,0,50,11.13
28.71,541,21,1,0,50,109.33
6.19,167,0,2,0,50,31.5
3.4,99,6,2,0,50,14.25
1.78,64,9,2,0,50,12.2
2.44,99,10,2,0,50,18.5
1.18,46,11,2,0,50,8.25
1.4,53,0,3,0,50,6.2
1.48,23,2,3,0,50,7.58
2.94,49,3,3,0,50,12.18
0.96,46,9,3,0,50,7.83
1.44,36,11,3,0,50,7.17
1.68,53,0,4,0,50,9.33
1.2,18,1,4,0,50,5.57
1.05,18,3,4,0,50,5.33
1.41,40,5,4,0,50,6.58
1.23,46,6,4,0,50,7.17
1.8,66,10,4,0,50,11.17
1.25,52,11,4,0,50,9.0
3.95,224,14,4,0,50,31.75
1.29,61,2,5,0,50,9.1
1.62,33,3,5,0,50,7.83
2.82,67,4,5,0,50,21.0
2.28,55,6,5,0,50,8.75
4.25,139,14,5,0,50,25.17
1.99,38,10,6,0,50,12.67
2.67,137,9,0,0,50,31.17
1.56,55,14,0,0,50,11.93
3.69,89,4,1,0,50,16.35
3.1,38,5,1,0,50,11.18
5.9,155,9,1,0,50,32.77
2.84,72,10,1,0,50,13.95
7.42,238,13,1,0,50,60.48
1.92,92,23,1,0,50,13.92
1.6,23,7,2,0,50,6.42
2.37,99,9,2,0,50,15.0
1.26,46,21,2,0,50,6.78
1.75,47,4,3,0,50,9.67
43.34,265,8,3,0,50,87.58
26.8,412,15,3,0,50,71.92
5.78,152,10,4,0,50,26.17
4.12,132,2,5,0,50,37.42
1.41,52,10,5,0,50,7.77
8.13,198,0,6,0,50,36.83
14.05,88,1,6,0,50,23.0
3.59,147,2,6,0,50,27.63
49.43,502,3,6,0,50,112.0
50.93,429,8,6,0,50,114.08
3.61,251,11,6,0,50,40.58
3.97,264,13,6,0,50,36.82
34.34,442,1,0,0,50,94.0
2.55,79,7,0,0,50,14.67
33.73,142,7,0,0,50,50.67
2.33,57,10,0,0,50,15.92
1.66,66,17,0,0,50,10.67
8.15,509,17,0,0,50,81.58
2.54,51,4,1,0,50,15.42
1.49,56,9,1,0,50,9.75
2.37,125,10,1,0,50,17.42
1.84,58,10,1,0,50,9.83
1.14,29,13,1,0,50,6.25
1.7,34,14,1,0,50,9.0
1.37,79,4,2,0,50,13.6
0.79,58,17,2,0,50,7.58
10.91,539,2,3,0,50,79.52
16.95,885,5,3,0,50,145.15
4.95,230,2,4,0,50,36.08
1.59,53,3,4,0,50,10.2
3.47,159,4,4,0,50,22.25
3.99,138,4,5,0,50,23.77
1.02,40,9,5,0,50,7.0
1.31,65,9,5,0,50,10.03
9.49,218,2,6,0,50,59.42
21.06,215,4,6,0,50,48.85
19.25,469,6,6,0,50,80.98
2.64,66,17,3,0,50,9.93
2.26,84,1,4,0,50,18.75
0.95,52,9,4,0,50,7.17
1.17,58,10,4,0,50,8.87
1.15,43,15,4,0,50,6.25
3.71,107,4,5,0,50,23.78
2.65,128,9,5,0,50,20.33
1.59,41,9,5,0,50,9.42
1.62,80,10,5,0,50,12.85
2.01,69,18,5,0,50,9.58
1.75,51,6,6,0,50,8.58
1.63,40,7,6,0,50,8.83
1.61,59,7,6,0,50,8.6
3.46,83,8,6,0,50,17.93
3.64,126,14,6,0,50,18.42
1.69,31,18,6,0,50,9.0
1.84,47,5,0,0,50,8.93
7.05,233,6,0,0,50,39.45
4.62,184,7,0,0,50,28.62
1.92,49,10,0,0,50,10.5
1.82,39,19,0,0,50,9.83
4.59,72,5,1,0,50,21.75
3.16,70,7,1,0,50,14.58
1.68,36,10,1,0,50,10.08
1.56,65,11,1,0,50,12.6
1.67,42,20,1,0,50,8.0
2.16,50,5,2,0,50,8.17
8.14,475,6,2,0,50,85.38
8.25,210,9,2,0,50,39.92
10.15,391,12,2,0,50,81.33
1.56,50,1,3,0,50,8.33
1.5,41,3,3,0,50,9.08
1.63,37,4,3,0,50,15.27
2.55,27,6,3,0,50,8.33
1.63,52,7,3,0,50,8.95
1.91,41,8,3,0,50,7.0
1.09,24,11,3,0,50,6.42
1.75,49,18,3,0,50,10.75
1.71,41,2,4,0,50,8.25
1.36,83,3,4,0,50,14.92
1.04,40,5,4,0,50,7.42
1.26,33,9,4,0,50,8.33
1.49,60,10,4,0,50,12.33
1.65,44,17,4,0,50,10.08
1.73,25,5,5,0,50,8.52
2.02,75,9,5,0,50,14.92
2.38,83,10,5,0,50,14.45
3.89,189,0,6,0,50,33.92
4.11,177,3,6,0,50,36.42
2.89,55,5,6,0,50,14.58
11.8,542,8,6,0,50,125.2
2.09,106,10,6,0,50,15.83
1.78,42,20,6,0,50,9.83
1.75,53,6,0,0,50,7.75
1.51,46,8,0,0,50,8.08
1.81,59,9,0,0,50,9.35
1.53,55,9,0,0,50,11.6
1.55,73,10,0,0,50,11.1
1.92,67,0,1,0,50,17.08
1.41,52,9,1,0,50,9.67
3.39,53,10,1,0,50,20.52
1.76,31,19,1,0,50,8.25
3.15,85,0,2,0,50,16.83
2.42,64,4,2,0,50,13.13
2.16,43,5,2,0,50,6.77
1.25,29,6,2,0,50,5.92
0.75,39,9,2,0,50,6.17
1.48,97,10,2,0,50,11.7
5.05,130,11,2,0,50,23.28
1.72,35,20,2,0,50,9.17
20.71,1202,5,3,0,50,209.87
1.89,68,11,3,0,50,11.58
2.25,57,11,3,0,50,10.32
1.7,51,19,3,0,50,14.83
1.65,23,1,4,0,50,8.58
1.54,28,3,4,0,50,9.5
1.95,64,4,4,0,50,11.02
2.27,96,9,4,0,50,22.42
1.02,83,11,4,0,50,11.87
1.71,52,12,4,0,50,9.7
1.55,44,12,4,0,50,9.45
1.84,41,19,4,0,50,8.67
10.51,349,1,5,0,50,73.58
2.06,174,7,5,0,50,24.58
1.74,47,19,5,0,50,9.42
3.69,273,4,6,0,50,44.25
1.56,117,5,6,0,50,18.1
0.97,38,6,6,0,50,6.68
1.06,36,7,6,0,50,7.42
2.8,118,8,6,0,50,23.93
1.74,50,8,6,0,50,9.68
0.96,61,9,6,0,50,8.0
1.0,48,10,6,0,50,8.02
1.84,41,19,6,0,50,9.33
1.6,42,1,0,0,50,8.83
1.52,37,4,0,0,50,10.33
1.63,31,8,0,0,50,8.17
0.96,33,9,0,0,50,7.75
1.66,33,19,0,0,50,7.17
1.67,38,2,1,0,50,7.5
1.57,35,4,1,0,50,9.67
1.54,40,4,1,0,50,9.1
1.49,45,7,1,0,50,7.42
1.77,82,7,1,0,50,10.12
0.88,30,10,1,0,50,5.58
0.93,43,10,1,0,50,6.88
1.87,35,19,1,0,50,11.17
1.66,49,6,2,0,50,8.58
1.56,33,9,2,0,50,11.08
1.6,91,10,2,0,50,13.95
1.28,74,10,2,0,50,9.45
3.34,182,12,2,0,50,26.7
1.82,48,19,2,0,50,9.17
6.9,305,4,3,0,50,56.67
8.0,237,6,3,0,50,43.88
3.17,86,8,3,0,50,17.0
1.65,56,9,3,0,50,15.68
1.6,56,10,3,0,50,11.5
1.8,48,22,3,0,50,7.5
1.49,29,2,4,0,50,7.58
1.08,53,5,4,0,50,9.5
2.93,71,6,4,0,50,16.17
2.91,58,8,4,0,50,14.75
1.65,30,20,4,0,50,7.08
1.97,42,7,5,0,50,8.08
2.01,109,10,5,0,50,17.42
2.33,95,11,5,0,50,13.0
1.78,30,1,6,0,50,8.75
1.86,37,9,6,0,50,8.42
1.56,68,10,6,0,50,13.2
1.62,84,10,6,0,50,15.23
15.44,129,23,6,0,50,40.67
5.68,153,0,0,0,50,30.75
25.18,53,8,0,0,50,33.2
1.95,48,17,0,0,50,8.42
2.04,52,8,1,0,50,14.42
1.81,59,10,1,0,50,14.52
1.93,44,11,1,0,50,8.25
27.47,293,22,1,0,50,56.93
15.59,407,5,2,0,50,83.58
0.91,35,9,2,0,50,7.17
1.24,58,10,2,0,50,7.35
0.88,24,0,3,0,50,5.67
0.97,43,0,3,0,50,7.43
1.5,40,4,3,0,50,8.42
1.55,43,4,3,0,50,8.75
1.56,29,9,3,0,50,9.17
1.62,107,10,3,0,50,18.93
1.73,50,14,3,0,50,9.67
1.74,49,2,4,0,50,7.92
5.43,307,2,4,0,50,37.58
1.06,44,5,4,0,50,7.67
4.77,324,6,4,0,50,52.83
1.68,34,9,4,0,50,11.75
1.88,25,22,4,0,50,7.92
1.72,32,9,5,0,50,9.17
1.86,56,9,5,0,50,11.03
1.49,62,10,5,0,50,8.83
1.61,37,23,5,0,50,8.0
1.71,36,9,6,0,50,7.92
1.57,42,9,6,0,50,10.02
2.61,81,10,6,0,50,14.52
1.57,38,11,6,0,50,8.17
1.71,34,18,6,0,50,7.67
1.73,42,23,6,0,50,9.67
1.5,45,3,0,0,50,9.08
1.46,39,7,0,0,50,7.25
0.93,32,9,0,0,50,6.58
1.07,64,10,0,0,50,9.17
1.77,46,16,0,0,50,9.42
11.19,382,22,0,0,50,62.17
8.8,143,1,1,0,50,37.83
1.03,65,3,1,0,50,10.58
0.97,49,4,1,0,50,6.6
1.69,33,9,1,0,50,9.42
1.66,66,10,1,0,50,10.93
1.67,32,17,1,0,50,7.42
1.48,39,0,2,0,50,7.75
9.53,163,1,2,0,50,38.17
10.81,330,4,2,0,50,51.83
1.76,30,10,2,0,50,8.42
1.64,28,23,2,0,50,7.83
29.58,882,3,3,0,50,157.6
27.77,908,7,3,0,50,148.02
1.72,41,16,3,0,50,9.58
3.54,60,0,4,0,50,20.25
24.05,78,1,4,0,50,36.83
23.2,249,6,4,0,50,59.33
1.77,67,9,4,0,50,11.08
1.67,81,10,4,0,50,10.67
1.73,54,16,4,0,50,8.08
9.52,130,23,4,0,50,33.67
1.17,69,0,5,0,50,8.47
11.75,367,0,5,0,50,69.45
7.92,525,2,5,0,50,80.07
12.59,573,4,5,0,50,77.0
1.01,69,6,6,0,50,9.45
0.65,52,7,6,0,50,6.5
0.72,39,9,6,0,50,6.02
6.9,182,11,6,0,50,44.33
1.69,78,1,0,0,50,12.42
1.59,46,3,0,0,50,6.42
2.36,41,4,0,0,50,6.87
2.31,93,5,0,0,50,13.93
3.26,55,6,0,0,50,17.42
3.79,135,11,0,0,50,24.18
2.41,59,5,1,0,50,7.78
2.79,43,7,1,0,50,14.83
2.99,61,7,1,0,50,15.77
1.06,63,11,1,0,50,8.72
1.79,96,12,1,0,50,15.7
1.88,80,1,2,0,50,12.58
9.81,232,3,2,0,50,59.33
1.49,66,9,2,0,50,15.52
2.02,98,10,2,0,50,22.28
1.65,46,12,2,0,50,11.5
0.96,51,13,2,0,50,6.25
50.35,470,22,2,0,50,129.72
33.74,142,1,3,0,50,47.58
8.05,124,3,3,0,50,34.5
8.8,330,7,3,0,50,59.63
14.89,134,8,3,0,50,38.85
15.66,115,12,3,0,50,27.72
1.79,23,17,3,0,50,8.0
1.82,59,2,4,0,50,8.67
1.01,38,3,4,0,50,6.67
2.15,105,5,4,0,50,24.45
1.53,44,9,4,0,50,10.42
1.57,46,10,4,0,50,10.5
1.87,57,20,4,0,50,9.58
3.26,101,4,5,0,50,19.67
1.81,36,10,5,0,50,9.17
1.63,47,10,5,0,50,10.37
1.83,39,16,5,0,50,9.25
2.18,49,4,6,0,50,9.92
4.15,325,7,6,0,50,49.52
3.15,219,8,6,0,50,31.75
1.81,104,9,6,0,50,14.08
1.97,44,18,6,0,50,9.75
1.72,38,2,0,0,50,8.6
2.8,40,7,0,0,50,14.25
4.52,123,9,0,0,50,24.0
3.32,172,10,0,0,50,38.58
1.72,33,17,0,0,50,8.08
1.75,35,1,1,0,50,8.58
0.84,55,3,1,0,50,8.77
1.08,90,4,1,0,50,10.95
3.13,92,9,1,0,50,21.65
6.65,295,10,1,0,50,59.48
3.53,182,13,1,0,50,27.77
27.13,445,23,1,0,50,99.17
28.08,863,2,2,0,50,147.5
5.31,163,5,2,0,50,25.67
3.76,91,7,2,0,50,15.83
1.79,31,17,2,0,50,7.08
1.78,40,0,3,0,50,8.0
1.57,60,4,3,0,50,11.08
1.52,46,4,3,0,50,9.02
1.7,42,5,3,0,50,7.83
1.58,50,6,3,0,50,8.33
8.9,247,10,3,0,50,44.92
7.95,143,13,3,0,50,31.25
8.04,78,16,3,0,50,17.25
1.28,40,0,4,0,50,6.75
2.38,42,5,4,0,50,6.5
1.47,43,9,4,0,50,7.83
1.72,53,9,4,0,50,10.77
5.38,159,13,4,0,50,26.5
5.77,358,14,4,0,50,54.72
1.78,43,17,4,0,50,7.83
1.75,49,4,5,0,50,8.5
2.11,91,9,5,0,50,15.62
2.52,127,10,5,0,50,25.48
1.67,39,17,5,0,50,7.67
1.73,39,6,6,0,50,8.5
0.93,54,9,6,0,50,8.17
1.32,53,10,6,0,50,9.68
2.47,47,15,6,0,50,10.25
1.74,31,1,0,0,50,8.42
3.09,217,2,0,0,50,34.5
1.57,43,3,0,0,50,9.85
1.62,52,4,0,0,50,9.0
1.58,32,9,1,0,50,9.68
3.81,190,10,1,0,50,36.02
1.69,35,18,1,0,50,9.0
0.92,24,1,2,0,50,5.0
1.96,99,8,2,0,50,16.25
3.68,69,9,2,0,50,27.93
1.54,49,10,2,0,50,12.02
1.48,72,0,3,0,50,11.92
1.62,33,5,3,0,50,8.92
1.48,19,18,3,0,50,7.33
1.46,36,1,4,0,50,5.5
0.8,40,9,4,0,50,6.17
1.29,38,12,4,0,50,5.33
1.58,33,10,5,0,50,8.92
1.67,28,22,5,0,50,8.83
1.33,23,9,6,0,50,6.92
1.59,54,10,6,0,50,10.18
20.08,934,0,2,0,50,158.0
8.42,726,2,2,0,50,92.08
3.26,128,4,2,0,50,21.58
1.54,51,9,2,0,50,10.5
1.63,82,10,2,0,50,13.03
1.77,36,18,2,0,50,10.5
1.52,59,7,3,0,50,7.75
1.29,89,10,3,0,50,13.62
2.05,56,19,3,0,50,9.08
3.08,114,2,4,0,50,22.0
1.49,60,9,4,0,50,14.17
1.87,97,10,4,0,50,12.97
1.66,32,20,4,0,50,8.42
1.68,31,8,5,0,50,7.85
1.64,22,18,5,0,50,8.17
1.94,42,7,6,0,50,8.42
1.5,26,9,6,0,50,9.25
1.8,33,11,6,0,50,9.47
1.69,19,17,6,0,50,7.83
1.69,24,1,0,0,50,8.5
1.44,24,4,0,0,50,7.5
1.67,61,4,0,0,50,10.1
1.55,23,9,0,0,50,8.5
1.57,44,10,0,0,50,10.77
1.35,21,10,0,0,50,5.05
0.95,41,11,0,0,50,6.6
1.7,26,17,0,0,50,8.77
2.11,42,6,1,0,50,7.42
1.77,46,10,1,0,50,12.42
2.46,124,12,1,0,50,22.07
1.43,25,14,1,0,50,7.08
1.63,21,1,2,0,50,8.17
1.51,34,4,2,0,50,7.42
9.12,212,4,2,0,50,50.43
1.72,53,9,2,0,50,10.67
1.68,19,18,2,0,50,8.8
1.8,43,0,3,0,50,9.67
1.44,38,9,3,0,50,7.42
1.65,56,10,3,0,50,10.2
2.63,28,20,3,0,50,9.17
2.17,62,6,4,0,50,9.27
3.53,75,7,4,0,50,18.83
2.36,65,8,4,0,50,11.1
1.67,46,9,4,0,50,11.27
1.82,62,10,4,0,50,16.1
8.1,133,11,4,0,50,30.08
9.32,309,12,4,0,50,60.08
7.38,98,13,4,0,50,24.38
6.76,92,14,4,0,50,20.25
1.78,33,19,4,0,50,8.17
1.89,37,8,5,0,50,8.75
1.58,78,8,5,0,50,13.43
1.91,107,9,5,0,50,14.12
2.41,64,17,5,0,50,14.17
4.76,209,7,6,0,50,36.08
1.66,58,10,6,0,50,10.08
2.08,51,11,6,0,50,15.5
1.83,31,19,6,0,50,9.17
1.98,45,2,0,0,50,7.92
5.93,226,5,0,0,50,42.83
2.17,162,10,0,0,50,25.42
2.76,176,11,0,0,50,24.42
1.72,28,19,0,0,50,8.58
1.6,18,1,1,0,50,8.33
3.47,147,1,1,0,50,24.6
4.12,128,2,1,0,50,18.25
1.46,34,3,1,0,50,7.33
0.95,58,4,1,0,50,7.68
6.64,275,4,1,0,50,50.9
4.09,172,7,1,0,50,26.25
0.95,51,9,1,0,50,9.92
3.75,162,16,1,0,50,44.83
1.66,41,19,1,0,50,8.92
1.79,30,8,2,0,50,8.83
1.59,27,9,2,0,50,8.83
6.24,127,10,2,0,50,31.87
1.81,45,18,2,0,50,8.83
1.95,26,6,3,0,50,7.35
1.53,39,10,3,0,50,11.25
1.61,51,10,3,0,50,10.62
4.56,95,14,3,0,50,15.75
0.93,85,15,3,0,50,9.87
5.39,156,21,3,0,50,23.1
1.89,54,0,4,0,50,21.0
3.26,88,2,4,0,50,20.88
0.97,34,3,4,0,50,5.58
0.78,33,5,4,0,50,5.83
2.64,67,7,4,0,50,15.05
2.14,75,9,4,0,50,15.67
2.11,80,10,4,0,50,16.7
1.61,49,16,4,0,50,9.08
2.72,48,0,5,0,50,16.33
5.19,157,1,5,0,50,23.25
43.7,635,2,5,0,50,165.25
3.72,67,6,5,0,50,13.33
5.13,167,9,5,0,50,50.07
1.89,37,10,5,0,50,6.5
38.15,132,11,5,0,50,58.7
31.91,136,13,5,0,50,50.58
32.78,240,9,6,0,50,76.83
3.58,137,11,6,0,50,34.73
1.72,25,18,6,0,50,7.58
1.88,40,1,0,0,50,9.0
14.91,671,2,0,0,50,99.2
4.96,43,12,0,0,50,8.83
14.98,878,12,0,0,50,160.83
1.74,50,5,1,0,50,8.42
8.13,212,8,1,0,50,36.17
1058.64,505,9,1,0,50,744.52
3.84,69,2,3,0,50,15.0
3.78,75,2,3,0,50,13.0
8.41,137,10,3,0,50,30.25
15.52,416,1,4,0,50,65.33
15.18,463,9,4,0,50,77.0
2.1,59,2,5,0,50,13.0
7.47,195,2,6,0,50,32.42
4.17,49,7,6,0,50,9.35
7.67,78,11,6,0,50,15.25
7.28,151,23,6,0,50,27.33
8.94,171,1,0,0,50,26.95
12.82,143,2,0,0,50,32.02
6.82,53,3,0,0,50,13.0
7.97,103,4,0,0,50,24.45
6.77,65,1,1,0,50,14.33
6.74,35,11,1,0,50,10.67
7.97,142,2,2,0,50,28.93
0.6,51,9,2,0,50,7.0
6.01,32,14,2,0,50,9.75
4.41,134,7,3,0,50,24.27
1.06,66,9,3,0,50,10.75
3.66,44,10,3,0,50,21.7
3.16,71,0,4,0,50,14.05
4.71,115,1,4,0,50,23.33
4.38,149,0,5,0,50,35.58
3.87,93,3,5,0,50,14.52
6.98,212,7,5,0,50,41.67
2.21,34,13,5,0,50,9.83
29.48,1734,18,5,0,50,309.67
7.81,192,6,6,0,50,30.5
8.24,154,10,6,0,50,36.17
11.34,259,2,0,0,50,51.35
10.63,156,10,0,0,50,33.83
8.04,163,2,1,0,50,37.78
7.08,173,8,1,0,50,35.63
11.6,278,1,2,0,50,58.48
10.71,250,8,2,0,50,48.57
4.47,152,1,3,0,50,28.5
1.2,66,3,3,0,50,11.08
4.05,167,4,3,0,50,30.68
10.71,240,1,4,0,50,39.67
46.7,161,2,4,0,50,57.33
47.07,220,7,4,0,50,71.17
12.06,212,9,4,0,50,43.08
3.25,170,1,5,0,50,31.83
18.31,543,3,5,0,50,121.42
9.76,59,16,5,0,50,15.93
3.25,196,16,5,0,50,29.5
1.92,24,17,5,0,50,14.33
4.45,175,1,6,0,50,34.67
12.66,511,2,6,0,50,87.57
10.44,197,6,6,0,50,34.83
8.48,224,7,6,0,50,40.43
3.57,106,6,0,0,50,20.58
5.11,132,8,0,0,50,24.42
9.08,162,12,0,0,50,36.33
15.18,282,1,1,0,50,50.75
14.32,333,9,1,0,50,61.1
4.99,119,1,2,0,50,21.33
8.43,177,3,2,0,50,32.6
11.2,222,6,2,0,50,42.08
11.15,306,9,2,0,50,55.42
6.85,54,5,3,0,50,21.32
37.51,580,8,3,0,50,130.77
1.76,47,19,3,0,50,10.83
1.77,63,3,4,0,50,10.83
1.98,151,5,4,0,50,17.25
2.5,107,5,4,0,50,19.75
3.53,64,6,4,0,50,11.72
3.56,71,9,4,0,50,12.58
1.53,33,10,4,0,50,8.5
1.92,53,10,4,0,50,13.8
1.78,75,18,4,0,50,11.0
22.0,681,3,5,0,50,123.58
1.47,79,13,5,0,50,11.0
1.67,24,16,5,0,50,6.92
4.09,168,0,6,0,50,34.43
31.74,450,1,6,0,50,94.78
15.82,285,3,6,0,50,61.22
17.03,554,7,6,0,50,102.25
1.6,66,10,6,0,50,7.92
2.41,124,11,6,0,50,19.02
1.58,53,17,6,0,50,7.67
1.93,34,3,0,0,50,7.67
2.17,146,4,0,0,50,21.87
1.86,130,5,0,0,50,18.37
1.36,66,6,0,0,50,9.3
23.17,553,7,0,0,50,114.27
7.64,266,9,0,0,50,41.13
8.55,122,10,0,0,50,27.0
2.58,33,12,0,0,50,11.25
2.42,56,13,0,0,50,12.43
24.18,491,0,1,0,50,83.83
20.08,551,9,1,0,50,139.25
1.02,33,13,1,0,50,7.12
1.46,27,14,1,0,50,7.03
8.43,266,4,2,0,50,46.88
7.93,400,7,2,0,50,56.33
0.99,49,12,2,0,50,7.2
1.72,39,17,2,0,50,11.08
2.04,53,2,3,0,50,9.5
3.59,149,4,3,0,50,26.92
1.13,73,5,3,0,50,12.62
3.2,167,9,3,0,50,25.75
4.22,310,10,3,0,50,50.37
1.78,32,18,3,0,50,9.25
2.2,67,2,4,0,50,8.42
1.7,92,3,4,0,50,15.42
1.73,141,4,4,0,50,20.67
8.0,197,9,4,0,50,37.0
3.02,223,10,4,0,50,31.2
1.07,3,11,4,0,50,6.58
16.46,119,14,4,0,50,31.83
1.63,87,23,4,0,50,15.5
1.72,33,1,5,0,50,7.83
0.95,22,3,5,0,50,5.58
44.55,320,3,5,0,50,81.62
38.49,260,9,5,0,50,77.5
1.7,33,18,5,0,50,8.0
4.88,194,3,6,0,50,50.08
2.94,162,10,6,0,50,24.87
20.2,379,1,0,0,50,65.6
3.02,186,2,0,0,50,27.67
18.22,562,4,0,0,50,96.9
18.35,382,23,0,0,50,77.42
17.11,495,9,1,0,50,84.78
1.01,79,11,1,0,50,8.43
18.4,418,23,1,0,50,84.92
10.52,186,10,2,0,50,37.92
5.36,217,11,2,0,50,36.63
2.59,177,12,2,0,50,27.12
3.07,69,0,3,0,50,20.92
45.07,269,3,3,0,50,92.37
36.25,1051,7,3,0,50,187.78
1.58,92,11,3,0,50,14.25
3.22,126,13,3,0,50,23.42
1.87,51,19,3,0,50,8.17
1.8,31,1,4,0,50,7.08
1.54,74,3,4,0,50,17.98
0.98,36,5,4,0,50,5.67
8.45,117,6,4,0,50,28.12
1.69,104,7,4,0,50,18.17
1.63,94,8,4,0,50,14.25
6.15,306,9,4,0,50,40.5
0.87,34,12,4,0,50,6.33
1.18,58,14,4,0,50,7.92
2.28,43,15,4,0,50,14.03
1.69,28,6,5,0,50,8.42
3.35,76,7,5,0,50,19.17
2.99,44,9,5,0,50,14.58
1.72,48,10,5,0,50,12.28
1.9,93,11,5,0,50,14.27
1.56,30,19,5,0,50,8.17
1.93,29,7,6,0,50,9.75
1.82,30,10,6,0,50,8.83
3.25,41,10,6,0,50,17.35
0.9,26,13,6,0,50,5.83
1.64,24,20,6,0,50,9.1
1.67,29,6,0,0,50,8.6
1.48,40,9,0,0,50,9.33
1.58,44,10,0,0,50,10.95
1.56,99,12,0,0,50,12.17
8.23,377,10,1,0,50,56.58
1.35,75,12,1,0,50,10.75
1.7,35,14,1,0,50,14.42
44.5,213,21,1,0,50,74.92
39.13,188,0,2,0,50,67.67
2.24,48,3,2,0,50,9.83
2.36,72,4,2,0,50,11.58
9.58,322,8,2,0,50,50.0
7.79,246,9,2,0,50,39.5
14.99,353,14,2,0,50,74.18
5.49,150,15,2,0,50,23.43
8.29,114,21,2,0,50,22.72
3.84,39,7,3,0,50,16.92
3.01,53,8,3,0,50,16.35
1.52,26,9,3,0,50,8.5
3.37,91,10,3,0,50,23.85
1.54,56,18,3,0,50,10.17
13.48,275,1,4,0,50,51.85
3.76,129,2,4,0,50,18.33
18.72,391,3,4,0,50,84.1
2.87,63,6,4,0,50,20.17
2.84,77,7,4,0,50,17.43
1.64,41,10,4,0,50,9.83
3.29,163,11,4,0,50,27.17
10.31,715,23,4,0,50,111.75
9.68,533,9,5,0,50,101.15
7.88,613,2,6,0,50,87.77
7.9,482,7,6,0,50,71.2
3.35,275,11,6,0,50,37.37
1.59,29,13,6,0,50,8.58
1.68,34,19,2,0,50,8.67
42.95,178,21,2,0,50,62.72
37.09,132,1,3,0,50,54.83
1.7,59,4,3,0,50,14.0
0.52,57,5,3,0,50,5.87
1.74,46,5,3,0,50,12.17
2.86,104,9,3,0,50,24.33
1.65,44,12,3,0,50,7.75
1.14,24,14,3,0,50,6.33
13.77,407,3,4,0,50,66.37
2.54,88,4,4,0,50,16.43
6.34,151,5,4,0,50,28.17
0.85,82,9,4,0,50,9.95
8.16,363,10,4,0,50,56.08
1.67,33,17,4,0,50,9.92
1.95,30,6,5,0,50,9.42
1.71,49,9,5,0,50,12.5
1.61,56,11,5,0,50,14.35
1.61,27,18,5,0,50,8.42
9.25,286,1,6,0,50,52.25
5.72,208,8,6,0,50,27.83
2.99,114,9,6,0,50,21.52
24.15,524,11,6,0,50,102.78
1.67,40,14,6,0,50,8.42
1.73,24,5,0,0,50,9.0
0.99,75,9,0,0,50,11.18
1.26,93,10,0,0,50,14.22
1.66,26,15,0,0,50,8.33
1.71,42,1,1,0,50,8.67
20.9,385,2,1,0,50,74.33
1.55,47,9,1,0,50,10.58
1.5,56,10,1,0,50,11.02
1.45,43,14,1,0,50,7.17
1.67,48,3,2,0,50,7.75
3.25,128,3,2,0,50,27.17
0.72,52,4,2,0,50,7.92
1.49,45,6,2,0,50,11.75
13.42,325,7,2,0,50,61.95
13.45,308,12,2,0,50,60.92
2.22,54,16,2,0,50,15.5
2.36,75,0,3,0,50,17.33
1.43,9,4,3,0,50,9.67
1.57,58,4,3,0,50,10.78
3.0,71,7,3,0,50,15.2
2.99,76,7,3,0,50,16.53
1.53,55,9,3,0,50,10.33
2.06,67,10,3,0,50,17.43
2.29,54,16,3,0,50,15.25
2.85,150,0,4,0,50,20.92
0.9,53,3,4,0,50,7.58
44.3,217,3,4,0,50,68.92
36.58,410,8,4,0,50,106.27
7.61,335,11,4,0,50,53.42
1.58,42,14,4,0,50,8.53
1.81,26,22,4,0,50,7.42
1.6,33,3,5,0,50,8.02
1.61,45,4,5,0,50,10.0
1.56,19,6,5,0,50,7.17
21.02,874,6,5,0,50,129.95
14.24,414,12,5,0,50,74.98
3.57,136,14,5,0,50,19.45
1.64,28,15,5,0,50,9.08
8.99,328,2,6,0,50,53.83
6.74,370,11,6,0,50,63.3
6.7,135,13,6,0,50,24.08
1.68,22,17,6,0,50,6.75
1.65,26,6,0,0,50,7.83
1.56,48,9,0,0,50,10.58
1.86,85,10,0,0,50,14.48
2.24,66,10,0,0,50,11.83
1.57,40,15,0,0,50,8.0
1.95,40,22,0,0,50,17.8
1.54,38,3,1,0,50,9.5
0.51,42,4,1,0,50,5.93
1.68,32,7,1,0,50,8.27
1.57,54,9,1,0,50,10.58
1.67,81,10,1,0,50,12.77
6.38,212,15,1,0,50,32.42
18.24,513,23,1,0,50,103.92
16.97,322,3,2,0,50,69.17
1.41,86,6,2,0,50,11.5
2.13,60,7,2,0,50,11.1
2.58,43,11,2,0,50,8.58
44.75,264,21,2,0,50,71.17
38.66,157,1,3,0,50,65.75
1.54,71,3,3,0,50,11.1
1.75,70,4,3,0,50,15.45
2.3,77,5,3,0,50,13.5
1.57,50,9,3,0,50,9.92
1.59,69,10,3,0,50,10.53
1.69,32,16,3,0,50,10.92
1.08,21,2,4,0,50,5.33
43.97,171,3,4,0,50,72.52
36.92,413,9,4,0,50,94.5
2.64,214,11,4,0,50,28.58
6.61,156,12,4,0,50,28.35
6.2,166,3,5,0,50,32.83
1.36,86,4,5,0,50,9.27
15.99,559,5,5,0,50,96.22
15.63,467,10,5,0,50,85.93
6.49,191,12,5,0,50,28.42
6.59,258,2,6,0,50,41.75
19.87,1201,6,6,0,50,207.47
3.23,135,9,6,0,50,17.37
3.84,217,11,6,0,50,27.75
7.77,309,12,6,0,50,38.52
1.63,55,6,0,0,50,7.93
0.9,68,10,0,0,50,9.67
0.63,40,10,0,0,50,6.27
1.37,88,11,0,0,50,12.0
30.48,1749,20,0,0,50,289.17
4.38,193,2,1,0,50,26.92
12.35,310,3,1,0,50,56.25
9.92,152,6,1,0,50,36.92
5.49,175,8,1,0,50,28.92
2.07,131,9,1,0,50,18.5
1.75,41,17,1,0,50,9.02
1.65,32,3,2,0,50,8.0
1.72,35,4,2,0,50,8.83
1.5,39,4,2,0,50,8.93
2.93,56,5,2,0,50,14.27
3.02,67,6,2,0,50,14.78
1.7,52,9,2,0,50,10.25
1.54,43,10,2,0,50,10.43
1.63,21,20,2,0,50,8.17
3.87,177,4,3,0,50,34.83
0.78,41,7,3,0,50,5.67
43.05,220,7,3,0,50,67.5
34.25,196,13,3,0,50,67.17
2.35,74,18,3,0,50,16.0
2.29,96,0,4,0,50,12.92
0.92,20,3,4,0,50,5.08
1.06,30,5,4,0,50,7.08
43.81,264,7,4,0,50,83.58
34.39,207,13,4,0,50,59.58
2.62,91,14,4,0,50,19.92
1.0,30,17,4,0,50,5.75
1.51,54,5,5,0,50,16.68
1.36,61,6,5,0,50,12.78
44.67,204,7,5,0,50,84.93
34.47,226,13,5,0,50,69.08
1.07,14,17,5,0,50,5.83
1.13,29,0,6,0,50,5.58
13.74,399,5,6,0,50,75.85
42.31,101,7,6,0,50,58.75
34.22,215,13,6,0,50,66.5
1.02,27,17,6,0,50,5.83
1.71,38,5,0,0,50,9.0
1.18,32,5,0,0,50,11.13
43.72,171,7,0,0,50,70.78
34.35,180,13,0,0,50,64.08
1.63,37,14,0,0,50,7.68
45.37,222,21,0,0,50,73.05
38.77,172,5,1,0,50,61.77
1.9,61,7,1,0,50,20.9
1.51,41,9,1,0,50,10.08
2.03,55,10,1,0,50,13.07
4.57,116,10,1,0,50,35.55
32.74,311,12,1,0,50,92.5
2.77,121,0,2,0,50,25.7
30.58,129,7,2,0,50,45.33
1.35,62,9,2,0,50,11.83
4.34,233,9,2,0,50,44.75
2.91,182,16,2,0,50,27.77
2.42,50,0,3,0,50,17.5
7.53,448,4,3,0,50,87.42
1.0,92,7,3,0,50,10.42
0.7,42,9,3,0,50,6.42
0.9,38,10,3,0,50,7.35
1.76,36,14,3,0,50,9.18
45.02,175,21,3,0,50,74.42
38.87,223,1,4,0,50,76.92
1.5,49,3,4,0,50,9.0
1.54,48,4,4,0,50,10.87
1.6,56,9,4,0,50,9.85
1.55,38,9,4,0,50,10.1
2.3,89,17,4,0,50,16.42
7.97,147,8,5,0,50,35.58
9.36,229,9,5,0,50,45.68
2.19,75,17,5,0,50,14.42
5.51,151,0,6,0,50,24.0
2.35,129,2,6,0,50,22.08
41.24,556,2,6,0,50,143.03
32.04,129,10,6,0,50,47.25
3.39,124,11,6,0,50,22.92
2.18,50,20,6,0,50,11.85
2.29,55,1,0,0,50,12.68
1.55,54,4,0,0,50,9.75
1.67,71,4,0,0,50,11.42
1.03,24,7,0,0,50,10.25
1.0,25,7,0,0,50,5.1
3.9,140,8,0,0,50,25.22
3.48,109,9,0,0,50,14.4
1.89,54,9,0,0,50,9.42
1.6,65,10,0,0,50,10.2
1.55,39,18,0,0,50,6.33
1.18,53,6,1,0,50,7.5
1.73,40,7,1,0,50,7.35
1.7,105,9,1,0,50,18.67
1.73,115,10,1,0,50,20.6
0.92,44,15,1,0,50,6.83
2.38,76,16,1,0,50,13.28
1.64,36,2,2,0,50,7.92
3.61,64,3,2,0,50,20.1
4.95,135,3,2,0,50,33.45
1.56,44,4,2,0,50,8.68
1.26,40,9,2,0,50,8.28
1.33,59,10,2,0,50,8.85
2.26,89,17,2,0,50,16.08
1.55,90,1,3,0,50,18.17
2.38,73,3,3,0,50,13.0
1.87,78,4,3,0,50,12.25
7.45,383,8,3,0,50,60.63
7.19,280,10,3,0,50,42.83
2.3,64,18,3,0,50,17.5
2.65,124,0,4,0,50,19.67
1.61,75,5,4,0,50,11.92
4.74,136,6,4,0,50,29.07
1.65,68,7,4,0,50,9.33
1.74,70,9,4,0,50,11.17
1.58,65,10,4,0,50,10.72
1.82,84,11,4,0,50,13.92
1.54,96,2,5,0,50,15.35
10.92,407,7,5,0,50,65.98
7.98,167,13,5,0,50,30.12
1.5,50,3,6,0,50,9.33
42.85,174,3,6,0,50,61.58
41.46,110,11,6,0,50,54.17
42.74,123,21,6,0,50,58.0
8.32,60,23,6,0,50,23.27
7.97,34,1,0,0,50,14.33
38.68,142,5,0,0,50,56.5
1.54,51,9,0,0,50,10.68
2.32,110,10,0,0,50,19.02
2.18,48,18,0,0,50,12.42
2.39,135,0,1,0,50,19.08
1.4,43,4,1,0,50,11.75
2.07,102,5,1,0,50,18.75
1.23,17,9,1,0,50,5.92
1.28,23,10,1,0,50,6.27
2.16,70,14,1,0,50,13.0
2.26,71,18,1,0,50,13.5
2.89,111,0,2,0,50,25.42
1.63,61,3,2,0,50,12.42
2.51,117,3,2,0,50,24.0
4.41,41,5,2,0,50,21.83
6.55,194,8,2,0,50,37.8
6.14,218,11,2,0,50,35.08
6.06,224,3,3,0,50,29.33
1.72,133,9,3,0,50,16.18
6.36,235,12,3,0,50,39.3
6.05,155,3,4,0,50,24.83
6.8,119,12,4,0,50,22.5
1.75,33,17,4,0,50,8.83
2.08,39,23,4,0,50,8.25
2.74,50,3,5,0,50,17.08
1.62,53,8,5,0,50,9.0
1.98,23,9,5,0,50,7.1
1.6,88,1,6,0,50,15.58
21.26,438,6,6,0,50,84.45
12.19,490,9,6,0,50,88.78
1.89,49,17,6,0,50,14.67
3.01,125,1,0,0,50,29.58
2.35,70,3,0,0,50,15.0
2.46,74,4,0,0,50,19.93
1.8,44,6,0,0,50,8.67
1.49,29,9,0,0,50,7.83
1.59,51,10,0,0,50,11.52
3.27,67,17,0,0,50,19.75
6.33,87,1,1,0,50,23.25
0.9,28,4,1,0,50,6.25
0.98,47,4,1,0,50,7.33
1.53,34,9,1,0,50,8.25
1.8,104,10,1,0,50,15.08
4.36,89,13,1,0,50,30.92
2.32,56,19,1,0,50,15.33
2.31,64,1,2,0,50,18.67
1.48,26,3,2,0,50,6.58
1.39,78,4,2,0,50,16.08
2.75,49,9,2,0,50,16.87
0.67,35,10,2,0,50,5.5
0.98,50,11,2,0,50,6.7
2.2,51,15,2,0,50,11.92
2.39,105,1,3,0,50,16.58
5.48,133,5,3,0,50,28.73
1.12,40,5,3,0,50,5.3
4.18,53,6,3,0,50,18.1
1.56,39,9,3,0,50,8.5
1.56,36,12,3,0,50,6.42
2.24,49,19,3,0,50,13.83
2.78,118,1,4,0,50,19.33
0.93,84,7,4,0,50,9.97
8.97,405,2,5,0,50,70.27
5.99,174,11,5,0,50,27.25
5.74,188,1,6,0,50,28.67
16.2,907,4,6,0,50,151.65
12.47,482,8,6,0,50,83.75
7.25,205,13,6,0,50,29.6
2.3,53,16,6,0,50,13.58
2.43,86,1,0,0,50,20.35
2.24,23,9,0,0,50,6.52
1.46,38,10,0,0,50,9.93
1.72,51,3,1,0,50,7.67
1.82,56,4,1,0,50,8.2
2.27,83,7,1,0,50,11.62
2.76,95,7,1,0,50,21.07
1.65,41,9,1,0,50,9.5
2.35,62,10,1,0,50,20.0
1.86,34,13,1,0,50,11.58
1.83,40,14,1,0,50,14.5
1.48,60,18,1,0,50,7.75
1.96,47,5,2,0,50,9.58
1.21,50,8,2,0,50,12.88
1.29,29,10,2,0,50,7.58
3.46,58,11,2,0,50,15.83
3.77,157,14,2,0,50,44.75
2.2,61,17,2,0,50,15.92
1.91,57,2,3,0,50,8.92
1.5,39,4,3,0,50,8.33
3.62,116,4,3,0,50,37.05
3.49,72,7,3,0,50,20.87
0.88,34,9,3,0,50,5.08
2.34,91,17,3,0,50,13.17
1.68,36,6,4,0,50,8.42
1.68,53,9,4,0,50,11.75
1.67,63,9,4,0,50,13.68
2.11,73,17,4,0,50,11.33
1.75,37,5,5,0,50,8.25
1.61,31,18,5,0,50,8.77
1.55,45,3,6,0,50,8.5
2.09,64,4,6,0,50,10.7
3.71,89,5,6,0,50,20.95
3.79,121,9,6,0,50,23.92
1.59,61,20,6,0,50,9.5
1.74,51,5,0,0,50,12.17
1.63,50,9,0,0,50,10.33
1.76,64,10,0,0,50,10.63
2.02,89,14,0,0,50,13.92
2.35,114,16,0,0,50,20.33
3.31,134,1,1,0,50,34.98
1.5,45,4,1,0,50,8.67
1.97,51,7,1,0,50,8.85
1.69,62,9,1,0,50,11.75
1.67,46,10,1,0,50,10.77
1.59,42,11,1,0,50,7.83
1.83,49,13,1,0,50,9.58
1.6,43,18,1,0,50,8.33
1.69,39,6,2,0,50,7.75
1.59,42,9,2,0,50,9.27
1.25,45,11,2,0,50,7.5
1.55,34,17,2,0,50,7.6
1.68,47,3,3,0,50,8.17
1.28,24,3,3,0,50,6.78
28.07,645,6,3,0,50,131.58
14.33,204,12,3,0,50,54.0
1.33,47,13,3,0,50,7.18
40.19,239,23,3,0,50,82.25
9.82,490,10,4,0,50,73.33
2.62,194,1,5,0,50,31.08
2.5,198,6,5,0,50,26.67
12.42,591,7,5,0,50,90.25
35.5,193,12,5,0,50,60.83
1.56,46,18,5,0,50,6.67
1.68,44,4,6,0,50,8.75
1.73,35,5,6,0,50,8.6
1.77,50,9,6,0,50,10.92
1.66,73,10,6,0,50,12.28
1.58,31,16,6,0,50,7.92
1.92,54,6,0,0,50,7.58
1.32,61,9,0,0,50,8.08
1.65,75,11,0,0,50,13.73
1.67,52,15,0,0,50,8.58
1.53,35,2,1,0,50,8.0
1.52,46,3,1,0,50,8.6
1.44,39,6,1,0,50,7.0
1.84,44,7,1,0,50,8.1
1.75,56,9,1,0,50,9.33
1.58,17,12,1,0,50,7.75
2.19,102,17,1,0,50,14.83
1.8,56,6,2,0,50,7.92
1.71,86,10,2,0,50,13.83
1.58,52,10,2,0,50,10.85
1.26,29,14,2,0,50,7.5
10.08,278,21,2,0,50,42.75
4.59,82,1,3,0,50,13.45
7.08,267,2,3,0,50,44.95
0.95,78,4,3,0,50,11.25
7.12,243,9,3,0,50,37.17
7.81,323,10,3,0,50,47.67
6.78,259,3,4,0,50,34.92
6.62,146,12,4,0,50,32.28
4.33,158,3,5,0,50,22.75
1.07,67,5,5,0,50,11.55
7.08,200,12,5,0,50,38.93
1.74,88,16,5,0,50,15.08
1.88,46,7,6,0,50,8.6
1.6,58,16,6,0,50,8.08
1.55,56,6,0,0,50,6.83
2.34,30,7,0,0,50,8.95
1.63,19,8,0,0,50,8.1
1.77,42,9,0,0,50,9.67
2.32,76,10,0,0,50,23.28
1.64,38,14,0,0,50,9.58
2.03,42,7,1,0,50,8.75
1.25,58,9,1,0,50,8.25
1.4,46,10,1,0,50,7.2
0.94,26,18,1,0,50,9.58
2.42,78,19,1,0,50,12.68
1.85,53,4,2,0,50,8.58
1.5,68,9,2,0,50,11.42
1.44,78,10,2,0,50,9.52
1.5,69,11,2,0,50,11.58
1.68,38,13,2,0,50,7.25
2.38,77,14,2,0,50,23.37
1.27,36,1,3,0,50,10.25
1.44,46,4,3,0,50,9.2
3.61,154,4,3,0,50,27.07
1.41,45,9,3,0,50,8.0
1.6,64,10,3,0,50,13.85
68.53,344,11,3,0,50,115.33
30.8,148,1,4,0,50,48.25
1.45,46,3,4,0,50,8.5
2.73,134,4,4,0,50,20.17
2.18,92,6,4,0,50,13.42
1.69,67,9,4,0,50,11.0
1.55,48,9,4,0,50,16.83
1.72,35,12,4,0,50,8.93
1.61,54,18,4,0,50,7.33
6.8,193,12,5,0,50,30.63
8.55,188,18,5,0,50,38.33
8.36,259,8,6,0,50,42.5
7.72,468,12,6,0,50,70.33
1.62,43,16,6,0,50,9.08
1.73,58,6,0,0,50,10.43
1.15,31,9,0,0,50,6.67
2.42,79,10,0,0,50,15.35
1.02,61,11,0,0,50,8.02
2.61,105,17,0,0,50,15.5
2.17,81,7,1,0,50,15.0
1.51,28,10,1,0,50,7.42
1.51,41,10,1,0,50,8.35
1.71,54,14,1,0,50,11.27
2.21,62,5,2,0,50,11.43
0.73,30,7,2,0,50,6.03
0.66,26,8,2,0,50,5.25
1.72,58,9,2,0,50,11.28
2.17,39,10,2,0,50,10.33
1.67,38,19,2,0,50,7.83
0.67,25,6,3,0,50,5.35
1.32,49,6,3,0,50,7.75
1.9,46,12,3,0,50,9.92
11.29,363,14,3,0,50,58.85
9.11,108,22,3,0,50,21.67
1.61,50,7,4,0,50,8.08
5.9,442,9,4,0,50,52.0
5.81,221,13,4,0,50,44.5
8.18,520,16,4,0,50,86.67
31.06,600,0,5,0,50,129.97
14.49,85,3,5,0,50,46.95
17.14,515,8,5,0,50,98.67
6.05,89,11,5,0,50,32.0
37.84,1149,7,6,0,50,222.5
1.66,67,10,0,0,50,11.02
2.29,60,11,0,0,50,19.1
1.64,44,18,0,0,50,8.75
1.18,44,6,1,0,50,7.33
1.46,40,10,1,0,50,8.75
1.52,53,10,1,0,50,8.93
1.58,39,14,1,0,50,8.62
1.76,56,1,2,0,50,7.42
10.0,295,3,2,0,50,62.23
2.23,77,4,2,0,50,10.02
7.11,322,5,2,0,50,43.93
1.72,54,9,2,0,50,10.58
2.5,112,10,2,0,50,18.35
1.41,59,11,2,0,50,11.18
2.83,99,16,2,0,50,19.0
1.46,53,2,3,0,50,7.35
1.63,37,14,3,0,50,7.83
1.54,46,6,4,0,50,7.42
2.88,71,8,4,0,50,13.08
3.04,70,9,4,0,50,13.78
1.94,72,10,4,0,50,10.93
1.59,65,11,4,0,50,10.22
2.2,70,17,4,0,50,13.17
1.95,49,4,5,0,50,7.92
1.68,51,5,5,0,50,5.6
1.14,61,6,5,0,50,7.5
1.95,57,11,5,0,50,17.18
1.64,40,18,5,0,50,7.67
1.63,39,7,6,0,50,7.17
9.15,240,10,6,0,50,66.92
10.4,617,13,6,0,50,99.95
3.67,86,17,6,0,50,11.75
2.03,52,5,0,0,50,7.83
1.01,31,9,0,0,50,5.75
1.01,39,9,0,0,50,6.43
1.49,41,14,0,0,50,9.5
1.59,19,17,0,0,50,7.5
1.91,49,2,1,0,50,8.0
1.47,46,3,1,0,50,7.77
4.11,64,7,1,0,50,16.58
3.03,57,8,1,0,50,13.67
1.47,56,9,1,0,50,10.03
1.58,51,10,1,0,50,9.52
2.82,119,12,1,0,50,20.58
1.87,38,13,1,0,50,8.5
2.28,120,18,1,0,50,16.17
1.68,55,1,2,0,50,7.43
1.26,35,2,2,0,50,6.83
1.77,42,3,2,0,50,8.67
1.65,37,4,2,0,50,8.95
1.42,51,9,2,0,50,10.27
1.51,44,10,2,0,50,9.52
18.29,809,9,3,0,50,181.92
2.68,143,13,3,0,50,25.33
1.58,99,15,3,0,50,12.25
1.31,25,21,3,0,50,5.0
1.17,54,0,4,0,50,8.33
1.52,35,0,4,0,50,7.93
1.52,47,3,4,0,50,9.5
2.34,68,7,4,0,50,10.68
1.58,41,9,4,0,50,9.33
2.43,82,10,4,0,50,16.18
1.21,52,11,4,0,50,7.43
2.34,78,17,4,0,50,14.52
2.09,62,7,5,0,50,8.42
3.73,219,9,5,0,50,36.58
4.35,354,9,5,0,50,51.58
2.46,101,11,5,0,50,16.5
0.64,62,11,5,0,50,6.33
2.21,88,12,5,0,50,15.75
4.12,125,14,5,0,50,22.92
8.2,162,23,5,0,50,30.08
10.53,340,3,6,0,50,52.42
7.87,189,6,6,0,50,35.0
1.74,56,11,6,0,50,11.08
1.25,63,1,0,0,50,7.5
1.58,35,3,0,0,50,8.17
1.62,59,4,0,0,50,9.35
3.63,147,8,0,0,50,26.33
1.75,65,9,0,0,50,10.1
1.73,68,10,0,0,50,12.63
1.63,48,17,0,0,50,9.67
1.59,66,6,1,0,50,8.08
1.48,34,9,1,0,50,7.83
2.4,95,9,1,0,50,16.6
1.08,46,10,1,0,50,6.95
1.54,53,13,1,0,50,9.18
1.85,74,22,1,0,50,9.67
7.39,310,1,2,0,50,60.42
7.51,271,4,2,0,50,44.5
2.38,69,10,2,0,50,17.35
3.22,78,12,2,0,50,17.83
2.39,104,17,2,0,50,14.08
11.06,500,2,3,0,50,84.67
2.52,104,5,4,0,50,28.08
8.03,303,10,4,0,50,44.92
2.45,131,13,4,0,50,16.5
9.23,246,14,4,0,50,41.08
1.42,92,0,5,0,50,15.5
1.55,49,4,5,0,50,9.25
2.03,52,4,5,0,50,9.67
9.36,636,10,5,0,50,81.92
7.13,136,13,5,0,50,29.75
1.67,30,19,5,0,50,8.08
2.13,78,2,6,0,50,10.33
6.07,136,3,6,0,50,27.57
5.82,207,6,6,0,50,34.58
7.15,387,6,6,0,50,56.98
7.62,251,14,6,0,50,43.92
1.59,26,17,6,0,50,7.58
1.65,65,7,0,0,50,8.83
2.0,68,9,0,0,50,11.75
1.67,45,10,0,0,50,9.77
1.64,41,16,0,0,50,9.1
1.74,60,1,1,0,50,9.83
1.4,41,3,1,0,50,7.75
1.55,39,5,1,0,50,7.75
1.55,65,9,1,0,50,10.08
1.3,38,11,1,0,50,8.42
1.67,41,16,1,0,50,9.17
1.94,79,2,2,0,50,11.25
2.69,73,5,2,0,50,15.83
2.84,53,7,2,0,50,14.83
2.34,125,10,2,0,50,20.25
1.25,49,12,2,0,50,9.42
1.35,42,13,2,0,50,8.45
2.33,53,17,2,0,50,12.12
1.47,51,5,3,0,50,14.33
1.38,36,10,3,0,50,8.42
1.54,49,10,3,0,50,10.18
1.04,67,12,3,0,50,8.75
2.36,86,18,3,0,50,14.58
2.11,103,4,4,0,50,16.68
12.35,867,9,4,0,50,135.7
6.71,172,12,4,0,50,27.58
1.85,85,17,4,0,50,14.33
7.26,135,7,5,0,50,19.33
4.14,329,12,5,0,50,37.33
0.84,38,17,5,0,50,6.18
2.3,87,18,5,0,50,13.68
10.85,407,3,6,0,50,75.02
9.13,424,12,6,0,50,68.42
1.63,55,17,6,0,50,8.08
1.65,44,3,0,0,50,8.17
2.06,57,3,0,0,50,9.68
3.62,207,6,0,0,50,32.58
1.81,41,9,0,0,50,8.83
1.71,57,10,0,0,50,10.62
1.56,66,17,0,0,50,9.08
13.95,456,0,1,0,50,89.08
14.33,401,3,1,0,50,72.12
1.71,70,4,1,0,50,12.27
1.64,53,9,1,0,50,9.17
1.89,66,10,1,0,50,12.92
2.15,90,1,2,0,50,11.42
1.92,79,2,2,0,50,17.42
1.25,46,4,2,0,50,7.83
1.31,37,4,2,0,50,8.68
3.03,118,8,2,0,50,28.58
1.03,51,9,2,0,50,7.47
2.96,75,10,2,0,50,10.55
1.57,46,18,2,0,50,8.02
5.38,155,1,3,0,50,32.4
3.42,79,2,3,0,50,13.77
1.63,72,3,3,0,50,10.85
1.56,43,4,3,0,50,8.43
33.84,117,6,3,0,50,43.42
32.35,79,7,3,0,50,37.35
2.77,149,8,3,0,50,27.68
1.13,26,10,3,0,50,6.33
1.56,45,17,3,0,50,8.83
3.07,66,4,4,0,50,11.42
3.13,119,7,4,0,50,17.72
9.18,109,8,4,0,50,27.72
3.71,113,12,4,0,50,16.7
0.9,45,14,4,0,50,6.33
1.74,43,17,4,0,50,9.75
1.58,78,4,5,0,50,11.43
14.78,330,4,5,0,50,62.75
12.5,199,7,5,0,50,46.25
2.27,61,18,5,0,50,8.83
2.02,74,3,6,0,50,8.67
6.95,282,4,6,0,50,46.67
10.76,478,5,6,0,50,87.38
5.95,306,9,6,0,50,44.3
8.54,388,11,6,0,50,62.7
1.63,42,14,6,0,50,6.75
1.72,79,5,0,0,50,9.83
1.29,37,6,0,0,50,7.27
2.04,145,9,0,0,50,18.5
4.77,191,10,0,0,50,29.1
4.08,220,18,0,0,50,40.92
1.61,43,4,1,0,50,8.25
1.26,105,10,1,0,50,10.77
0.87,50,11,1,0,50,9.0
2.75,191,17,1,0,50,29.27
2.24,70,5,2,0,50,8.5
1.84,158,17,2,0,50,20.5
1.65,52,4,3,0,50,8.25
25.19,823,5,3,0,50,133.48
1.13,40,12,3,0,50,6.87
1.6,42,18,3,0,50,6.42
1.46,63,5,4,0,50,6.92
17.93,467,6,4,0,50,79.95
16.56,476,8,4,0,50,84.93
8.56,245,10,4,0,50,40.37
9.46,306,13,4,0,50,52.83
1.42,42,17,4,0,50,5.83
8.85,315,3,5,0,50,54.58
7.07,381,5,5,0,50,64.43
10.29,351,10,5,0,50,55.83
1.05,30,11,5,0,50,5.38
1.63,26,17,5,0,50,5.93
11.65,383,2,6,0,50,60.77
12.39,780,4,6,0,50,119.18
6.78,109,9,6,0,50,31.08
8.27,320,12,6,0,50,52.08
1.64,37,17,6,0,50,6.67
1.56,48,6,0,0,50,7.92
1.87,67,9,0,0,50,12.67
2.07,65,10,0,0,50,12.77
1.45,54,18,0,0,50,7.58
3.79,202,6,1,0,50,34.43
1.51,51,9,1,0,50,7.33
1.57,60,10,1,0,50,11.1
3.04,103,17,1,0,50,14.43
1.77,42,6,2,0,50,8.58
1.07,29,4,4,0,50,7.33
7.53,171,8,4,0,50,49.4
3.84,210,4,5,0,50,33.0
11.19,393,14,5,0,50,93.08
1.9,65,18,5,0,50,10.18
2.23,68,10,6,0,50,10.92
7.86,169,9,0,0,50,28.0
2.57,127,10,0,0,50,25.5
7.46,145,13,0,0,50,24.83
2.62,89,10,1,0,50,17.58
1.12,28,14,1,0,50,5.25
4.38,264,3,2,0,50,33.08
13.73,830,9,2,0,50,125.43
1.72,46,18,2,0,50,9.5
1.46,47,3,3,0,50,8.75
1.63,49,9,3,0,50,9.92
7.45,386,12,4,0,50,69.52
1.67,23,15,4,0,50,7.58
5.14,307,1,5,0,50,53.83
4.35,236,3,5,0,50,42.0
7.84,585,4,5,0,50,90.42
13.56,501,6,5,0,50,83.92
26.52,781,8,5,0,50,151.83
1.61,47,1,0,0,50,9.92
1.22,103,10,0,0,50,12.0
1.66,42,19,0,0,50,8.08
9.52,693,19,0,0,50,109.17
19.9,1136,23,0,0,50,192.25
0.93,10,3,1,0,50,5.75
10.72,725,3,1,0,50,126.08
8.82,214,10,2,0,50,61.75
1.86,68,18,2,0,50,11.17
1.21,74,19,3,0,50,11.75
4.77,338,8,4,0,50,47.42
3.46,192,14,4,0,50,27.0
3.97,179,15,4,0,50,35.25
1.64,48,19,4,0,50,9.08
1.72,69,9,5,0,50,12.25
2.11,48,12,5,0,50,11.58
9.1,197,15,5,0,50,46.6
5.19,86,6,6,0,50,12.25
0.83,40,9,6,0,50,7.08
1.12,55,10,6,0,50,8.77
1.75,56,19,6,0,50,10.42
0.69,57,8,0,0,50,7.08
1.99,111,1,1,0,50,14.08
6.47,89,4,1,0,50,22.25
1.37,47,6,1,0,50,8.58
0.93,32,10,1,0,50,5.83
1.76,44,14,2,0,50,8.52
9.35,400,9,3,0,50,70.1
5.82,264,13,3,0,50,42.0
1.61,48,18,3,0,50,9.17
1.56,43,13,4,0,50,8.33
32.96,716,1,5,0,50,166.52
3.41,157,10,5,0,50,25.33
7.19,237,13,5,0,50,50.17
1.14,46,6,6,0,50,5.92
3.05,173,20,6,0,50,25.83
11.7,604,10,0,0,50,110.03
2.53,83,21,0,0,50,22.17
1.76,47,21,1,0,50,11.08
2.34,89,5,2,0,50,18.17
1.16,67,6,2,0,50,10.33
0.84,40,9,2,0,50,6.0
1.05,63,10,2,0,50,8.67
1.62,49,20,2,0,50,9.08
1.31,43,4,3,0,50,7.58
1.63,49,9,3,0,50,8.58
2.73,114,17,3,0,50,25.83
2.91,88,4,4,0,50,27.0
9.92,342,14,4,0,50,69.42
1.85,74,22,4,0,50,22.0
1.73,78,6,5,0,50,15.33
1.97,126,7,5,0,50,18.83
7.74,188,8,5,0,50,43.03
5.26,374,14,5,0,50,55.92
2.64,55,14,6,0,50,6.58
14.61,615,10,0,0,50,109.8
6.06,314,13,0,0,50,62.9
30.05,1878,22,0,0,50,311.92
2.65,74,4,1,0,50,12.58
1.73,48,22,1,0,50,10.02
13.52,861,0,2,0,50,120.42
7.97,240,3,2,0,50,43.13
10.29,257,7,2,0,50,45.72
1.66,40,9,2,0,50,8.33
2.24,126,10,2,0,50,19.0
2.73,56,22,2,0,50,10.73
16.19,487,23,2,0,50,81.75
5.43,79,4,3,0,50,20.5
4.3,211,6,3,0,50,43.5
0.96,53,8,3,0,50,9.55
10.72,466,8,3,0,50,92.15
10.37,631,10,3,0,50,95.08
8.79,192,5,6,0,50,34.5
6.12,421,6,6,0,50,56.68
6.7,416,8,6,0,50,69.17
2.89,162,9,3,0,50,23.58
1.62,30,16,3,0,50,9.17
1.91,68,0,4,0,50,10.08
24.4,80,1,4,0,50,37.0
23.3,231,6,4,0,50,59.08
1.54,30,14,4,0,50,7.33
3.78,84,2,5,0,50,19.58
1.84,60,10,5,0,50,9.17
4.65,370,11,1,0,50,40.68
1.88,151,12,1,0,50,15.75
17.21,1094,14,1,0,50,173.47
10.68,374,19,1,0,50,52.93
11.63,843,0,2,0,50,129.72
9.02,644,7,2,0,50,84.65
9.1,938,9,2,0,50,107.37
3.21,151,11,2,0,50,16.97
8.72,452,15,2,0,50,80.9
27.18,1500,20,2,0,50,227.15
3.75,180,4,3,0,50,19.67
1.56,49,23,3,0,50,8.48
7.7,658,23,3,0,50,85.95
3.36,154,7,4,0,50,26.37
5.85,364,12,4,0,50,44.93
20.98,1120,13,4,0,50,153.13
3.33,167,16,4,0,50,30.38
6.38,177,23,4,0,50,26.73
15.85,178,8,5,0,50,36.58
1.87,159,10,0,0,50,19.3
8.87,601,12,0,0,50,69.32
1.81,126,11,1,0,50,18.62
0.76,78,11,1,0,50,7.23
4.49,192,0,3,0,50,29.32
7.92,185,4,6,0,50,29.17
7.36,152,6,6,0,50,34.65
7.86,146,5,6,0,50,46.67
1.08,48,6,6,0,50,7.17
3.81,165,7,6,0,50,28.92
6.94,487,9,6,0,50,64.25
1.73,142,11,6,0,50,18.83
1.57,40,12,0,0,50,9.25
1.76,39,1,1,0,50,6.75
2.5,37,4,1,0,50,9.08
0.58,39,16,1,0,50,6.5
1.07,25,10,2,0,50,6.0
2.41,142,15,4,0,50,24.0
11.04,115,3,5,0,50,32.83
0.88,31,20,2,0,50,9.17
0.77,30,9,3,0,50,5.0
3.29,81,15,3,0,50,16.42
2.87,112,5,5,0,50,20.83
1.08,77,6,5,0,50,11.5
3.21,14,4,3,0,50,13.83
1.18,85,5,3,0,50,14.0
3.27,189,6,3,0,50,22.68
19.5,412,10,4,0,50,72.58
1.15,86,12,4,0,50,10.6
21.46,633,4,5,0,50,103.25
24.21,701,8,5,0,50,106.75
7.93,298,11,5,0,50,52.07
1.73,39,4,4,0,50,11.58
19.13,221,5,4,0,50,54.5
10.8,5,6,4,0,50,7.5
9.67,230,6,4,0,50,36.85
1.07,55,11,2,0,50,10.53
0.98,48,12,2,0,50,6.15
5.97,228,5,3,0,50,43.38
4.43,181,7,3,0,50,39.65
43.46,532,0,5,0,50,101.93
35.83,665,8,5,0,50,135.42
1.25,69,10,5,0,50,9.58
1.62,97,0,2,0,50,15.17
0.79,36,5,2,0,50,6.25
3.17,39,11,2,0,50,13.22
1.02,56,3,3,0,50,6.83
8.43,311,5,3,0,50,60.33
7.9,222,7,3,0,50,34.8
6.95,202,8,3,0,50,32.83
5.04,167,8,3,0,50,22.93
1.21,83,10,3,0,50,9.85
0.96,60,12,5,0,50,11.42
42.78,805,6,6,0,50,160.02
3.21,133,9,6,0,50,23.03
4.46,314,10,2,0,50,51.97
5.72,354,11,2,0,50,48.33
5.82,238,15,2,0,50,35.5
5.24,275,21,2,0,50,31.83
1.74,55,3,3,0,50,13.33
6.62,452,3,3,0,50,58.25
176.2,1304,9,4,0,50,329.22
1.42,80,11,0,0,50,10.12
0.89,44,15,1,0,50,5.0
1.94,198,0,2,0,50,22.0
4.25,207,11,2,0,50,34.5
1.42,41,13,3,0,50,5.58
144.6,138,14,3,0,50,104.87
2.45,23,10,5,0,50,5.6
28.62,719,12,5,0,50,112.82
4.08,64,6,6,0,50,13.83
10.99,281,9,6,0,50,43.0
144.22,505,10,6,0,50,184.7
0.88,33,3,1,0,50,8.92
0.9,84,7,2,0,50,9.67
1.52,76,11,2,0,50,14.83
1.04,35,4,3,0,50,7.67
0.98,44,16,6,0,50,7.58
2.48,127,0,0,0,50,25.67
1.03,48,6,0,0,50,9.17
6.55,331,9,0,0,50,48.33
0.62,39,10,0,0,50,6.0
39.82,503,0,1,0,50,117.42
12.04,762,4,1,0,50,109.43
35.87,437,6,1,0,50,88.1
2.22,65,16,1,0,50,8.93
2.7,51,16,1,0,50,7.92
1.4,74,1,2,0,50,10.92
1.6,61,4,2,0,50,7.75
1.63,111,9,2,0,50,17.0
22.29,1270,10,2,0,50,189.75
1.02,12,13,2,0,50,7.33
1.63,73,15,2,0,50,14.25
7.56,336,9,3,0,50,57.7
1.33,38,12,3,0,50,6.5
2.1,65,16,3,0,50,9.58
5.97,158,3,4,0,50,29.75
1.45,125,4,4,0,50,14.0
11.27,148,11,4,0,50,24.5
3.84,252,11,4,0,50,34.63
2.22,104,15,4,0,50,13.88
22.69,2403,5,5,0,50,271.5
9.22,324,1,6,0,50,52.42
2.19,111,3,6,0,50,23.92
3.54,94,5,6,0,50,17.78
9.81,444,11,6,0,50,79.83
2.03,126,13,6,0,50,24.37
1.16,30,9,0,0,50,10.17
1.39,76,11,0,0,50,8.83
3.36,102,16,0,0,50,20.33
2.8,154,2,1,0,50,20.83
39.08,1003,3,1,0,50,193.68
46.01,1618,6,1,0,50,314.28
1.9,65,12,2,0,50,9.67
19.21,1009,14,2,0,50,148.92
1.25,77,22,2,0,50,10.08
1.44,69,1,3,0,50,10.05
1.32,56,4,3,0,50,11.1
5.8,579,9,3,0,50,69.0
6.25,379,11,3,0,50,61.75
1.38,99,1,4,0,50,12.75
4.04,254,4,4,0,50,35.67
0.75,85,10,4,0,50,8.85
4.28,209,11,4,0,50,31.92
8.7,218,23,4,0,50,32.93
14.61,686,6,5,0,50,98.08
2.24,102,10,5,0,50,13.0
2.0,91,12,5,0,50,22.75
2.61,158,4,6,0,50,19.77
1.81,120,4,6,0,50,16.25
0.78,63,7,6,0,50,6.97
2.68,218,9,6,0,50,29.25
2.76,216,10,6,0,50,24.42
2.11,125,0,0,0,50,17.67
7.12,72,3,0,0,50,23.0
0.75,52,5,0,0,50,7.75
4.63,407,10,0,0,50,51.58
34.08,422,2,1,0,50,98.75
1.75,175,4,1,0,50,18.5
34.05,1294,7,1,0,50,190.88
1.24,34,17,2,0,50,5.17
1.36,63,1,3,0,50,10.52
2.84,261,4,3,0,50,33.92
1.89,132,5,3,0,50,17.17
33.19,336,3,4,0,50,86.67
40.2,903,8,4,0,50,153.25
9.59,345,1,5,0,50,83.45
4.48,291,15,6,0,50,48.33
1.34,92,0,0,0,50,12.83
0.81,39,4,0,0,50,5.0
9.05,132,16,0,0,50,48.92
1.23,80,0,1,0,50,12.17
4.23,343,10,1,0,50,39.08
1.14,52,16,1,0,50,11.33
1.76,52,4,2,0,50,17.13
17.3,1026,6,2,0,50,157.25
32.63,539,9,2,0,50,107.25
1.45,71,1,3,0,50,12.92
3.81,60,4,3,0,50,10.35
1.13,41,4,3,0,50,6.83
1.12,72,5,3,0,50,10.33
2.7,50,11,3,0,50,10.0
1.33,189,5,4,0,50,11.0
2.8,384,10,4,0,50,25.42
5.29,1160,12,4,0,50,63.25
3.42,657,16,4,0,50,28.42
1.79,91,2,6,0,50,15.33
1.9,46,4,6,0,50,9.0
4.12,228,7,6,0,50,35.0
0.61,46,11,6,0,50,6.5
13.42,413,5,2,0,50,65.5
23.54,1288,6,2,0,50,211.2
1.1,57,1,3,0,50,9.42
0.62,52,0,5,0,50,5.75
6.55,157,1,5,0,50,21.67
83.28,597,2,5,0,50,178.67
2.75,134,7,5,0,50,26.17
3.18,45,7,5,0,50,8.92
2.83,160,8,5,0,50,23.25
82.19,140,11,5,0,50,74.92
5.34,111,3,6,0,50,19.58
1.87,78,4,6,0,50,14.92
5.98,205,5,6,0,50,29.02
2.53,200,8,6,0,50,27.08
2.17,105,0,1,0,50,14.58
1.22,63,9,1,0,50,8.25
0.94,59,10,1,0,50,9.75
0.73,75,4,2,0,50,8.33
6.41,477,10,2,0,50,60.17
1.57,84,12,2,0,50,10.77
29.17,643,0,3,0,50,112.85
29.74,862,4,3,0,50,149.18
11.25,888,7,3,0,50,128.67
4.91,215,13,3,0,50,43.47
9.23,240,4,4,0,50,41.22
39.77,1438,5,4,0,50,279.25
7.54,248,10,4,0,50,47.67
6.59,431,7,5,0,50,61.72
7.53,299,5,6,0,50,46.55
0.97,58,6,6,0,50,5.75
5.94,130,6,6,0,50,22.33
24.83,940,13,6,0,50,172.03
2.07,62,0,0,0,50,8.35
0.6,36,3,0,0,50,6.0
1.84,116,6,0,0,50,18.92
0.9,67,9,0,0,50,8.17
3.61,190,11,0,0,50,38.08
5.93,351,11,4,0,50,37.4
2.84,96,13,4,0,50,11.03
10.32,260,13,4,0,50,37.67
7.51,604,4,5,0,50,84.07
3.99,399,6,5,0,50,47.22
12.51,346,10,5,0,50,56.08
10.2,98,22,5,0,50,16.4
0.67,55,5,6,0,50,5.97
4.04,225,6,6,0,50,22.97
11.42,825,11,6,0,50,115.0
2.08,105,1,0,0,50,9.2
2.65,196,13,0,0,50,19.6
15.47,723,11,1,0,50,104.32
4.77,343,4,2,0,50,43.07
10.46,145,6,2,0,50,22.88
33.95,1391,7,2,0,50,233.57
1.73,119,5,3,0,50,13.38
8.15,178,6,3,0,50,28.92
7.24,146,7,3,0,50,25.32
8.86,260,8,3,0,50,40.28
8.33,247,4,5,0,50,37.63
13.09,411,11,5,0,50,71.57
8.15,600,11,6,0,50,57.4
7.16,132,13,1,0,50,19.2
7.2,267,11,2,0,50,44.55
7.75,602,13,2,0,50,77.9
1.95,172,16,2,0,50,22.87
1.64,110,10,3,0,50,10.85
6.77,423,11,3,0,50,42.6
4.52,117,9,4,0,50,10.6
7.93,123,5,5,0,50,21.68
2.65,236,9,5,0,50,21.55
1.1,141,9,6,0,50,12.7
7.17,246,9,6,0,50,31.1
6.26,247,13,0,0,50,38.57
0.59,55,14,0,0,50,5.53
11.09,384,3,1,0,50,69.63
10.45,154,8,1,0,50,22.82
7.38,89,4,2,0,50,19.98
11.74,121,6,2,0,50,25.02
14.65,458,7,2,0,50,52.73
9.1,772,10,2,0,50,103.4
4.5,164,14,2,0,50,20.48
5.43,126,6,3,0,50,16.18
7.14,304,6,3,0,50,37.32
11.59,342,6,4,0,50,50.55
10.89,189,10,4,0,50,30.42
9.83,364,7,5,0,50,42.0
6.18,64,14,5,0,50,17.77
15.82,890,9,0,0,50,117.15
6.44,494,22,0,0,50,55.85
5.98,117,1,1,0,50,15.93
2.37,224,4,1,0,50,24.53
13.7,680,5,1,0,50,87.37
51.71,1798,1,2,0,50,293.18
7.91,211,8,2,0,50,32.45
1.85,101,11,2,0,50,14.87
12.27,289,2,3,0,50,50.08
10.83,147,4,0,0,50,25.08
11.31,235,5,0,0,50,33.63
15.78,517,11,4,0,50,109.93
5.81,79,13,4,0,50,13.07
6.29,101,6,5,0,50,13.2
8.84,442,9,5,0,50,66.48
9.21,246,11,5,0,50,33.02
9.08,548,6,2,0,50,75.33
10.74,636,3,3,0,50,83.08
2.59,163,4,4,0,50,19.9
12.02,416,6,4,0,50,62.88
15.1,399,8,4,0,50,60.98
1.56,35,10,4,0,50,9.65
11.25,233,10,4,0,50,41.07
3.5,284,4,5,0,50,29.8
2.11,108,0,0,0,50,13.02
2.05,83,4,0,0,50,15.65
4.06,325,11,0,0,50,39.92
0.68,80,12,0,0,50,7.3
1.36,63,0,1,0,50,10.05
2.33,155,10,1,0,50,26.75
2.16,108,0,2,0,50,13.88
0.77,59,4,2,0,50,6.65
1.95,161,10,2,0,50,19.4
2.4,176,0,3,0,50,17.82
2.99,214,10,3,0,50,24.63
5.13,352,10,4,0,50,53.22
14.62,658,3,5,0,50,83.72
1.43,82,7,5,0,50,14.95
8.61,528,9,5,0,50,65.38
1.52,109,10,6,0,50,10.73
2.69,175,0,0,0,50,16.42
2.88,143,0,1,0,50,19.15
2.7,201,9,1,0,50,27.9
1.41,72,11,1,0,50,9.58
5.08,244,14,1,0,50,24.1
2.62,183,0,2,0,50,22.02
10.85,121,3,2,0,50,32.63
1.93,220,4,2,0,50,20.63
2.07,159,9,2,0,50,21.25
2.67,175,11,3,0,50,17.42
3.0,173,0,4,0,50,21.58
1.74,140,3,4,0,50,18.7
3.88,270,10,4,0,50,39.82
2.68,170,8,5,0,50,17.75
4.44,251,11,5,0,50,32.87
10.89,698,5,6,0,50,95.48
2.27,117,8,6,0,50,17.5
2.19,117,0,0,0,50,12.05
6.36,415,10,0,0,50,63.77
4.31,182,0,2,0,50,24.37
9.88,310,0,2,0,50,44.73
1.32,37,4,2,0,50,7.85
2.39,228,11,2,0,50,26.95
4.23,237,0,3,0,50,30.62
2.77,55,4,3,0,50,13.6
4.31,484,12,3,0,50,48.55
2.15,81,0,4,0,50,10.52
5.58,238,3,4,0,50,32.82
17.51,267,2,6,0,50,35.9
11.48,600,5,6,0,50,68.9
0.67,68,11,6,0,50,6.47
1.0,100,11,6,0,50,9.65
5.29,224,0,0,0,50,27.33
3.9,288,13,0,0,50,28.85
3.03,193,0,1,0,50,22.42
3.1,297,9,1,0,50,29.13
3.44,208,0,2,0,50,21.67
5.72,438,11,2,0,50,64.6
2.38,109,0,3,0,50,12.6
3.35,127,0,4,0,50,16.77
1.73,102,4,4,0,50,13.35
4.44,242,11,5,0,50,36.02
2.48,232,13,5,0,50,23.63
0.7,86,5,6,0,50,8.12
2.88,183,5,6,0,50,24.88
0.7,32,6,6,0,50,5.43
2.43,153,0,0,0,50,12.68
5.71,450,9,0,0,50,57.55
7.83,476,10,1,0,50,57.47
2.24,111,0,2,0,50,11.08
2.36,243,10,2,0,50,27.83
3.59,162,0,3,0,50,17.18
2.53,139,0,4,0,50,13.68
2.75,138,9,4,0,50,20.77
0.83,99,5,5,0,50,9.7
9.62,669,5,6,0,50,71.48
7.57,582,3,5,0,50,44.23
37.55,35,15,5,0,50,19.82
100.9,212,7,6,0,50,94.68
33.46,2,10,6,0,50,24.27
3.74,165,20,3,0,50,17.48
12.78,87,2,5,0,50,13.35
0.53,173,9,0,0,50,6.23
6.76,251,16,2,0,50,24.15
141.24,127,20,3,0,50,84.65
9.75,707,8,5,0,50,33.37
25.81,87,12,4,0,50,29.5
134.94,1048,14,4,0,50,168.13
37.42,162,2,5,0,50,30.97
323.82,36,3,5,0,50,177.53
8.43,283,14,5,0,50,19.08
24.2,1085,22,5,0,50,86.78
19.58,129,14,6,0,50,34.8
8.45,157,16,6,0,50,14.15
3.29,41,22,2,0,50,15.02
15.49,79,23,2,0,50,19.98
105.47,14,0,3,0,50,98.1
36.31,926,2,3,0,50,133.05
6.66,257,10,3,0,50,16.5
13.06,2,5,4,0,50,10.92
128.24,265,3,5,0,50,108.68
1.93,33,5,5,0,50,6.48
63.66,559,11,6,0,50,87.48
4.62,178,12,6,0,50,14.45
2.84,25,14,6,0,50,8.1
27.45,352,16,6,0,50,42.77
144.57,427,17,6,0,50,131.03
2.85,117,20,6,0,50,10.0
285.78,1545,21,6,0,50,346.87
191.78,415,3,0,0,50,125.1
3.62,22,8,2,0,50,5.18
3.67,35,11,2,0,50,8.83
61.99,697,13,2,0,50,104.13
15.34,363,19,2,0,50,25.6
43.82,296,11,3,0,50,64.33
99.85,738,12,3,0,50,136.35
5.01,3,21,4,0,50,9.23
42.0,177,21,4,0,50,53.07
50.17,245,22,4,0,50,61.78
115.5,1452,23,4,0,50,197.2
26.74,58,3,5,0,50,31.97
79.1,160,4,5,0,50,96.6
22.54,347,6,5,0,50,36.9
0.87,133,17,4,0,50,6.28
1.83,13,7,4,0,50,7.52
13.71,265,10,4,0,50,33.92
72.77,629,14,4,0,50,109.18
189.17,412,16,4,0,50,162.52
7.6,113,19,4,0,50,19.48
2.75,132,8,5,0,50,10.8
4.02,171,11,5,0,50,15.97
104.05,451,12,5,0,50,133.27
14.59,163,7,6,0,50,24.02
52.23,110,6,0,0,50,53.82
2.88,135,13,0,0,50,8.73
170.91,412,14,0,0,50,152.32
2.64,80,17,0,0,50,7.48
63.0,10,14,4,0,50,70.63
409.12,79,16,4,0,50,361.3
649.15,119,1,5,0,50,510.13
333.72,91,11,5,0,50,264.95
41.01,9,16,5,0,50,32.6
166.99,46,0,6,0,50,124.97
75.36,24,3,6,0,50,73.78
167.7,23,5,6,0,50,121.48
35.57,6,8,6,0,50,26.2
309.29,48,10,6,0,50,329.87
262.47,31,16,6,0,50,221.28
25.4,4,22,6,0,50,26.9
23.63,8,1,0,0,50,23.4
39.4,3,1,0,0,50,29.65
7.93,2,2,0,0,50,10.12
154.76,39,4,0,0,50,139.57
27.51,15,7,0,0,50,26.65
272.51,118,9,0,0,50,341.68
5.0,1,16,0,0,50,8.88
522.84,31,17,0,0,50,428.73
6.38,12,0,1,0,50,19.68
5.27,5,3,1,0,50,7.88
459.92,55,4,1,0,50,408.97
5.05,7,11,1,0,50,12.8
7.33,19,11,2,0,50,26.4
105.55,20,1,3,0,50,90.45
568.43,87,3,3,0,50,540.92
4.9,13,13,3,0,50,6.42
28.95,15,15,3,0,50,27.03
253.02,1,16,3,0,50,163.4
332.4,115,19,3,0,50,355.73
54.81,10,1,4,0,50,70.12
45.62,8,3,4,0,50,65.8
52.19,53,4,4,0,50,36.17
51.62,28,7,4,0,50,36.17
396.65,4,8,4,0,50,253.45
265.14,14,13,4,0,50,158.27
298.06,16,16,4,0,50,197.12
556.26,130,19,4,0,50,365.68
160.75,58,1,5,0,50,95.8
330.94,185,11,5,0,50,218.13
39.65,47,15,5,0,50,42.98
106.74,168,16,5,0,50,108.68
676.08,257,18,5,0,50,443.58
15.81,54,9,6,0,50,51.1
30.14,100,7,6,0,50,38.83
159.14,67,5,0,0,50,118.08
77.31,20,22,6,0,50,60.47
15.47,260,1,0,0,50,33.97
8.73,342,2,0,0,50,73.42
1.42,94,6,0,0,50,14.52
40.05,195,9,0,0,50,59.37
7.1,384,9,1,0,50,31.72
146.1,324,10,1,0,50,104.2
4.02,184,0,2,0,50,19.18
60.11,202,1,2,0,50,60.12
73.22,68,2,2,0,50,60.88
6.78,185,3,2,0,50,27.9
5.9,13,4,2,0,50,8.58
22.48,505,12,2,0,50,69.17
7.8,263,14,2,0,50,38.2
33.0,12,15,2,0,50,29.82
157.18,302,16,2,0,50,136.17
73.2,61,20,2,0,50,56.65
156.74,63,21,2,0,50,113.82
237.93,480,0,3,0,50,209.47
227.58,26,12,3,0,50,189.18
552.86,224,16,3,0,50,422.68
152.84,69,23,3,0,50,110.08
64.47,21,4,4,0,50,57.27
52.24,17,8,4,0,50,40.27
172.48,199,10,4,0,50,138.18
8.65,124,7,5,0,50,22.13
3.66,78,12,5,0,50,10.6
6.87,201,16,5,0,50,18.82
34.19,331,2,4,0,50,60.43
19.75,27,4,4,0,50,19.58
164.03,665,6,4,0,50,189.57
206.54,134,11,4,0,50,180.43
54.03,6,14,4,0,50,43.05
64.94,10,15,4,0,50,40.9
9.27,528,23,0,0,50,38.38
6.65,206,0,1,0,50,17.78
6.71,273,11,1,0,50,26.2
5.05,75,12,1,0,50,9.47
39.51,114,13,1,0,50,34.42
29.72,293,23,1,0,50,53.87
8.33,319,10,2,0,50,28.92
12.01,13,11,2,0,50,17.08
2.39,196,22,2,0,50,10.23
12.82,2,23,2,0,50,6.67
13.89,126,23,2,0,50,25.38
6.67,217,0,3,0,50,21.35
6.34,128,10,3,0,50,13.9
3.06,218,11,3,0,50,16.18
4.47,157,11,3,0,50,15.13
12.7,0,23,3,0,50,6.6
32.95,369,0,4,0,50,71.43
6.72,155,10,4,0,50,18.83
3.48,248,11,4,0,50,17.67
4.28,113,11,4,0,50,13.12
13.65,1,12,4,0,50,7.87
14.41,377,22,6,0,50,47.23
5.73,38,23,6,0,50,8.28
5.59,13,11,0,0,50,8.45
5.0,65,11,0,0,50,11.45
11.09,1,12,0,0,50,7.02
1.01,323,13,0,0,50,11.2
14.2,272,23,0,0,50,45.67
6.35,152,0,1,0,50,14.35
5.77,19,12,1,0,50,8.63
5.1,54,12,1,0,50,11.5
14.14,11,23,1,0,50,16.75
14.41,659,23,1,0,50,68.88
6.26,143,1,2,0,50,13.77
1.73,106,11,2,0,50,8.32
4.27,109,12,2,0,50,10.2
5.16,64,13,2,0,50,13.7
12.89,38,14,2,0,50,18.43
14.67,21,23,2,0,50,18.37
13.8,260,23,2,0,50,35.32
6.03,139,0,3,0,50,13.47
4.97,178,10,3,0,50,18.8
10.55,2,11,3,0,50,6.88
4.07,355,23,3,0,50,30.33
6.16,100,0,4,0,50,13.3
6.19,52,10,4,0,50,11.52
5.12,115,11,4,0,50,14.92
20.38,347,12,4,0,50,45.6
55.61,271,0,5,0,50,58.58
6.2,100,1,5,0,50,12.52
20.77,350,11,5,0,50,47.27
13.87,91,13,5,0,50,27.83
13.29,161,0,6,0,50,31.18
5.74,128,1,6,0,50,13.35
6.14,44,12,6,0,50,13.75
1.45,96,12,6,0,50,7.18
111.03,62,14,6,0,50,67.63
569.29,48,16,6,0,50,310.02
146.41,29,23,6,0,50,98.9
633.83,494,1,0,0,50,380.95
210.32,216,8,0,0,50,185.58
188.82,87,12,0,0,50,187.0
103.24,2,16,0,0,50,71.77
17.29,38,17,0,0,50,21.25
11.97,9,17,0,0,50,14.27
195.28,169,18,0,0,50,158.55
9.57,215,21,0,0,50,31.88
1.99,635,23,0,0,50,18.95
7.89,431,2,1,0,50,27.25
112.7,685,3,1,0,50,113.68
415.52,206,8,1,0,50,369.2
840.11,1261,20,1,0,50,640.22
188.69,39,8,2,0,50,124.62
5.78,54,12,2,0,50,9.65
4.89,153,23,2,0,50,15.18
505.73,179,0,3,0,50,349.32
18.99,151,6,3,0,50,22.43
613.56,210,7,3,0,50,409.45
145.95,18,14,3,0,50,95.13
279.31,7,16,3,0,50,172.37
13.0,502,19,3,0,50,27.58
46.24,31,20,3,0,50,44.58
45.14,55,23,3,0,50,50.4
12.66,545,1,4,0,50,36.47
4.23,835,3,4,0,50,46.2
25.9,298,5,4,0,50,37.58
2.76,291,7,4,0,50,18.43
6.26,302,9,4,0,50,38.1
15.2,2,10,4,0,50,10.57
2.74,291,15,4,0,50,18.42
6.26,302,17,4,0,50,38.08
15.18,1,18,4,0,50,10.55
12.56,438,22,4,0,50,28.65
9.59,3,23,6,0,50,5.08
6.47,145,1,0,0,50,15.45
5.88,22,11,0,0,50,9.0
5.09,119,11,0,0,50,12.8
19.19,169,12,0,0,50,36.05
14.03,304,23,0,0,50,39.8
6.1,119,0,1,0,50,13.7
4.6,76,10,1,0,50,13.63
5.06,78,10,1,0,50,12.8
11.41,25,11,1,0,50,16.67
1.32,356,23,1,0,50,13.67
12.92,2,23,1,0,50,6.68
14.49,163,0,2,0,50,28.6
6.32,132,1,2,0,50,15.58
5.91,73,10,2,0,50,15.6
5.12,97,11,2,0,50,11.43
10.81,2,12,2,0,50,6.88
8.08,49,12,2,0,50,19.22
12.93,4,23,2,0,50,6.68
13.95,242,23,2,0,50,36.67
6.43,145,0,3,0,50,15.33
6.5,163,11,3,0,50,20.22
5.08,114,11,3,0,50,14.55
10.92,1,12,3,0,50,7.13
8.55,238,13,3,0,50,19.02
9.18,0,23,3,0,50,5.05
4.17,278,23,3,0,50,27.22
6.15,124,0,4,0,50,13.97
5.52,12,10,4,0,50,8.42
5.16,105,11,4,0,50,19.27
10.55,1,12,4,0,50,6.73
7.88,63,12,4,0,50,19.07
13.18,3,23,6,0,50,6.82
13.52,242,23,6,0,50,37.98
6.02,126,0,0,0,50,13.87
4.66,20,10,0,0,50,7.9
5.13,63,11,0,0,50,12.62
10.6,0,12,0,0,50,6.85
2.27,60,12,0,0,50,5.27
13.15,4,23,0,0,50,6.8
14.42,370,23,0,0,50,34.6
6.47,257,0,1,0,50,17.25
6.02,293,11,1,0,50,16.63
6.77,180,0,2,0,50,19.27
5.12,74,11,2,0,50,13.63
12.38,502,12,2,0,50,27.13
13.49,194,23,2,0,50,34.83
6.08,114,0,3,0,50,14.83
5.76,36,11,3,0,50,9.02
5.12,62,11,3,0,50,13.0
11.25,0,12,3,0,50,7.0
8.48,200,12,3,0,50,21.97
13.24,1,23,3,0,50,6.88
9.59,0,23,3,0,50,5.08
4.07,243,23,3,0,50,18.35
6.11,110,0,4,0,50,13.43
30.74,367,11,4,0,50,60.98
11.27,1,12,4,0,50,7.03
7.92,130,13,4,0,50,18.05
3.04,260,12,5,0,50,22.28
13.04,0,22,6,0,50,6.73
9.61,0,23,6,0,50,5.02
4.17,127,23,6,0,50,21.02
6.23,149,0,0,0,50,13.68
9.74,654,11,0,0,50,37.5
8.38,68,0,1,0,50,12.27
18.29,624,10,4,0,50,46.98
13.56,84,12,4,0,50,22.17
30.04,145,4,5,0,50,42.37
2.95,300,11,1,0,50,20.23
2.01,74,14,1,0,50,5.23
18.13,376,10,3,0,50,51.03
12.96,2,22,3,0,50,6.68
14.29,164,23,3,0,50,30.52
6.04,135,0,4,0,50,14.13
39.71,351,9,4,0,50,71.55
40.25,610,9,5,0,50,88.25
8.24,172,0,0,0,50,19.05
5.79,80,4,5,0,50,8.52
4.64,68,4,5,0,50,12.05
38.39,0,8,5,0,50,19.58
1.97,25,8,5,0,50,5.37
9.29,149,9,5,0,50,22.52
44.76,172,10,5,0,50,47.6
5.8,140,11,5,0,50,12.9
2.9,106,10,6,0,50,23.47
12.86,0,11,6,0,50,6.58
28.97,220,11,6,0,50,54.27
6.99,230,11,4,0,50,16.5
16.61,229,11,4,0,50,31.5
15.3,206,12,4,0,50,31.0
16.53,69,2,5,0,50,12.72
41.85,1176,2,5,0,50,102.2
7.59,388,11,4,0,50,25.18
1147.3,1812,12,4,0,50,720.02
100.75,3072,1,5,0,50,247.62
15.37,1006,5,5,0,50,57.45
211.14,931,9,5,0,50,113.38
7.65,234,10,1,0,50,17.28
5.73,207,11,1,0,50,22.1
22.1,753,12,1,0,50,58.88
16.92,321,23,1,0,50,26.68
40.23,1064,23,1,0,50,89.95
89.23,1138,6,5,0,50,130.48
74.01,506,8,5,0,50,105.52
2.29,610,10,5,0,50,19.07
20.44,591,13,2,0,50,45.77
122.24,171,16,2,0,50,92.12
4.75,65,18,2,0,50,8.85
2.94,279,14,5,0,50,22.72
9.86,12,15,5,0,50,7.0
18.96,84,15,5,0,50,20.43
8.42,553,13,4,0,50,30.53
14.22,2262,17,4,0,50,122.9
136.7,293,20,4,0,50,104.85
6.78,169,22,4,0,50,14.55
28.59,225,14,6,0,50,37.57
25.53,985,6,1,0,50,93.2
23.78,480,5,2,0,50,54.5
42.95,397,1,4,0,50,58.97
47.0,456,7,4,0,50,74.17
32.86,671,7,5,0,50,76.78
15.16,241,8,5,0,50,27.83
2.14,517,21,5,0,50,17.75
14.31,78,22,5,0,50,24.53
6.78,171,23,5,0,50,17.15
3.76,850,8,5,0,50,37.8
1.11,374,9,5,0,50,13.28
6.21,375,10,5,0,50,22.8
14.52,212,11,5,0,50,35.13
15.68,441,23,6,0,50,33.23
14.07,291,0,0,0,50,34.63
9.31,381,1,0,0,50,25.58
14.9,156,10,4,0,50,18.37
31.74,202,10,4,0,50,66.58
90.11,582,2,5,0,50,158.73
80.36,504,6,5,0,50,125.42
7.48,405,21,4,0,50,29.23
18.88,399,21,4,0,50,49.85
15.19,214,22,4,0,50,32.93
17.45,348,13,6,0,50,33.88
14.12,127,14,6,0,50,19.58
8.29,401,14,6,0,50,21.67
132.04,2650,4,5,0,50,278.93
4.38,559,9,5,0,50,21.38
25.09,1689,9,6,0,50,98.73
6.66,111,3,5,0,50,15.17
16.25,364,4,5,0,50,39.27
14.09,336,4,5,0,50,37.18
3.62,130,10,4,0,50,20.07
7.51,376,12,5,0,50,36.35
5.82,302,23,5,0,50,23.35
6.84,482,7,6,0,50,69.27
3.29,146,12,6,0,50,18.8
5.92,209,13,6,0,50,34.25
7.06,150,23,6,0,50,25.47
7.28,160,9,0,0,50,34.22
20.92,566,10,0,0,50,109.67
2.34,38,12,1,0,50,5.92
20.1,779,0,2,0,50,110.12
1.69,241,3,2,0,50,19.07
19.82,930,10,2,0,50,117.75
1.55,92,2,4,0,50,7.2
0.62,87,2,4,0,50,5.93
1.95,97,9,4,0,50,7.97
2.23,157,9,4,0,50,12.4
0.89,51,10,4,0,50,5.23
1.71,115,10,4,0,50,10.05
17.59,442,22,5,0,50,76.93
17.14,320,9,6,0,50,49.0
1.88,75,23,6,0,50,15.77
29.14,182,8,0,0,50,40.72
2.01,164,9,0,0,50,12.92
6.72,267,23,0,0,50,29.25
7.67,325,10,1,0,50,27.27
1.83,91,11,1,0,50,8.3
1.31,95,0,2,0,50,15.42
0.76,78,10,2,0,50,6.87
1.95,112,11,2,0,50,9.02
4.89,226,23,2,0,50,20.62
7.05,209,11,3,0,50,31.73
6.99,348,8,4,0,50,30.27
0.98,92,9,4,0,50,8.02
5.13,183,4,5,0,50,27.8
3.12,202,6,5,0,50,29.97
12.04,644,6,5,0,50,91.47
1.41,111,8,5,0,50,8.38
2.17,181,6,6,0,50,23.47
0.83,57,7,6,0,50,9.05
6.87,171,7,6,0,50,12.7
1.3,86,7,6,0,50,13.48
1.84,88,8,6,0,50,16.98
1.7,115,11,6,0,50,9.78
6.7,321,22,6,0,50,25.52
5.96,402,6,0,0,50,25.93
7.06,359,23,0,0,50,28.8
6.84,312,8,1,0,50,32.48
6.05,235,23,1,0,50,24.13
7.14,355,5,2,0,50,32.95
6.19,168,23,2,0,50,28.68
7.49,323,9,3,0,50,31.77
3.16,141,10,3,0,50,11.05
4.84,110,23,3,0,50,19.48
1.74,108,8,4,0,50,7.72
3.67,299,3,5,0,50,30.53
2.05,247,6,5,0,50,21.48
0.86,120,6,5,0,50,9.65
14.53,797,7,5,0,50,111.32
8.41,244,2,6,0,50,41.17
9.92,493,5,6,0,50,57.72
1.72,85,11,6,0,50,8.07
6.31,175,23,6,0,50,24.72
5.9,102,10,0,0,50,16.88
4.74,151,23,0,0,50,21.65
1.65,89,4,5,0,50,8.93
6.45,162,23,6,0,50,27.65
7.56,462,8,0,0,50,50.4
1.5,67,11,0,0,50,6.15
41.48,127,23,0,0,50,26.28
6.82,232,9,1,0,50,33.85
6.15,122,23,1,0,50,26.42
19.86,886,9,2,0,50,148.98
1.48,102,12,2,0,50,9.22
6.1,193,23,2,0,50,30.15
0.68,54,5,3,0,50,5.27
8.65,376,6,3,0,50,45.5
1.67,96,23,3,0,50,12.78
10.55,157,7,4,0,50,39.5
2.41,57,9,4,0,50,6.7
1.11,120,9,4,0,50,8.1
6.84,421,9,4,0,50,48.08
11.19,173,12,4,0,50,42.7
1.28,100,3,5,0,50,6.83
1.67,57,9,5,0,50,8.27
1.01,69,9,5,0,50,7.27
2.48,137,9,5,0,50,15.62
5.42,193,5,6,0,50,28.72
1.61,74,6,6,0,50,7.15
2.9,167,6,6,0,50,22.78
5.86,193,8,6,0,50,30.85
2.8,75,11,6,0,50,8.52
1.42,133,23,6,0,50,13.63
1.46,129,8,0,0,50,15.78
5.01,183,8,0,0,50,21.17
2.84,143,3,1,0,50,29.47
1.85,40,4,1,0,50,6.02
1.08,68,5,1,0,50,6.7
6.71,186,5,1,0,50,27.2
7.47,182,6,1,0,50,52.27
8.34,281,8,1,0,50,42.72
1.22,81,10,1,0,50,7.5
5.1,191,0,2,0,50,25.23
7.74,406,7,2,0,50,39.17
3.17,55,8,2,0,50,5.5
1.15,62,8,2,0,50,7.13
11.9,414,8,3,0,50,34.42
1.6,115,9,3,0,50,9.58
4.23,6,1,4,0,50,5.77
2.11,99,3,4,0,50,11.05
6.98,220,4,4,0,50,34.83
4.24,198,9,4,0,50,29.62
9.4,363,11,4,0,50,37.27
1.55,225,3,5,0,50,18.4
2.77,166,6,5,0,50,20.97
3.56,295,8,5,0,50,36.48
0.55,75,23,0,0,50,6.28
10.05,293,4,1,0,50,39.55
9.43,233,8,1,0,50,26.15
1.4,85,11,1,0,50,8.13
7.64,194,2,2,0,50,35.57
6.22,57,8,2,0,50,12.25
2.18,138,9,2,0,50,9.75
2.18,81,12,2,0,50,8.35
2.04,95,8,3,0,50,8.77
6.94,217,23,3,0,50,29.32
5.21,220,3,4,0,50,23.5
1.3,111,9,4,0,50,7.95
0.66,60,11,4,0,50,5.23
3.55,141,6,5,0,50,21.38
3.25,246,7,5,0,50,25.2
17.04,68,7,5,0,50,13.85
2.11,108,10,5,0,50,15.2
0.67,94,13,5,0,50,7.3
1.84,60,2,6,0,50,6.05
2.01,233,2,6,0,50,23.0
3.29,202,7,6,0,50,18.12
1.62,103,12,6,0,50,9.88
8.59,350,23,6,0,50,41.92
7.49,319,4,0,0,50,36.95
1.36,57,9,0,0,50,5.63
1.6,103,12,0,0,50,8.58
2.05,118,23,0,0,50,13.67
4.64,79,12,2,0,50,21.67
0.72,54,23,2,0,50,6.82
1.18,78,23,2,0,50,7.67
8.08,269,2,3,0,50,35.68
4.86,124,5,3,0,50,24.2
12.68,246,6,3,0,50,45.02
0.98,69,9,3,0,50,6.08
1.82,133,11,3,0,50,10.67
6.84,305,23,3,0,50,37.15
4.43,138,2,4,0,50,27.23
1.01,118,7,4,0,50,10.75
1.22,64,8,4,0,50,6.23
1.67,119,8,4,0,50,9.92
22.5,482,1,5,0,50,92.13
12.81,267,7,5,0,50,40.65
8.18,253,8,5,0,50,44.22
7.79,227,11,5,0,50,39.4
7.39,115,13,5,0,50,25.12
5.47,621,7,6,0,50,64.97
10.9,720,10,6,0,50,60.43
2.25,57,0,5,0,50,12.0
1.41,103,2,5,0,50,12.67
1.36,52,3,5,0,50,8.37
2.8,132,11,5,0,50,19.22
1.67,42,2,6,0,50,7.42
4.94,82,4,0,0,50,18.33
36.24,15,10,0,0,50,26.45
241.15,165,11,0,0,50,210.2
31.63,25,19,0,0,50,40.92
71.74,13,19,0,0,50,67.0
58.34,202,22,0,0,50,88.5
137.85,593,0,1,0,50,217.87
5.44,205,5,1,0,50,43.85
106.74,405,6,1,0,50,139.68
132.91,1030,0,2,0,50,386.62
186.81,372,8,2,0,50,283.43
87.18,1071,23,2,0,50,218.58
62.07,707,3,3,0,50,138.83
1.27,43,12,3,0,50,14.92
1.92,71,9,6,0,50,11.27
2.32,89,0,0,0,50,12.83
3.68,109,3,0,0,50,22.5
1.4,44,4,0,0,50,7.37
2.52,73,12,0,0,50,11.17
1.92,45,1,0,0,50,9.08
1.26,54,11,0,0,50,7.25
1.62,32,1,1,0,50,7.92
1.62,27,1,2,0,50,6.33
2.23,48,9,2,0,50,9.75
2.85,95,10,2,0,50,16.35
1.56,25,1,3,0,50,7.58
1.84,52,9,3,0,50,11.25
1.27,64,9,4,0,50,8.58
1.51,22,17,4,0,50,5.25
109.29,314,23,4,0,50,145.17
107.44,316,6,5,0,50,154.08
3.03,89,9,5,0,50,18.05
2.09,58,10,5,0,50,12.33
2.03,93,8,6,0,50,11.25
2.04,64,15,6,0,50,10.25
2.02,43,1,0,0,50,10.25
1.0,47,3,0,0,50,7.0
8.77,294,3,0,0,50,48.67
13.27,332,4,0,0,50,64.33
1.67,87,9,0,0,50,11.83
1.51,33,1,1,0,50,6.75
2.09,106,9,1,0,50,17.17
2.62,93,10,1,0,50,17.62
2.1,27,1,2,0,50,9.17
0.51,33,3,2,0,50,5.6
0.58,42,9,2,0,50,5.87
2.43,67,12,2,0,50,11.08
1.66,47,1,3,0,50,8.67
1.78,97,10,3,0,50,13.6
3.06,66,14,3,0,50,6.92
1.62,57,1,4,0,50,8.58
9.36,150,23,4,0,50,33.75
21.99,768,2,5,0,50,133.25
4.32,236,9,5,0,50,38.92
13.6,380,12,5,0,50,65.58
11.97,235,3,6,0,50,49.0
9.01,241,5,6,0,50,51.17
4.65,260,7,6,0,50,33.6
3.46,90,9,6,0,50,15.5
2.18,45,1,0,0,50,9.75
1.03,32,3,0,0,50,5.0
2.23,66,12,0,0,50,12.5
2.33,63,1,1,0,50,12.0
1.27,33,10,1,0,50,8.5
1.94,99,1,2,0,50,9.18
0.6,67,3,2,0,50,5.15
6.2,284,12,2,0,50,27.08
1.91,58,1,3,0,50,10.62
3.26,125,9,3,0,50,22.75
2.22,109,10,3,0,50,12.98
2.62,100,12,3,0,50,13.45
2.47,182,1,4,0,50,18.58
0.66,89,3,4,0,50,6.87
0.54,66,9,4,0,50,5.15
2.23,201,9,4,0,50,19.68
1.93,140,16,4,0,50,11.43
2.17,125,2,5,0,50,11.37
1.9,95,20,5,0,50,6.93
125.15,2099,5,6,0,50,323.92
24.42,499,12,6,0,50,73.83
3.58,135,1,0,0,50,23.9
2.45,130,13,0,0,50,14.52
2.07,73,1,1,0,50,9.48
6.21,530,10,1,0,50,65.42
2.06,111,11,2,0,50,8.73
2.59,112,1,3,0,50,10.42
0.72,59,9,3,0,50,5.1
2.46,166,10,3,0,50,16.43
1.92,102,14,3,0,50,14.07
2.37,105,1,4,0,50,11.17
2.13,129,9,4,0,50,12.55
6.04,171,10,4,0,50,18.5
20.59,22,12,4,0,50,20.17
782.01,68,12,4,0,50,422.53
315.14,60,22,4,0,50,180.03
12.77,330,2,5,0,50,52.6
3.32,255,9,6,0,50,30.78
278.38,323,12,6,0,50,178.35
214.56,55,16,6,0,50,118.18
176.1,16,19,6,0,50,95.73
6.26,248,2,0,0,50,23.78
2.22,89,4,0,0,50,9.75
2.67,126,12,0,0,50,13.22
2.31,89,1,1,0,50,10.12
2.7,136,9,1,0,50,14.05
1.2,106,10,1,0,50,8.62
4.35,396,10,1,0,50,40.13
1.91,83,1,2,0,50,8.38
0.88,82,3,2,0,50,5.15
1.29,51,9,2,0,50,6.5
4.1,227,11,2,0,50,18.38
2.55,149,0,3,0,50,10.3
2.91,178,9,3,0,50,21.02
1.93,120,11,3,0,50,15.68
4.14,232,11,3,0,50,17.38
1.99,90,1,4,0,50,6.93
1.17,104,9,4,0,50,8.68
2.31,136,0,5,0,50,8.15
1.23,80,7,5,0,50,5.2
2.0,115,14,5,0,50,8.08
1.95,111,5,6,0,50,9.07
1.5,89,7,6,0,50,8.98
2.41,163,0,0,0,50,13.63
0.54,67,3,0,0,50,5.4
1.95,152,10,0,0,50,13.05
2.27,123,11,0,0,50,14.07
2.28,147,7,1,0,50,17.32
2.11,85,1,2,0,50,9.67
0.54,69,3,2,0,50,5.68
2.27,148,9,2,0,50,13.82
0.8,58,10,2,0,50,5.33
2.01,108,14,2,0,50,9.58
2.14,102,1,3,0,50,10.57
0.64,84,9,3,0,50,6.52
2.65,181,11,3,0,50,13.92
2.3,110,1,4,0,50,10.42
1.2,145,9,4,0,50,10.5
2.43,94,20,4,0,50,9.35
2.11,131,7,5,0,50,9.93
2.39,83,21,5,0,50,9.47
1.39,55,9,6,0,50,6.07
1.12,77,9,6,0,50,6.55
1.79,54,1,0,0,50,9.43
0.52,63,3,0,0,50,5.23
4.5,241,10,0,0,50,33.2
3.04,88,11,1,0,50,17.65
1.65,83,1,2,0,50,6.53
1.11,81,9,2,0,50,5.27
1.7,74,1,3,0,50,6.42
0.52,72,3,3,0,50,5.73
2.56,150,9,3,0,50,12.27
2.14,85,1,4,0,50,8.87
2.39,172,0,5,0,50,12.47
1.8,217,10,6,0,50,17.47
1.76,107,12,6,0,50,10.57
2.23,83,1,0,0,50,9.58
0.6,56,6,0,0,50,5.45
2.38,142,12,0,0,50,11.65
13.68,424,12,5,0,50,42.83
8.98,389,23,5,0,50,38.43
3.84,385,4,6,0,50,40.42
192.43,1240,5,6,0,50,249.5
17.35,747,12,0,0,50,81.6
2.49,92,4,2,0,50,12.73
24.17,109,0,3,0,50,43.05
23.75,135,2,3,0,50,45.95
1.58,209,10,0,0,50,14.4
10.11,398,23,0,0,50,55.08
10.96,468,9,1,0,50,40.58
9.59,336,23,1,0,50,43.42
11.54,497,9,2,0,50,48.8
9.39,312,23,2,0,50,38.77
7.87,238,10,3,0,50,27.62
11.67,534,9,4,0,50,59.83
7.28,414,1,5,0,50,47.62
9.76,474,4,5,0,50,51.2
10.17,461,23,6,0,50,46.58
2.85,183,4,0,0,50,24.33
12.13,631,8,0,0,50,67.8
10.19,335,23,0,0,50,43.07
11.2,416,8,1,0,50,40.83
10.05,410,23,1,0,50,52.9
12.1,532,8,2,0,50,59.68
9.12,362,23,2,0,50,39.63
2.13,169,12,3,0,50,12.95
10.84,522,23,3,0,50,55.6
11.35,623,9,4,0,50,50.42
1.51,72,4,5,0,50,6.57
20.47,1854,5,5,0,50,164.62
10.2,540,23,6,0,50,49.32
13.21,681,9,0,0,50,42.92
10.63,556,23,0,0,50,48.4
11.38,478,9,1,0,50,35.98
10.65,633,23,1,0,50,44.3
10.6,515,23,2,0,50,52.13
8.82,873,10,3,0,50,69.05
10.15,833,23,3,0,50,69.12
1.27,216,22,4,0,50,10.57
0.97,166,22,5,0,50,8.2
1.6,264,22,0,0,50,13.75
1.03,189,22,2,0,50,7.67
51.14,538,8,4,0,50,111.47
17.5,1091,0,5,0,50,99.03
1.15,319,2,5,0,50,13.73
1.05,224,4,6,0,50,11.63
1.06,248,4,6,0,50,11.02
10.25,500,23,6,0,50,39.7
11.24,607,9,0,0,50,49.3
0.92,112,23,0,0,50,10.83
11.97,724,9,1,0,50,55.35
9.57,409,23,1,0,50,40.65
11.91,666,9,2,0,50,44.53
1.9,170,23,2,0,50,10.77
11.84,774,9,3,0,50,56.1
10.07,366,23,3,0,50,35.45
12.09,764,12,4,0,50,48.52
9.88,377,23,6,0,50,42.45
11.32,578,10,0,0,50,43.27
10.83,683,23,0,0,50,52.95
11.52,598,10,1,0,50,47.55
10.27,585,23,1,0,50,46.17
11.61,545,10,2,0,50,48.13
9.23,387,23,2,0,50,36.68
1.23,166,3,3,0,50,13.58
11.11,407,9,3,0,50,38.83
11.23,510,11,4,0,50,43.37
2.19,615,4,6,0,50,18.97
5.34,741,5,6,0,50,47.07
7.05,805,7,6,0,50,69.27
2.6,831,8,6,0,50,28.98
10.53,546,23,6,0,50,50.23
10.68,609,9,0,0,50,46.1
10.78,664,23,0,0,50,47.6
11.58,739,9,0,0,50,59.2
10.24,564,23,0,0,50,47.5
11.26,583,9,1,0,50,43.67
10.84,571,23,1,0,50,45.32
12.27,658,8,2,0,50,46.13
10.48,586,23,2,0,50,47.18
11.34,646,9,3,0,50,51.25
10.37,589,23,3,0,50,45.7
10.64,543,9,4,0,50,42.77
10.62,513,23,6,0,50,39.4
11.13,481,11,0,0,50,42.9
10.94,678,23,0,0,50,50.23
11.12,501,12,1,0,50,40.23
10.36,553,23,1,0,50,55.02
11.85,601,12,2,0,50,41.57
10.29,395,23,2,0,50,33.52
11.34,395,12,3,0,50,37.53
10.79,684,23,3,0,50,47.78
11.81,456,12,4,0,50,49.97
5.65,618,7,6,0,50,43.02
9.98,539,23,6,0,50,39.55
9.42,373,23,1,0,50,35.88
11.88,614,9,2,0,50,51.38
10.15,402,9,3,0,50,32.68
2.31,328,9,3,0,50,15.62
11.67,551,23,3,0,50,63.37
10.12,718,9,4,0,50,52.83
1.66,366,0,6,0,50,19.0
11.44,424,23,6,0,50,48.92
11.75,802,9,1,0,50,65.45
9.29,358,23,1,0,50,32.4
11.7,656,8,2,0,50,50.25
6.94,678,12,2,0,50,43.35
7.24,130,0,3,0,50,19.62
3.51,225,1,4,0,50,20.42
3.93,345,2,4,0,50,29.75
6.08,283,1,5,0,50,29.1
3.61,266,4,5,0,50,37.42
1.89,17,8,5,0,50,10.35
15.1,480,5,0,0,50,65.17
9.67,175,6,0,0,50,20.78
1.61,193,7,1,0,50,9.83
13.57,851,5,2,0,50,49.7
14.18,884,8,2,0,50,58.23
8.11,262,1,4,0,50,30.18
7.27,80,2,4,0,50,14.2
13.45,240,2,4,0,50,45.8
10.58,184,8,4,0,50,21.75
11.08,247,10,6,0,50,44.9
11.61,389,23,6,0,50,44.02
10.96,219,9,0,0,50,37.75
8.05,160,23,0,0,50,26.0
11.34,266,10,1,0,50,38.9
12.08,1085,22,1,0,50,87.47
0.57,84,4,2,0,50,6.22
11.21,257,23,2,0,50,40.62
13.02,577,8,3,0,50,69.95
11.38,326,8,4,0,50,44.95
11.12,585,3,5,0,50,63.35
2.23,131,11,6,0,50,22.1
12.3,370,23,0,0,50,46.18
11.75,355,9,2,0,50,50.98
5.29,99,5,6,0,50,22.07
14.45,189,6,6,0,50,28.73
1.23,175,23,6,0,50,7.55
8.85,383,9,1,0,50,30.33
5.37,90,9,3,0,50,9.88
0.55,169,10,4,0,50,6.02
2.65,153,6,5,0,50,11.75
3.24,452,4,6,0,50,23.97
4.34,447,5,6,0,50,27.43
12.35,695,5,6,0,50,53.98
3.82,850,5,5,0,50,45.27
3.25,59,6,0,0,50,37.77
7.31,78,9,0,0,50,21.63
36.75,66,10,0,0,50,38.03
3.25,59,14,0,0,50,37.77
7.31,78,17,0,0,50,21.63
36.75,66,18,0,0,50,38.03
5.92,27,23,0,0,50,9.22
8.91,53,0,1,0,50,18.82
31.73,114,2,1,0,50,75.43
2.89,45,3,1,0,50,8.67
5.32,1,4,1,0,50,6.47
2.4,49,7,1,0,50,23.12
41.14,111,9,1,0,50,60.67
11.78,65,10,1,0,50,38.22
2.89,45,11,1,0,50,8.67
5.32,1,12,1,0,50,6.47
2.4,49,15,1,0,50,23.12
41.14,111,17,1,0,50,60.67
2.01,24,3,2,0,50,7.95
4.4,43,5,2,0,50,19.22
2.01,24,11,2,0,50,7.95
4.4,43,13,2,0,50,19.22
4.46,56,10,3,0,50,17.57
0.79,18,11,3,0,50,6.23
8.66,59,12,3,0,50,19.8
4.46,56,18,3,0,50,17.57
0.79,18,19,3,0,50,6.23
8.66,59,20,3,0,50,19.8
4.83,9,1,4,0,50,11.42
4.83,9,9,4,0,50,11.42
8.65,68,16,4,0,50,17.55
13.12,142,17,4,0,50,78.5
13.08,67,20,4,0,50,47.48
1.69,23,0,5,0,50,16.6
10.42,48,1,5,0,50,27.83
2.54,15,3,5,0,50,11.23
20.66,52,3,5,0,50,35.62
13.83,33,6,5,0,50,24.07
7.36,16,8,5,0,50,14.67
36.74,82,8,5,0,50,47.4
10.14,38,9,5,0,50,21.6
2.54,15,11,5,0,50,11.23
20.66,52,11,5,0,50,35.62
13.83,33,14,5,0,50,24.07
7.36,16,16,5,0,50,14.67
36.74,82,16,5,0,50,47.4
51.15,84,23,5,0,50,67.4
51.15,84,7,6,0,50,67.4
2.53,1,9,6,0,50,6.15
63.06,54,9,6,0,50,56.13
2.53,1,17,6,0,50,6.15
63.06,54,17,6,0,50,56.13
33.12,101,23,6,0,50,46.63
7.93,54,0,0,0,50,21.28
1.56,31,1,0,0,50,11.1
33.12,101,7,0,0,50,46.63
7.93,54,8,0,0,50,21.28
1.56,31,9,0,0,50,11.1
14.31,43,10,0,0,50,27.55
6.14,33,0,1,0,50,22.38
2.07,22,4,1,0,50,5.5
8.06,45,10,1,0,50,21.13
2.85,10,13,1,0,50,7.25
2.76,24,1,2,0,50,9.77
2.35,21,3,2,0,50,11.87
8.69,45,8,2,0,50,15.72
8.75,51,9,2,0,50,51.7
11.43,41,11,2,0,50,29.32
10.16,135,23,2,0,50,45.22
5.32,91,3,3,0,50,21.33
5.2,35,5,3,0,50,21.15
2.7,37,6,3,0,50,9.12
40.43,77,9,3,0,50,59.73
5.66,26,10,3,0,50,17.35
5.55,18,11,3,0,50,11.02
45.98,88,23,3,0,50,71.88
5.56,125,9,4,0,50,42.6
10.88,34,12,4,0,50,23.65
30.92,32,8,5,0,50,37.77
17.4,55,9,5,0,50,23.05
17.75,35,11,5,0,50,16.68
46.0,75,23,6,0,50,77.42
6.44,22,10,2,0,50,16.07
4.98,9,12,2,0,50,5.5
20.15,44,6,3,0,50,15.18
1.83,21,9,3,0,50,8.68
8.55,33,11,3,0,50,13.67
7.01,24,12,3,0,50,11.98
11.86,105,23,3,0,50,43.07
10.61,43,6,4,0,50,24.03
11.96,32,7,4,0,50,20.08
15.99,91,8,4,0,50,83.97
12.57,48,12,4,0,50,24.48
48.15,60,1,6,0,50,78.53
4.7,23,6,6,0,50,20.87
31.43,70,7,6,0,50,49.75
11.62,83,23,6,0,50,41.8
2.72,23,1,0,0,50,8.8
2.41,27,4,0,0,50,8.27
6.28,20,12,0,0,50,9.02
4.71,29,4,1,0,50,13.17
5.27,67,6,1,0,50,17.13
2.05,30,6,1,0,50,15.12
3.63,43,8,1,0,50,14.08
10.25,44,13,1,0,50,19.73
6.45,11,23,1,0,50,10.02
34.42,43,3,2,0,50,54.8
25.16,50,5,2,0,50,43.0
7.9,26,10,2,0,50,12.73
6.74,29,10,2,0,50,12.15
12.18,103,23,2,0,50,41.43
37.03,76,9,3,0,50,50.1
6.12,48,11,3,0,50,20.02
36.85,16,0,4,0,50,40.77
5.43,45,4,4,0,50,23.17
6.33,30,6,4,0,50,26.97
2.75,34,7,4,0,50,8.1
4.32,29,8,4,0,50,11.55
5.29,63,9,4,0,50,13.8
3.83,28,9,4,0,50,35.43
11.36,28,12,4,0,50,26.02
3.79,7,7,5,0,50,6.98
4.77,21,8,5,0,50,11.3
36.06,83,0,6,0,50,59.8
9.4,49,1,6,0,50,22.42
8.82,28,2,6,0,50,21.15
11.16,22,3,6,0,50,13.4
14.69,17,9,6,0,50,18.27
1.41,24,10,6,0,50,7.7
3.66,72,10,6,0,50,12.5
10.29,9,11,6,0,50,15.08
4.29,22,12,6,0,50,10.28
5.52,66,23,6,0,50,15.78
6.03,24,0,0,0,50,16.87
7.59,26,3,0,0,50,10.25
14.56,70,4,0,0,50,28.95
6.98,36,7,0,0,50,10.92
6.81,33,10,0,0,50,22.25
1.87,22,5,1,0,50,7.0
17.64,191,10,1,0,50,46.03
5.78,47,23,2,0,50,18.32
6.03,21,0,3,0,50,18.18
14.84,57,5,3,0,50,34.95
13.38,70,7,3,0,50,46.2
7.5,34,11,3,0,50,10.9
6.48,29,23,3,0,50,11.83
3.51,41,4,4,0,50,11.83
9.18,83,8,4,0,50,93.37
11.65,81,12,4,0,50,35.72
8.08,14,1,5,0,50,12.87
15.59,45,7,5,0,50,32.25
31.55,42,8,5,0,50,37.88
8.59,26,1,6,0,50,21.05
8.75,35,3,6,0,50,20.18
41.13,105,7,6,0,50,59.55
45.58,66,1,0,0,50,58.87
28.69,91,6,0,0,50,48.93
24.24,109,8,0,0,50,56.17
7.8,57,10,0,0,50,22.68
7.11,36,10,0,0,50,15.78
6.27,26,23,0,0,50,10.48
2.68,19,3,1,0,50,11.3
1.99,19,6,1,0,50,8.12
10.1,30,8,1,0,50,15.98
6.46,22,23,1,0,50,9.57
3.73,36,3,2,0,50,11.67
2.0,19,5,2,0,50,7.43
8.41,17,5,2,0,50,19.15
2.29,28,10,2,0,50,15.52
32.25,41,14,2,0,50,36.4
6.43,15,23,2,0,50,9.22
8.16,19,11,3,0,50,19.55
4.38,35,12,3,0,50,11.95
9.82,52,23,3,0,50,16.95
16.17,224,9,4,0,50,61.75
11.78,70,12,4,0,50,28.27
20.68,33,6,5,0,50,30.8
25.37,52,7,5,0,50,45.77
17.64,63,0,6,0,50,41.08
39.53,37,2,6,0,50,38.48
20.98,22,5,6,0,50,20.88
6.02,65,23,6,0,50,19.98
6.05,27,0,0,0,50,19.05
7.5,32,11,0,0,50,17.67
7.09,36,11,0,0,50,12.15
6.02,16,0,2,0,50,9.73
32.07,63,5,2,0,50,44.12
14.13,41,9,2,0,50,45.22
11.87,85,23,2,0,50,44.25
17.54,82,10,3,0,50,59.68
6.47,30,0,4,0,50,10.97
3.98,32,5,4,0,50,20.22
6.77,63,6,4,0,50,35.45
19.6,282,8,4,0,50,126.28
11.63,60,12,4,0,50,20.37
9.95,51,1,5,0,50,18.35
18.42,45,5,5,0,50,41.75
52.07,120,7,5,0,50,99.3
44.14,47,2,0,0,50,50.7
7.93,41,11,0,0,50,18.9
6.85,21,11,0,0,50,20.55
5.77,40,23,0,0,50,15.37
6.0,20,0,1,0,50,16.35
6.76,8,0,2,0,50,14.53
7.59,14,10,2,0,50,13.12
10.58,105,23,2,0,50,37.93
7.45,15,12,3,0,50,9.05
5.92,11,0,4,0,50,14.68
2.68,20,2,4,0,50,8.0
7.25,118,3,4,0,50,33.67
2.81,41,7,4,0,50,12.78
4.38,27,8,4,0,50,9.5
11.19,47,9,4,0,50,30.7
11.14,17,12,4,0,50,18.57
13.49,33,1,6,0,50,21.27
11.66,34,3,6,0,50,21.17
6.77,6,23,6,0,50,15.97
7.03,21,10,0,0,50,25.67
31.29,23,0,1,0,50,28.08
64.6,106,2,1,0,50,100.82
15.73,17,5,1,0,50,27.85
11.84,33,11,1,0,50,17.78
11.71,83,23,1,0,50,40.52
2.84,42,3,2,0,50,25.58
8.62,52,4,2,0,50,29.85
1.83,19,7,2,0,50,6.27
9.05,54,10,2,0,50,23.95
12.01,69,23,2,0,50,55.6
13.14,58,3,3,0,50,34.8
12.8,55,5,3,0,50,30.52
5.02,59,5,3,0,50,17.92
15.42,10,8,3,0,50,28.28
15.69,22,9,3,0,50,50.42
46.36,42,13,3,0,50,65.02
6.64,5,0,4,0,50,14.88
4.96,35,6,4,0,50,18.95
18.1,80,8,4,0,50,60.38
11.34,15,12,4,0,50,17.8
9.6,71,8,5,0,50,39.88
2.84,20,9,5,0,50,27.3
6.56,28,11,5,0,50,14.03
13.55,17,1,6,0,50,16.97
13.95,19,3,6,0,50,14.65
6.64,12,0,0,0,50,13.87
5.97,65,6,0,0,50,28.25
6.69,30,9,0,0,50,27.75
6.85,27,10,0,0,50,23.63
8.47,53,23,1,0,50,34.93
10.44,41,4,2,0,50,24.33
10.14,21,5,2,0,50,34.28
37.92,74,9,2,0,50,79.88
30.9,46,12,2,0,50,35.45
6.02,31,23,2,0,50,17.93
6.01,14,0,3,0,50,16.13
7.14,30,10,3,0,50,27.77
6.59,23,10,3,0,50,11.53
6.63,46,0,4,0,50,25.55
15.6,62,4,4,0,50,26.65
8.69,101,9,4,0,50,33.92
7.79,31,12,4,0,50,12.02
6.37,13,0,0,0,50,11.38
8.52,34,10,0,0,50,16.57
6.94,16,10,0,0,50,15.97
5.75,32,23,0,0,50,20.07
5.96,24,0,1,0,50,17.53
47.33,326,5,1,0,50,225.47
3.33,24,14,1,0,50,11.0
6.46,17,0,2,0,50,10.33
2.18,17,5,2,0,50,6.8
5.43,49,7,2,0,50,23.9
10.5,30,12,2,0,50,19.02
11.71,52,23,2,0,50,35.23
8.57,42,10,3,0,50,16.98
6.94,31,11,3,0,50,12.3
5.66,64,0,4,0,50,16.42
2.74,3,1,4,0,50,8.27
2.34,14,4,4,0,50,8.57
2.46,19,9,4,0,50,10.38
14.55,32,14,4,0,50,22.77
34.7,13,2,5,0,50,36.83
37.44,55,4,5,0,50,50.62
6.91,20,0,0,0,50,14.2
7.86,20,1,0,0,50,13.62
6.82,18,0,1,0,50,16.08
3.74,44,4,1,0,50,10.52
2.2,30,6,1,0,50,21.98
16.05,45,10,1,0,50,33.93
8.61,26,23,1,0,50,14.23
4.66,31,0,2,0,50,18.8
81.76,50,1,2,0,50,69.23
80.6,59,5,2,0,50,70.4
7.55,13,11,2,0,50,10.8
6.42,16,0,3,0,50,9.35
15.58,60,2,3,0,50,35.28
6.06,41,4,3,0,50,24.45
11.72,24,7,3,0,50,31.58
8.7,20,10,3,0,50,20.07
6.78,9,0,4,0,50,9.53
9.18,39,9,4,0,50,17.82
2.4,7,1,5,0,50,7.28
1.35,21,3,5,0,50,6.23
21.24,20,1,6,0,50,24.2
20.48,31,3,6,0,50,28.7
3.63,14,11,6,0,50,6.47
5.92,27,12,6,0,50,10.27
49.92,116,1,2,0,50,68.22
30.48,46,2,2,0,50,40.28
4.08,43,6,2,0,50,12.18
49.46,68,9,2,0,50,49.18
1.6,50,6,3,0,50,17.05
14.07,133,8,3,0,50,125.7
3.98,26,2,5,0,50,8.17
6.26,33,4,5,0,50,15.65
9.31,31,7,5,0,50,18.75
26.63,24,14,3,0,50,21.43
6.12,12,1,4,0,50,8.22
2.78,24,4,4,0,50,10.1
1.22,10,8,4,0,50,5.95
1.4,12,11,4,0,50,5.83
8.01,20,13,4,0,50,12.73
32.03,27,1,6,0,50,34.02
9.11,22,4,6,0,50,10.13
29.04,40,6,6,0,50,35.07
8.92,41,23,6,0,50,36.32
9.95,69,4,0,0,50,26.75
8.06,29,5,0,0,50,10.15
6.05,13,6,0,0,50,7.88
2.77,26,9,0,0,50,19.2
8.47,22,11,0,0,50,12.57
6.61,17,0,1,0,50,11.62
2.15,13,4,1,0,50,7.2
1.89,15,0,2,0,50,8.9
3.33,61,4,2,0,50,21.23
3.67,23,7,2,0,50,13.18
4.55,36,8,2,0,50,14.22
7.94,37,10,2,0,50,18.8
6.82,19,11,2,0,50,11.07
5.99,8,0,4,0,50,15.47
9.69,62,3,4,0,50,33.35
9.14,85,5,4,0,50,53.53
21.91,107,8,4,0,50,57.4
14.01,82,11,4,0,50,53.15
31.74,34,0,6,0,50,31.43
81.07,93,0,6,0,50,104.6
49.46,49,9,6,0,50,43.35
47.34,98,2,1,0,50,68.02
10.89,41,8,1,0,50,18.23
3.33,20,11,1,0,50,12.22
6.24,1,6,2,0,50,9.58
8.04,23,7,2,0,50,16.88
1.75,6,8,2,0,50,15.73
7.88,59,10,2,0,50,12.53
2.76,24,11,2,0,50,9.5
7.01,23,11,2,0,50,10.78
8.6,43,23,2,0,50,44.93
7.88,42,2,3,0,50,20.03
4.33,20,3,3,0,50,12.03
5.92,17,4,3,0,50,11.72
2.63,18,8,3,0,50,7.93
1.27,19,0,4,0,50,9.2
5.94,23,3,4,0,50,8.88
7.69,127,4,4,0,50,86.5
18.49,165,8,4,0,50,76.42
46.95,97,23,6,0,50,82.33
2.72,24,5,0,0,50,6.75
2.38,20,8,0,0,50,11.82
8.54,34,11,0,0,50,13.33
7.15,29,11,0,0,50,11.95
1.74,18,0,1,0,50,7.57
17.4,107,1,1,0,50,36.83
15.96,32,5,1,0,50,27.68
13.97,12,8,1,0,50,30.47
0.9,8,9,1,0,50,6.97
13.11,60,11,1,0,50,25.3
6.36,47,23,2,0,50,26.95
6.01,23,0,3,0,50,19.13
2.83,24,6,3,0,50,9.12
15.61,69,15,3,0,50,37.78
2.18,5,0,4,0,50,6.18
7.49,33,4,4,0,50,13.08
7.69,27,5,4,0,50,20.13
2.95,28,7,4,0,50,11.98
11.79,54,8,4,0,50,45.28
8.07,31,10,4,0,50,35.47
11.37,30,12,4,0,50,23.43
45.62,77,1,0,0,50,64.57
7.57,14,5,0,0,50,10.7
2.47,13,8,0,0,50,7.43
7.22,19,12,0,0,50,11.5
6.05,10,0,1,0,50,10.25
16.98,33,5,1,0,50,29.47
11.9,18,7,1,0,50,30.5
4.85,18,8,1,0,50,12.05
5.39,28,9,1,0,50,20.03
8.47,31,10,1,0,50,13.37
6.99,13,11,1,0,50,11.82
12.15,79,23,1,0,50,47.2
3.77,64,3,2,0,50,17.58
1.9,17,5,2,0,50,13.57
8.44,26,11,2,0,50,14.9
7.03,24,11,2,0,50,12.1
6.64,48,23,2,0,50,16.4
6.03,24,0,3,0,50,18.95
2.36,24,7,3,0,50,7.63
47.49,86,9,3,0,50,63.45
5.53,24,12,3,0,50,8.03
0.88,35,14,3,0,50,6.7
40.7,52,23,3,0,50,47.18
7.85,17,11,4,0,50,15.48
6.47,14,0,0,0,50,15.62
3.82,24,5,0,0,50,9.18
2.99,33,7,0,0,50,19.03
8.16,29,10,0,0,50,12.28
3.6,7,11,0,0,50,8.52
11.49,52,23,0,0,50,48.23
17.91,36,5,1,0,50,58.98
9.74,36,10,1,0,50,16.23
8.58,20,11,1,0,50,17.83
4.35,15,13,1,0,50,5.82
7.54,20,0,2,0,50,20.08
2.45,22,2,2,0,50,5.58
2.07,25,4,2,0,50,12.02
16.07,46,5,2,0,50,28.75
35.77,77,7,2,0,50,95.9
7.8,34,11,2,0,50,19.17
6.93,23,11,2,0,50,10.82
12.07,61,23,2,0,50,42.95
13.34,28,2,5,0,50,26.02
14.4,28,3,5,0,50,19.87
11.47,17,5,5,0,50,24.63
9.58,33,6,5,0,50,29.53
22.47,31,6,5,0,50,49.3
32.33,61,8,5,0,50,49.0
44.88,53,1,0,0,50,66.77
8.33,24,11,0,0,50,11.9
6.89,19,11,0,0,50,10.63
5.88,23,0,1,0,50,21.7
6.26,43,5,1,0,50,21.0
5.52,46,7,1,0,50,20.63
2.35,25,8,1,0,50,10.58
31.95,38,12,1,0,50,39.63
6.43,7,23,1,0,50,10.37
15.29,26,5,2,0,50,30.88
17.3,76,7,2,0,50,35.75
2.22,8,8,2,0,50,11.7
3.0,64,10,4,0,50,27.05
3.2,30,17,4,0,50,5.27
2.48,17,10,1,0,50,11.33
4.53,9,11,1,0,50,9.18
7.01,29,11,1,0,50,11.77
6.41,44,23,1,0,50,19.6
6.01,25,23,1,0,50,18.93
2.75,23,6,2,0,50,7.97
5.0,13,9,2,0,50,8.67
2.69,31,10,2,0,50,6.8
7.03,26,10,2,0,50,12.7
6.83,18,0,4,0,50,14.62
1.97,19,7,4,0,50,7.02
7.27,49,8,4,0,50,21.68
7.72,38,9,4,0,50,21.27
7.05,17,12,4,0,50,10.42
6.25,3,0,1,0,50,15.58
9.82,31,3,1,0,50,18.27
7.53,17,3,1,0,50,14.37
1.91,22,3,1,0,50,5.15
2.66,22,4,1,0,50,8.83
2.89,39,10,1,0,50,16.58
2.34,25,10,1,0,50,7.48
38.37,33,12,1,0,50,31.85
44.06,94,23,1,0,50,53.02
2.5,27,0,2,0,50,11.8
16.02,46,5,2,0,50,33.12
13.61,20,7,2,0,50,38.52
6.91,19,10,2,0,50,14.12
8.45,27,11,2,0,50,11.85
6.98,27,11,2,0,50,11.97
4.72,12,4,3,0,50,13.42
3.05,26,5,3,0,50,9.5
2.77,30,10,3,0,50,11.37
8.61,26,12,3,0,50,14.5
107.75,127,8,5,0,50,80.42
4.09,72,0,0,0,50,17.83
46.66,82,1,0,0,50,66.38
27.33,18,6,0,0,50,30.78
4.52,10,7,0,0,50,6.3
29.53,7,8,0,0,50,30.75
14.24,97,10,0,0,50,43.87
9.38,31,23,0,0,50,18.78
5.94,22,4,1,0,50,11.53
16.02,45,6,1,0,50,34.93
2.92,44,8,1,0,50,9.65
10.12,54,11,1,0,50,26.52
6.39,17,0,2,0,50,15.73
6.2,57,2,2,0,50,42.57
15.24,39,5,2,0,50,36.05
14.11,61,8,2,0,50,39.17
7.9,76,10,2,0,50,18.1
7.46,40,10,2,0,50,14.0
5.18,49,2,3,0,50,18.02
4.51,15,4,3,0,50,15.43
1.73,24,6,3,0,50,5.83
12.65,31,8,3,0,50,23.47
16.05,41,9,3,0,50,53.18
10.27,37,13,3,0,50,17.58
2.33,28,1,4,0,50,11.7
3.05,89,9,0,0,50,13.58
2.64,47,9,0,0,50,7.5
2.31,100,9,0,0,50,21.0
12.57,188,23,0,0,50,40.92
1.35,48,9,1,0,50,9.5
20.14,449,9,1,0,50,91.17
9.51,139,23,1,0,50,33.0
3.04,70,1,2,0,50,12.95
2.57,39,3,2,0,50,12.92
14.99,804,9,2,0,50,124.08
10.38,156,23,2,0,50,39.77
18.14,561,9,3,0,50,105.0
10.11,184,23,3,0,50,37.92
9.53,227,12,4,0,50,42.92
8.08,131,9,5,0,50,21.85
13.22,106,13,5,0,50,27.5
5.12,172,6,6,0,50,33.75
11.46,162,7,6,0,50,32.43
1.08,72,11,6,0,50,9.17
9.96,74,12,6,0,50,26.08
1.12,88,23,6,0,50,11.12
1.96,139,0,0,0,50,19.5
6.62,286,6,0,0,50,55.38
5.46,122,8,0,0,50,26.75
6.41,44,9,0,0,50,14.0
10.71,153,15,0,0,50,28.92
11.37,289,23,0,0,50,51.75
10.25,191,23,1,0,50,37.5
10.49,158,3,2,0,50,30.05
12.72,363,5,2,0,50,70.5
8.52,96,9,2,0,50,43.5
8.68,102,23,2,0,50,45.75
0.83,54,9,3,0,50,8.25
10.54,368,10,3,0,50,50.92
0.89,64,23,3,0,50,9.0
1.9,118,0,4,0,50,18.75
9.96,177,9,4,0,50,39.0
29.39,708,5,5,0,50,142.5
3.05,106,13,5,0,50,17.75
13.5,444,8,6,0,50,76.6
11.87,408,9,6,0,50,63.25
9.59,191,23,6,0,50,40.25
14.77,460,11,0,0,50,97.48
10.87,189,23,0,0,50,39.63
9.46,151,9,1,0,50,30.92
2.77,130,0,2,0,50,30.33
3.61,80,5,2,0,50,15.38
10.89,196,14,2,0,50,34.25
16.7,634,23,2,0,50,113.67
3.41,224,1,3,0,50,38.25
10.65,156,12,3,0,50,30.42
17.7,826,23,3,0,50,159.67
11.4,391,9,4,0,50,67.18
14.7,319,6,5,0,50,69.33
1.12,36,7,5,0,50,8.92
20.92,753,8,5,0,50,149.08
3.18,123,13,5,0,50,23.67
10.09,276,23,6,0,50,49.0
10.31,216,23,0,0,50,52.75
12.43,357,10,2,0,50,61.92
0.62,43,11,2,0,50,5.42
13.48,400,23,3,0,50,91.67
3.86,185,4,4,0,50,28.25
2.43,120,8,4,0,50,19.35
10.04,116,9,5,0,50,24.83
3.12,147,11,5,0,50,21.67
3.46,128,14,5,0,50,20.42
10.09,127,15,6,0,50,30.33
12.4,406,23,6,0,50,74.73
11.71,398,11,0,0,50,76.83
10.32,168,23,0,0,50,39.42
8.99,199,12,1,0,50,36.0
10.6,113,23,1,0,50,32.58
44.01,1992,4,2,0,50,305.17
11.44,333,10,2,0,50,55.57
1.43,35,23,2,0,50,6.5
12.53,281,23,2,0,50,58.82
27.63,1138,0,3,0,50,151.0
1.86,40,2,0,0,50,8.58
2.27,160,9,1,0,50,21.17
9.29,212,11,1,0,50,39.0
2.39,128,1,2,0,50,23.0
19.16,772,2,2,0,50,120.17
5.7,352,4,2,0,50,55.58
16.83,861,0,3,0,50,116.0
8.8,707,2,3,0,50,102.0
10.38,141,23,3,0,50,33.08
12.32,391,9,0,0,50,61.17
9.84,202,23,0,0,50,41.25
2.84,180,0,3,0,50,21.32
44.31,394,3,3,0,50,92.82
20.53,664,7,3,0,50,109.47
41.99,1040,9,3,0,50,161.98
34.4,413,22,3,0,50,72.12
2.6,151,0,4,0,50,15.27
4.07,201,3,4,0,50,20.18
1.46,93,4,4,0,50,9.42
2.75,130,5,4,0,50,10.65
1.77,104,9,4,0,50,10.17
1.8,107,10,4,0,50,10.77
2.3,165,15,4,0,50,23.55
2.89,199,1,5,0,50,22.3
2.85,208,3,5,0,50,22.82
9.4,580,5,5,0,50,77.23
2.03,171,11,5,0,50,15.17
2.46,103,17,5,0,50,13.5
2.9,189,0,6,0,50,23.08
4.38,227,3,6,0,50,29.15
3.81,176,5,6,0,50,18.7
8.12,372,6,6,0,50,45.93
1.7,147,8,6,0,50,19.25
50.14,1107,9,6,0,50,190.48
33.51,254,22,6,0,50,54.63
1.63,150,0,0,0,50,13.8
1.66,102,3,0,0,50,9.85
1.05,73,4,0,0,50,6.25
3.01,184,5,0,0,50,16.05
1.69,139,10,0,0,50,15.13
2.3,72,16,0,0,50,13.67
4.25,248,0,1,0,50,22.42
3.26,272,5,1,0,50,30.13
2.91,144,8,1,0,50,25.12
5.15,134,9,1,0,50,16.2
1.87,132,10,1,0,50,13.25
2.36,104,16,1,0,50,12.68
2.38,143,0,2,0,50,21.3
2.33,165,3,2,0,50,26.52
6.43,416,5,2,0,50,62.02
4.26,386,9,2,0,50,45.75
10.34,442,4,5,0,50,63.18
10.74,347,9,5,0,50,64.7
6.06,179,11,5,0,50,27.05
6.81,264,12,5,0,50,43.55
3.37,145,0,1,0,50,16.95
3.6,184,4,1,0,50,35.33
2.22,134,1,2,0,50,23.88
0.61,51,2,2,0,50,5.45
3.02,198,9,2,0,50,30.12
1.07,63,12,2,0,50,7.88
21.34,1159,8,3,0,50,207.33
5.89,183,12,3,0,50,25.85
5.32,209,1,4,0,50,28.32
3.37,207,3,4,0,50,38.2
4.85,378,10,4,0,50,46.8
4.82,187,3,5,0,50,34.62
15.75,154,4,5,0,50,39.57
18.63,604,11,5,0,50,92.42
0.59,25,22,0,0,50,5.72
10.08,272,23,0,0,50,40.3
2.39,37,9,1,0,50,8.3
6.77,142,9,1,0,50,20.28
8.85,112,10,1,0,50,28.92
30.6,595,23,1,0,50,121.75
2.95,90,3,2,0,50,12.77
9.29,370,9,2,0,50,48.4
20.7,208,10,2,0,50,55.42
31.06,607,22,2,0,50,108.27
1.15,76,3,3,0,50,10.87
29.58,510,9,3,0,50,94.25
30.31,508,22,3,0,50,102.45
7.39,380,9,4,0,50,47.05
7.72,208,5,5,0,50,49.25
8.05,329,8,5,0,50,63.77
30.18,539,22,6,0,50,98.28
3.33,62,8,0,0,50,7.98
30.49,635,9,0,0,50,116.35
30.74,583,23,0,0,50,119.25
8.62,142,1,1,0,50,33.48
3.1,55,1,1,0,50,10.47
1.19,92,2,1,0,50,14.03
8.46,67,7,1,0,50,15.58
5.66,111,7,1,0,50,21.9
14.33,198,9,1,0,50,36.02
8.14,96,0,2,0,50,22.08
15.0,426,6,2,0,50,68.25
12.84,258,7,2,0,50,46.43
3.26,122,0,4,0,50,18.38
2.88,117,6,4,0,50,14.88
18.23,1121,7,4,0,50,178.13
3.08,163,12,4,0,50,27.73
1.32,126,0,0,0,50,14.15
4.1,288,0,1,0,50,40.73
10.7,805,2,1,0,50,95.73
4.53,61,6,1,0,50,10.73
1.61,142,12,1,0,50,19.02
4.41,124,1,2,0,50,26.6
5.47,272,2,2,0,50,39.65
2.02,112,4,2,0,50,13.5
4.7,93,7,2,0,50,26.38
3.15,218,8,2,0,50,25.15
26.18,1682,6,4,0,50,201.27
2.81,153,11,4,0,50,30.0
2.66,110,12,4,0,50,23.22
1.09,23,14,4,0,50,6.15
4.48,116,2,6,0,50,18.5
7.08,354,4,6,0,50,45.4
9.68,285,5,0,0,50,63.75
4.12,279,7,0,0,50,39.95
11.08,548,7,0,0,50,108.43
2.09,62,0,1,0,50,8.93
9.06,145,11,1,0,50,27.28
29.61,573,9,2,0,50,107.17
32.98,632,22,2,0,50,115.77
22.1,958,3,0,0,50,147.35
2.58,78,0,3,0,50,12.28
0.94,73,7,4,0,50,8.07
20.82,284,8,5,0,50,51.68
25.7,250,5,6,0,50,62.32
1.54,83,6,6,0,50,9.42
3.29,111,10,6,0,50,16.15
25.51,952,10,6,0,50,159.28
4.95,242,13,6,0,50,41.1
2.37,152,0,0,0,50,26.6
12.33,390,4,0,0,50,72.42
10.41,127,9,3,0,50,52.15
2.53,88,23,3,0,50,15.78
4.21,97,9,4,0,50,24.23
12.19,159,2,5,0,50,52.6
12.36,152,5,5,0,50,45.38
2.54,15,7,5,0,50,11.22
11.85,57,8,5,0,50,41.02
15.22,103,9,5,0,50,28.47
1.77,18,8,6,0,50,5.65
29.07,49,23,6,0,50,62.05
20.2,28,1,0,0,50,45.65
12.01,52,4,0,0,50,21.98
4.51,39,23,0,0,50,23.38
4.85,83,9,1,0,50,25.22
11.47,28,0,2,0,50,24.32
52.92,37,3,2,0,50,72.77
20.57,74,5,2,0,50,49.77
12.05,47,8,2,0,50,35.03
13.72,83,1,3,0,50,28.57
12.42,43,2,3,0,50,36.7
2.82,24,3,3,0,50,8.08
3.27,47,4,3,0,50,32.43
1.49,17,4,3,0,50,8.97
62.8,224,5,3,0,50,122.37
10.03,1,7,3,0,50,7.17
2.68,40,7,3,0,50,14.65
23.64,120,8,3,0,50,68.02
7.22,211,12,3,0,50,83.52
1.77,26,0,4,0,50,10.1
6.33,134,9,4,0,50,40.55
34.22,77,23,4,0,50,51.55
6.45,18,7,5,0,50,23.87
12.65,55,8,5,0,50,28.92
30.31,341,9,5,0,50,154.02
7.58,54,8,6,0,50,20.92
17.2,65,10,6,0,50,35.9
17.49,53,11,6,0,50,34.57
17.64,53,23,6,0,50,42.42
10.59,44,1,0,0,50,25.65
7.33,35,2,0,0,50,16.1
15.59,36,3,0,0,50,27.52
19.7,78,7,0,0,50,37.53
7.35,29,9,0,0,50,18.0
3.93,43,12,0,0,50,40.52
1.07,29,0,1,0,50,9.55
3.07,50,3,2,0,50,16.15
11.34,49,1,3,0,50,22.38
10.07,59,2,3,0,50,36.98
3.88,40,3,3,0,50,12.9
3.99,58,4,3,0,50,27.93
35.3,180,5,3,0,50,98.7
5.92,59,8,3,0,50,26.2
12.45,99,9,3,0,50,43.43
11.53,51,1,4,0,50,20.15
10.62,37,2,4,0,50,34.05
11.46,26,3,4,0,50,22.52
6.75,35,3,4,0,50,19.12
14.26,97,6,4,0,50,49.42
10.04,59,7,4,0,50,28.3
1.67,29,3,6,0,50,19.87
2.31,26,5,6,0,50,14.35
7.88,90,14,6,0,50,19.4
12.12,56,0,0,0,50,28.3
29.59,22,2,0,0,50,43.17
19.78,34,3,0,0,50,28.93
9.46,76,4,0,0,50,16.87
3.49,39,5,0,0,50,13.5
22.35,105,6,0,0,50,72.67
20.6,91,7,0,0,50,44.87
7.05,42,11,0,0,50,23.85
13.51,22,23,0,0,50,28.58
10.4,28,1,1,0,50,23.78
2.01,10,2,1,0,50,17.5
16.4,99,3,1,0,50,49.95
13.99,34,9,1,0,50,49.9
3.55,13,0,3,0,50,17.02
22.06,36,5,3,0,50,46.97
22.71,71,6,3,0,50,72.22
5.38,9,10,3,0,50,17.18
6.88,32,11,3,0,50,18.08
2.36,23,13,3,0,50,11.22
14.41,54,23,3,0,50,40.35
27.63,125,5,4,0,50,52.82
8.91,15,6,4,0,50,13.72
4.93,36,7,4,0,50,10.1
44.94,142,8,4,0,50,95.65
8.36,36,3,5,0,50,24.0
68.66,72,7,5,0,50,120.67
15.39,14,10,5,0,50,29.57
55.94,122,14,5,0,50,84.17
9.01,18,21,5,0,50,15.85
3.39,44,13,6,0,50,8.0
27.11,84,14,6,0,50,53.4
14.88,60,23,0,0,50,34.73
10.38,40,2,1,0,50,22.75
2.95,41,3,1,0,50,28.27
9.99,60,3,1,0,50,30.8
18.12,78,6,1,0,50,43.68
12.13,41,8,1,0,50,21.45
12.89,32,9,1,0,50,28.18
4.56,14,12,1,0,50,10.33
21.26,79,5,2,0,50,56.28
7.58,52,8,2,0,50,16.82
10.18,14,9,2,0,50,25.38
9.67,114,9,2,0,50,99.55
17.32,52,0,3,0,50,36.78
10.03,26,1,3,0,50,20.87
8.75,45,1,3,0,50,21.38
0.72,19,3,3,0,50,5.65
11.65,22,3,3,0,50,19.2
11.19,50,5,3,0,50,29.88
9.41,41,6,3,0,50,37.72
13.66,43,7,3,0,50,23.67
19.5,71,9,3,0,50,93.07
17.02,29,0,4,0,50,35.13
6.79,15,1,4,0,50,20.05
8.91,58,3,4,0,50,44.97
10.78,94,6,4,0,50,33.38
9.81,84,6,4,0,50,18.52
55.34,127,8,4,0,50,116.85
4.59,20,10,4,0,50,12.15
17.15,195,7,5,0,50,118.28
3.07,46,9,5,0,50,11.53
2.76,37,11,5,0,50,8.67
11.53,37,12,5,0,50,19.62
13.14,56,4,6,0,50,30.37
13.94,22,5,6,0,50,24.73
6.2,15,0,0,0,50,16.05
10.5,111,9,0,0,50,52.98
16.77,49,0,1,0,50,29.25
10.03,33,1,1,0,50,25.13
26.9,264,3,1,0,50,119.08
15.48,139,5,1,0,50,81.82
46.43,258,7,1,0,50,194.55
16.77,28,23,1,0,50,30.82
10.35,31,1,2,0,50,27.82
12.52,77,5,2,0,50,23.43
12.25,69,6,2,0,50,28.77
9.83,14,8,2,0,50,14.17
10.02,54,9,2,0,50,45.33
10.29,81,8,3,0,50,31.88
11.45,201,9,3,0,50,71.13
56.67,91,0,4,0,50,119.42
9.6,31,2,4,0,50,21.73
11.6,76,3,4,0,50,26.9
20.42,21,4,4,0,50,30.57
20.58,33,5,4,0,50,32.03
11.11,90,6,4,0,50,33.78
3.76,63,7,4,0,50,12.95
23.2,188,8,4,0,50,133.25
4.53,12,11,4,0,50,12.27
3.51,90,4,5,0,50,36.32
4.05,32,5,5,0,50,19.0
9.32,45,8,6,0,50,33.47
5.25,43,10,6,0,50,30.3
2.34,21,11,6,0,50,6.73
12.2,82,0,0,0,50,25.3
27.5,65,1,0,0,50,57.73
19.05,22,2,0,0,50,33.0
21.34,54,5,0,0,50,44.35
16.96,157,6,0,0,50,41.68
16.86,118,8,0,0,50,52.2
13.95,38,10,0,0,50,41.72
22.79,62,11,0,0,50,39.58
7.77,38,10,1,0,50,31.18
17.67,49,23,1,0,50,45.42
10.16,33,1,2,0,50,30.22
15.58,118,2,2,0,50,60.85
22.95,126,4,2,0,50,75.57
13.18,52,6,2,0,50,39.93
9.35,49,7,2,0,50,35.0
34.84,64,9,2,0,50,69.67
28.89,76,10,2,0,50,62.27
11.08,25,11,2,0,50,22.57
2.43,17,12,2,0,50,6.42
11.68,32,13,3,0,50,20.78
16.58,37,0,4,0,50,27.82
29.42,63,1,4,0,50,51.65
39.03,55,3,4,0,50,62.27
9.59,41,5,4,0,50,21.52
1.86,17,6,4,0,50,6.27
9.95,99,6,4,0,50,37.52
4.08,37,7,4,0,50,14.28
15.77,82,7,4,0,50,42.47
13.32,51,2,5,0,50,28.97
12.22,54,4,5,0,50,25.33
9.72,34,6,5,0,50,24.43
7.7,39,7,5,0,50,27.92
14.54,60,4,6,0,50,36.12
13.23,38,6,6,0,50,28.37
8.29,40,7,6,0,50,27.43
3.76,43,9,6,0,50,36.02
8.64,49,11,6,0,50,25.25
16.95,41,0,0,0,50,48.1
10.23,25,2,0,0,50,25.35
8.64,42,3,0,0,50,25.45
86.39,351,3,0,0,50,318.98
17.24,40,9,0,0,50,66.68
15.59,62,23,0,0,50,46.87
9.71,46,2,1,0,50,17.78
6.63,104,3,1,0,50,41.18
8.39,9,4,1,0,50,12.35
40.16,89,5,1,0,50,76.13
6.0,20,7,1,0,50,9.35
15.06,29,10,1,0,50,58.98
11.57,52,0,2,0,50,29.77
12.88,87,2,2,0,50,45.03
7.97,45,4,2,0,50,35.25
10.21,122,5,2,0,50,59.12
8.87,97,7,2,0,50,51.88
27.07,257,8,2,0,50,169.53
15.21,65,0,4,0,50,38.8
10.74,58,1,4,0,50,29.75
10.31,32,2,4,0,50,33.02
2.02,33,3,4,0,50,9.15
10.1,49,5,4,0,50,20.15
6.28,40,6,4,0,50,13.17
19.41,77,6,4,0,50,59.38
4.12,31,8,4,0,50,12.2
9.38,34,9,4,0,50,22.1
50.74,55,12,5,0,50,55.58
11.44,53,2,6,0,50,31.35
7.45,55,4,6,0,50,33.15
4.32,43,6,6,0,50,19.28
7.09,101,6,6,0,50,18.17
45.64,89,7,6,0,50,67.52
3.41,47,8,6,0,50,17.37
6.0,11,11,6,0,50,12.58
1.57,13,11,6,0,50,17.82
6.69,28,11,2,0,50,10.03
16.83,36,0,0,0,50,31.57
11.61,31,2,0,0,50,23.77
40.14,101,3,0,0,50,64.13
47.48,259,5,0,0,50,163.75
3.19,18,9,0,0,50,13.08
20.8,56,9,0,0,50,53.17
17.67,41,23,0,0,50,43.65
10.84,23,2,1,0,50,28.78
13.5,83,4,1,0,50,39.65
19.84,73,5,1,0,50,83.53
10.21,51,8,1,0,50,39.25
16.89,49,11,1,0,50,33.13
13.4,30,23,1,0,50,32.78
39.55,208,1,2,0,50,201.32
52.6,106,6,2,0,50,119.17
3.02,21,10,2,0,50,10.55
11.52,29,13,2,0,50,17.6
12.86,26,0,3,0,50,25.38
3.43,15,0,3,0,50,6.57
18.89,114,2,3,0,50,43.12
15.23,77,4,3,0,50,39.37
3.86,57,5,3,0,50,38.03
6.26,108,6,3,0,50,54.67
13.88,190,7,3,0,50,79.12
9.0,60,9,3,0,50,32.75
6.5,28,12,3,0,50,19.05
8.37,41,2,4,0,50,37.8
21.69,130,11,4,0,50,31.4
2.25,28,12,4,0,50,24.75
13.89,71,6,5,0,50,28.82
8.47,65,7,5,0,50,24.92
10.04,57,9,5,0,50,37.83
16.54,136,11,5,0,50,78.6
11.31,53,5,6,0,50,17.27
11.1,57,6,6,0,50,62.78
14.66,61,7,6,0,50,42.3
11.66,49,17,6,0,50,19.47
10.82,56,0,0,0,50,32.73
5.27,25,1,0,0,50,23.38
8.95,60,4,0,0,50,18.57
24.38,110,6,0,0,50,90.98
4.1,76,7,0,0,50,21.93
11.02,29,8,0,0,50,27.78
53.52,35,9,0,0,50,69.03
3.35,19,12,0,0,50,8.32
6.27,41,13,0,0,50,14.37
18.99,88,0,1,0,50,45.13
10.39,50,2,1,0,50,38.33
5.39,114,6,1,0,50,36.95
9.06,65,7,1,0,50,14.93
17.2,92,9,1,0,50,69.48
4.63,20,11,1,0,50,13.58
13.85,36,0,2,0,50,27.02
10.45,62,2,2,0,50,36.12
11.86,62,3,2,0,50,26.28
33.3,49,5,2,0,50,45.17
40.94,219,6,2,0,50,94.02
1.87,34,9,2,0,50,5.78
15.23,97,9,2,0,50,65.47
2.92,12,14,2,0,50,6.93
6.61,36,0,3,0,50,16.7
6.21,52,10,3,0,50,18.52
2.32,11,11,3,0,50,6.15
4.81,111,4,4,0,50,41.87
7.38,36,5,4,0,50,21.47
6.7,27,6,4,0,50,24.27
15.04,176,7,4,0,50,99.52
2.77,20,10,4,0,50,25.15
2.15,28,11,4,0,50,14.03
5.15,17,12,4,0,50,22.67
6.12,69,9,5,0,50,22.98
6.2,14,12,5,0,50,13.92
2.02,10,1,6,0,50,5.48
12.75,34,6,6,0,50,35.85
15.23,34,8,6,0,50,31.28
16.92,43,23,6,0,50,37.18
9.98,44,2,0,0,50,28.72
3.44,37,4,0,0,50,13.6
10.49,62,4,0,0,50,22.55
4.0,69,7,0,0,50,21.32
5.12,14,8,0,0,50,17.9
35.35,227,8,0,0,50,177.53
35.38,40,14,0,0,50,41.57
16.65,42,0,1,0,50,31.92
3.38,63,1,1,0,50,22.05
10.69,73,2,1,0,50,41.43
9.79,62,3,1,0,50,22.8
35.85,51,6,1,0,50,49.15
9.77,39,8,1,0,50,27.93
17.22,42,0,2,0,50,30.1
7.92,58,1,2,0,50,19.32
11.82,64,2,2,0,50,59.07
10.29,72,3,2,0,50,22.4
17.27,121,7,2,0,50,69.47
13.1,44,0,3,0,50,27.87
52.6,112,2,3,0,50,87.47
13.01,135,4,3,0,50,56.92
25.81,215,6,3,0,50,112.8
5.17,52,9,3,0,50,16.8
24.97,90,11,3,0,50,58.62
19.96,50,14,3,0,50,33.7
9.64,44,15,3,0,50,15.65
211.44,184,0,5,0,50,234.38
5.52,24,5,5,0,50,15.68
5.49,37,8,5,0,50,28.97
18.15,17,9,5,0,50,22.9
22.95,80,12,5,0,50,78.2
9.43,29,11,6,0,50,14.4
6.11,12,23,6,0,50,9.73
8.05,16,23,6,0,50,10.92
20.87,18,4,0,0,50,22.57
23.61,40,5,0,0,50,26.75
15.84,46,11,0,0,50,26.0
14.48,25,23,0,0,50,20.22
26.5,31,2,1,0,50,46.2
26.84,19,8,1,0,50,44.1
8.16,16,10,1,0,50,12.8
16.11,42,23,1,0,50,24.03
34.02,117,1,2,0,50,51.47
33.97,32,8,2,0,50,41.62
56.47,198,2,3,0,50,100.23
2.04,11,4,3,0,50,6.17
13.75,35,4,3,0,50,23.7
62.71,60,9,3,0,50,79.27
6.89,26,10,3,0,50,28.35
2.65,13,2,4,0,50,7.83
18.14,29,3,4,0,50,24.58
18.86,33,4,4,0,50,24.1
6.39,25,5,4,0,50,20.23
25.66,57,1,5,0,50,41.7
22.24,30,5,5,0,50,29.07
5.51,16,6,5,0,50,18.98
193.78,66,7,5,0,50,206.82
5.48,14,0,6,0,50,13.45
2.53,68,5,6,0,50,25.02
8.52,32,10,6,0,50,18.57
5.56,40,0,0,0,50,16.42
1.77,38,9,0,0,50,7.05
13.82,42,0,1,0,50,24.22
22.06,79,1,1,0,50,47.77
9.21,30,4,1,0,50,13.8
10.12,22,5,1,0,50,18.9
16.27,46,8,1,0,50,37.93
13.95,30,0,2,0,50,31.7
0.98,12,7,2,0,50,10.58
8.53,47,8,2,0,50,36.77
7.79,30,8,2,0,50,28.45
11.89,26,0,3,0,50,21.03
5.72,44,1,3,0,50,52.95
9.31,100,4,3,0,50,37.22
26.92,99,5,3,0,50,45.57
16.78,29,9,3,0,50,34.08
14.29,35,0,4,0,50,23.22
29.48,187,1,4,0,50,86.78
12.02,52,3,4,0,50,39.88
9.45,19,5,4,0,50,19.52
17.18,103,5,4,0,50,43.25
10.19,78,6,4,0,50,41.15
13.21,47,8,4,0,50,26.1
7.31,19,9,4,0,50,19.08
7.53,83,9,5,0,50,52.98
8.31,62,12,5,0,50,25.05
14.92,44,7,6,0,50,37.4
14.59,33,8,6,0,50,25.15
4.94,63,23,0,0,50,25.72
7.58,14,1,1,0,50,11.27
1.05,25,1,1,0,50,12.28
13.5,64,2,1,0,50,37.82
9.64,74,3,1,0,50,33.78
1.5,17,5,1,0,50,13.02
23.81,134,6,1,0,50,58.28
23.68,149,8,1,0,50,65.8
45.31,102,1,2,0,50,70.52
43.27,179,3,2,0,50,118.28
9.41,32,6,2,0,50,30.55
19.36,75,6,2,0,50,67.13
11.5,33,10,2,0,50,52.13
31.92,80,21,2,0,50,45.63
11.3,85,8,3,0,50,55.68
3.58,47,9,3,0,50,40.47
10.47,128,10,3,0,50,48.75
22.9,51,14,3,0,50,29.92
31.22,209,0,4,0,50,69.08
21.4,87,2,4,0,50,69.23
15.26,79,4,4,0,50,39.8
28.74,169,9,4,0,50,74.42
7.28,26,12,4,0,50,38.73
18.14,113,7,5,0,50,54.68
5.94,40,2,6,0,50,28.97
22.49,181,3,6,0,50,132.32
39.83,27,6,6,0,50,63.25
7.35,32,7,6,0,50,39.93
4.89,55,23,6,0,50,25.38
4.55,73,12,0,0,50,23.62
38.54,47,13,0,0,50,47.8
16.13,33,0,1,0,50,36.78
51.21,193,4,1,0,50,144.57
1.23,7,7,1,0,50,8.1
5.93,7,8,1,0,50,8.75
19.22,74,9,1,0,50,56.58
20.56,50,0,2,0,50,45.53
10.27,37,1,2,0,50,20.45
12.64,100,2,2,0,50,69.33
18.13,52,9,2,0,50,79.48
17.57,111,0,3,0,50,60.45
3.39,44,2,3,0,50,17.48
7.02,15,5,3,0,50,16.45
3.94,21,6,3,0,50,15.2
4.62,44,6,3,0,50,12.35
11.41,82,7,3,0,50,108.4
21.86,58,9,3,0,50,79.32
4.66,20,11,3,0,50,11.6
16.74,27,0,4,0,50,38.77
15.34,116,1,4,0,50,63.88
9.62,56,3,4,0,50,14.58
12.84,57,4,4,0,50,33.17
4.29,28,5,4,0,50,22.38
40.43,244,7,4,0,50,151.52
2.49,43,4,5,0,50,16.95
11.24,27,4,5,0,50,24.77
36.14,39,5,5,0,50,61.48
14.1,36,4,6,0,50,22.5
21.2,53,5,6,0,50,73.62
1.77,17,8,6,0,50,5.0
12.51,132,4,0,0,50,43.45
12.31,191,8,0,0,50,57.05
4.47,18,15,0,0,50,20.47
8.01,71,16,0,0,50,71.65
15.88,37,0,1,0,50,32.02
10.52,61,1,1,0,50,46.53
13.19,64,2,1,0,50,24.13
5.48,35,3,1,0,50,18.33
9.35,59,7,1,0,50,29.85
5.48,42,8,1,0,50,13.98
3.62,17,10,1,0,50,17.5
8.24,21,18,1,0,50,11.75
34.14,133,0,2,0,50,80.05
21.61,69,1,2,0,50,42.38
12.51,35,5,2,0,50,36.85
64.7,209,6,2,0,50,165.47
12.13,31,10,2,0,50,54.98
6.54,14,12,2,0,50,16.28
7.22,27,11,3,0,50,23.18
17.78,59,0,4,0,50,33.88
5.04,32,2,4,0,50,11.27
6.13,66,3,4,0,50,40.92
13.9,88,4,4,0,50,39.98
16.3,40,6,4,0,50,39.38
81.29,114,7,4,0,50,146.07
7.27,19,11,4,0,50,17.5
0.69,10,11,5,0,50,5.1
2.1,18,11,5,0,50,7.67
0.69,8,12,5,0,50,6.25
20.81,53,5,6,0,50,53.68
23.44,92,6,6,0,50,61.18
16.84,56,0,0,0,50,42.67
11.37,76,1,0,0,50,35.2
13.69,103,4,0,0,50,31.55
14.17,46,5,0,0,50,55.97
5.18,11,6,0,0,50,8.63
2.6,11,7,0,0,50,7.75
18.43,64,9,0,0,50,45.83
21.06,163,0,2,0,50,95.95
1.11,13,2,2,0,50,12.87
19.0,84,6,2,0,50,82.0
9.54,42,8,2,0,50,19.75
7.51,44,9,2,0,50,18.78
5.19,30,0,3,0,50,22.62
10.21,30,0,4,0,50,14.52
6.79,57,2,4,0,50,53.37
5.27,50,3,4,0,50,31.12
33.05,136,4,4,0,50,77.23
34.69,103,6,4,0,50,72.68
19.75,72,9,4,0,50,69.37
2.46,32,2,5,0,50,10.83
1.82,9,1,6,0,50,11.03
6.47,55,1,6,0,50,29.15
2.62,30,2,6,0,50,21.73
1.55,32,5,6,0,50,10.47
14.12,41,7,6,0,50,28.15
7.15,29,7,6,0,50,17.15
3.51,28,9,6,0,50,8.7
16.18,54,0,0,0,50,43.97
16.69,159,2,0,0,50,52.7
9.78,71,3,0,0,50,32.63
18.68,54,4,0,0,50,42.77
7.41,62,5,0,0,50,16.55
11.82,53,6,0,0,50,26.4
1.89,21,8,0,0,50,9.28
12.67,28,9,0,0,50,33.6
7.72,37,10,0,0,50,29.6
12.54,30,12,0,0,50,26.77
11.39,83,0,2,0,50,26.42
13.9,88,1,2,0,50,56.53
10.0,59,3,2,0,50,60.1
18.01,77,5,2,0,50,74.95
58.34,70,7,2,0,50,99.77
5.58,35,0,3,0,50,32.87
2.19,67,5,3,0,50,21.92
3.63,16,12,3,0,50,7.02
26.23,78,0,4,0,50,33.97
6.27,39,0,4,0,50,27.35
11.7,55,11,4,0,50,47.28
6.54,20,12,4,0,50,18.33
16.3,44,5,5,0,50,41.08
23.24,118,5,6,0,50,92.98
25.34,252,7,6,0,50,142.85
2.09,26,10,6,0,50,21.53
16.84,71,0,0,0,50,59.17
26.91,197,2,0,0,50,78.98
32.96,123,5,0,0,50,77.0
2.51,16,7,0,0,50,6.33
6.01,78,8,0,0,50,46.15
2.14,18,9,0,0,50,10.13
3.05,34,14,0,0,50,9.37
5.67,48,14,0,0,50,24.82
170.54,97,21,0,0,50,157.75
1.92,11,1,1,0,50,13.75
5.15,9,7,1,0,50,14.37
171.66,69,12,1,0,50,157.68
16.96,59,0,2,0,50,49.28
10.3,20,1,2,0,50,25.92
20.47,175,2,2,0,50,109.42
3.4,47,4,2,0,50,31.55
3.75,37,8,2,0,50,12.22
8.5,34,9,2,0,50,19.63
15.12,101,11,2,0,50,77.28
6.44,51,0,3,0,50,27.05
6.57,21,11,3,0,50,12.43
11.18,81,0,4,0,50,24.52
10.92,131,1,4,0,50,75.75
3.38,81,3,4,0,50,10.75
11.47,19,3,4,0,50,21.82
3.66,28,4,4,0,50,8.1
15.97,32,5,4,0,50,31.0
11.23,62,6,4,0,50,25.42
17.09,44,12,4,0,50,35.72
3.63,51,4,5,0,50,14.53
10.73,29,4,5,0,50,40.57
13.27,52,2,6,0,50,27.45
21.52,70,4,6,0,50,46.23
13.91,70,8,6,0,50,41.85
1.9,23,9,6,0,50,5.1
16.97,70,23,6,0,50,42.53
13.61,101,1,0,0,50,57.95
14.23,39,3,0,0,50,34.35
3.61,52,4,0,0,50,9.72
6.1,31,6,0,0,50,19.03
30.19,155,6,0,0,50,88.6
12.03,53,10,0,0,50,40.05
5.88,14,11,0,0,50,11.1
7.7,30,11,0,0,50,20.23
17.5,78,23,1,0,50,51.07
11.54,106,2,2,0,50,27.87
4.76,51,3,2,0,50,36.02
3.2,29,5,2,0,50,14.05
13.67,20,5,2,0,50,35.5
19.11,55,6,2,0,50,50.05
5.14,16,8,2,0,50,12.25
1.14,28,8,2,0,50,7.15
6.09,13,10,2,0,50,17.92
11.78,58,10,2,0,50,30.22
17.43,80,23,2,0,50,39.27
6.45,49,2,3,0,50,20.25
11.13,55,3,3,0,50,42.13
9.8,48,4,3,0,50,18.13
35.47,40,6,3,0,50,67.45
28.94,69,7,3,0,50,51.2
20.57,29,8,3,0,50,30.85
0.7,18,9,3,0,50,6.77
40.42,97,10,3,0,50,110.55
20.21,121,23,3,0,50,84.85
32.02,111,2,4,0,50,110.18
23.45,27,4,4,0,50,29.37
19.91,35,5,4,0,50,49.52
5.94,43,6,4,0,50,17.13
21.82,55,6,4,0,50,53.32
11.39,31,8,4,0,50,26.13
4.94,13,13,4,0,50,14.7
1.66,16,13,4,0,50,7.22
6.9,17,14,4,0,50,15.63
25.05,101,2,5,0,50,62.92
21.9,67,4,5,0,50,50.93
2.03,24,6,5,0,50,14.25
1.56,14,6,5,0,50,6.82
4.27,35,9,5,0,50,14.48
5.18,51,5,6,0,50,30.35
7.3,43,8,6,0,50,14.93
8.21,81,10,6,0,50,49.3
10.58,59,6,0,0,50,27.53
39.07,98,6,0,0,50,88.17
17.97,26,9,0,0,50,30.43
7.35,45,10,0,0,50,20.82
4.52,38,23,0,0,50,29.13
17.91,93,23,1,0,50,45.62
23.04,133,1,2,0,50,63.03
20.87,123,2,2,0,50,77.85
3.49,35,4,2,0,50,17.2
22.7,45,4,2,0,50,47.38
53.02,125,5,2,0,50,100.78
2.4,32,7,2,0,50,14.3
27.05,41,8,2,0,50,31.43
5.03,57,9,2,0,50,48.2
5.82,27,10,2,0,50,23.68
3.17,7,12,2,0,50,7.53
7.8,24,13,2,0,50,19.27
16.69,73,23,2,0,50,55.33
16.21,85,1,3,0,50,45.08
15.09,22,3,3,0,50,24.12
10.67,65,5,3,0,50,42.45
19.68,85,6,3,0,50,49.35
10.54,45,8,3,0,50,19.68
26.27,91,9,3,0,50,52.28
30.45,119,10,3,0,50,84.47
15.19,103,12,3,0,50,125.33
16.51,37,23,3,0,50,36.23
15.92,89,1,4,0,50,49.87
14.6,37,3,4,0,50,38.15
10.84,55,5,4,0,50,23.68
11.63,71,6,4,0,50,26.75
11.84,40,12,4,0,50,27.18
5.21,21,0,5,0,50,14.63
24.29,8,0,5,0,50,32.83
20.48,50,5,5,0,50,65.8
13.93,20,8,5,0,50,42.72
26.32,19,9,5,0,50,29.18
3.78,29,10,5,0,50,9.02
5.77,39,1,6,0,50,11.95
20.5,55,5,6,0,50,47.45
13.71,40,7,6,0,50,25.45
9.84,66,7,6,0,50,26.32
10.24,32,8,6,0,50,35.22
25.52,46,9,6,0,50,52.78
10.16,38,13,6,0,50,19.67
19.43,77,0,0,0,50,43.35
16.29,117,1,0,0,50,95.28
10.91,27,3,0,0,50,18.67
5.3,42,4,0,0,50,26.32
42.07,84,4,0,0,50,87.35
12.68,41,6,0,0,50,42.62
13.54,69,8,0,0,50,32.15
19.82,67,13,0,0,50,40.63
7.49,14,14,0,0,50,13.52
3.06,17,23,0,0,50,8.82
11.52,34,0,1,0,50,32.3
11.86,77,2,1,0,50,33.32
7.2,33,6,1,0,50,20.92
6.88,42,7,1,0,50,15.53
20.13,86,9,1,0,50,72.18
57.31,148,23,2,0,50,101.92
1.56,18,6,3,0,50,15.67
1.55,14,7,3,0,50,8.62
1.51,16,7,3,0,50,11.62
3.02,30,8,3,0,50,19.95
39.92,83,9,3,0,50,87.25
17.83,102,23,3,0,50,44.75
11.41,47,1,4,0,50,26.85
11.23,29,3,4,0,50,21.12
21.97,43,5,4,0,50,49.48
25.22,47,6,4,0,50,40.2
35.63,56,8,4,0,50,48.32
5.93,42,1,5,0,50,37.6
7.18,19,2,5,0,50,21.77
13.96,78,8,5,0,50,46.18
4.78,16,1,6,0,50,8.95
20.55,58,2,6,0,50,57.37
14.43,35,4,6,0,50,29.4
7.51,18,5,6,0,50,11.08
3.1,28,6,6,0,50,7.67
2.52,27,6,6,0,50,7.77
2.82,24,9,6,0,50,6.57
16.07,46,0,0,0,50,35.08
6.17,49,1,0,0,50,17.55
17.92,101,1,0,0,50,52.3
2.78,27,3,0,0,50,11.9
9.74,38,3,0,0,50,18.37
20.33,86,5,0,0,50,49.88
4.55,24,7,0,0,50,9.22
13.84,49,9,0,0,50,43.47
17.45,103,11,0,0,50,55.65
17.21,94,23,0,0,50,51.97
29.47,51,2,1,0,50,36.42
19.28,39,3,1,0,50,35.75
7.88,15,4,1,0,50,17.12
27.63,77,5,1,0,50,49.97
19.01,110,9,1,0,50,92.87
4.28,80,23,1,0,50,19.52
4.52,117,9,2,0,50,42.07
6.62,80,23,2,0,50,27.02
11.05,123,9,3,0,50,53.78
5.3,61,10,3,0,50,27.28
12.34,61,2,4,0,50,33.52
3.73,18,4,4,0,50,8.08
10.0,25,5,4,0,50,16.8
11.87,70,9,4,0,50,37.63
4.92,102,10,4,0,50,29.15
6.18,20,1,5,0,50,14.93
5.82,18,3,5,0,50,13.67
10.47,29,4,5,0,50,29.35
6.91,54,4,5,0,50,16.33
14.15,127,6,5,0,50,71.75
14.06,87,10,5,0,50,50.08
2.99,31,3,6,0,50,15.92
5.99,44,5,6,0,50,17.62
2.59,18,6,6,0,50,13.9
3.96,16,8,6,0,50,18.2
12.53,64,15,6,0,50,106.47
2.87,11,17,6,0,50,5.13
13.83,23,19,6,0,50,49.58
11.84,65,0,1,0,50,59.82
10.36,45,1,1,0,50,33.37
7.31,33,2,1,0,50,24.6
28.95,49,3,1,0,50,61.22
6.76,62,6,1,0,50,17.13
6.88,48,6,1,0,50,18.1
59.47,131,8,1,0,50,152.92
3.04,41,23,2,0,50,10.87
236.24,201,23,2,0,50,269.77
25.15,76,5,3,0,50,66.2
1.98,33,6,3,0,50,14.38
47.3,22,7,3,0,50,32.22
24.23,131,8,3,0,50,65.93
11.29,23,23,3,0,50,23.22
20.7,39,4,4,0,50,49.7
63.11,227,6,4,0,50,104.55
26.06,127,8,4,0,50,73.98
93.36,145,9,4,0,50,155.68
86.5,52,13,4,0,50,90.52
8.48,41,2,5,0,50,14.48
13.15,18,2,5,0,50,24.08
23.12,74,4,5,0,50,53.3
8.2,19,7,5,0,50,13.17
61.92,134,8,5,0,50,127.65
5.67,23,17,5,0,50,32.9
13.21,113,8,6,0,50,89.57
3.81,49,10,6,0,50,15.3
10.98,39,13,6,0,50,32.42
15.98,70,23,6,0,50,44.92
6.44,33,2,0,0,50,17.38
16.96,54,2,0,0,50,33.67
18.62,162,4,0,0,50,78.47
18.17,112,5,0,0,50,49.13
26.93,147,7,0,0,50,62.73
3.71,7,5,1,0,50,8.33
8.34,73,5,1,0,50,26.05
1.04,35,7,1,0,50,8.55
9.25,26,7,1,0,50,15.27
4.14,46,1,3,0,50,31.07
14.89,41,2,3,0,50,31.82
63.34,60,3,3,0,50,85.0
17.8,35,6,3,0,50,42.82
7.17,37,7,3,0,50,19.58
7.79,19,8,3,0,50,14.73
6.15,15,8,3,0,50,9.38
91.94,63,13,3,0,50,101.78
3.87,20,5,5,0,50,5.82
6.38,20,6,5,0,50,8.9
14.39,52,7,5,0,50,25.33
14.9,51,8,5,0,50,34.18
8.68,36,10,5,0,50,20.53
8.72,43,11,5,0,50,20.18
11.11,61,0,6,0,50,35.1
33.83,201,2,6,0,50,155.28
5.89,49,5,6,0,50,13.58
9.52,69,5,6,0,50,24.75
9.97,48,7,6,0,50,58.17
10.21,92,8,6,0,50,38.87
14.07,82,9,6,0,50,63.47
11.86,65,0,0,0,50,26.9
30.72,79,2,0,0,50,71.02
13.02,144,7,0,0,50,90.78
11.72,27,10,0,0,50,29.9
5.26,40,23,0,0,50,22.38
3.01,94,13,1,0,50,16.65
17.26,66,23,2,0,50,45.2
31.55,55,0,3,0,50,28.47
15.77,132,2,3,0,50,78.28
13.3,52,3,3,0,50,25.27
4.3,18,5,3,0,50,9.25
6.4,72,6,3,0,50,17.25
52.29,73,6,3,0,50,82.22
24.51,116,8,3,0,50,60.88
7.75,34,11,3,0,50,16.3
11.17,31,23,3,0,50,16.37
8.52,26,4,4,0,50,20.18
7.59,20,5,4,0,50,13.78
10.59,14,5,4,0,50,13.22
17.46,37,6,4,0,50,45.97
10.38,35,10,4,0,50,20.0
7.76,29,15,4,0,50,13.7
6.6,34,23,4,0,50,16.23
8.72,77,2,5,0,50,80.38
14.18,82,8,5,0,50,43.42
21.63,54,2,6,0,50,43.27
13.73,39,3,6,0,50,23.02
5.13,4,4,6,0,50,6.1
7.56,25,4,6,0,50,16.57
22.48,120,23,6,0,50,53.72
17.01,32,1,0,0,50,41.45
4.79,32,3,0,0,50,20.93
27.6,80,3,0,0,50,42.8
0.88,17,5,0,0,50,6.93
10.64,72,5,0,0,50,30.37
27.67,147,9,0,0,50,75.72
6.51,21,11,0,0,50,23.18
6.93,17,14,0,0,50,23.93
17.23,55,23,0,0,50,36.88
11.7,64,1,1,0,50,47.13
10.4,54,2,1,0,50,20.67
9.62,66,4,1,0,50,25.07
12.49,100,7,1,0,50,41.0
17.48,145,8,1,0,50,83.87
1.2,5,10,1,0,50,9.57
3.52,22,11,1,0,50,17.97
1.0,34,11,1,0,50,5.55
8.89,18,12,1,0,50,14.93
7.14,24,13,1,0,50,14.3
2.87,68,23,1,0,50,12.4
6.91,27,14,2,0,50,16.53
17.38,66,23,2,0,50,44.57
7.32,35,2,3,0,50,31.27
4.55,24,3,3,0,50,14.68
7.55,43,6,3,0,50,26.88
57.45,128,7,3,0,50,104.33
5.1,25,8,3,0,50,20.45
2.4,23,9,3,0,50,10.17
16.29,46,23,3,0,50,36.12
10.42,49,3,4,0,50,26.5
19.92,15,4,4,0,50,26.67
31.18,41,6,4,0,50,46.32
12.43,52,11,4,0,50,54.42
6.43,18,13,4,0,50,13.8
12.02,61,13,4,0,50,42.45
7.41,41,1,5,0,50,24.97
16.94,99,3,5,0,50,67.33
3.59,37,4,5,0,50,16.75
1.07,19,6,5,0,50,9.4
21.59,82,7,5,0,50,38.92
21.58,69,9,5,0,50,45.02
7.68,27,10,5,0,50,19.03
29.83,116,14,5,0,50,66.87
6.1,16,23,5,0,50,9.75
7.71,34,23,5,0,50,19.33
107.0,49,8,6,0,50,103.85
2.99,28,10,6,0,50,22.03
106.77,38,10,6,0,50,90.12
17.36,58,23,6,0,50,41.28
42.56,185,2,0,0,50,92.58
4.99,28,5,0,0,50,13.35
15.39,109,5,0,0,50,46.72
12.54,39,8,0,0,50,18.28
17.63,78,23,0,0,50,47.43
10.4,35,1,1,0,50,50.48
10.16,50,2,1,0,50,47.35
12.11,49,5,1,0,50,24.73
9.01,70,6,1,0,50,50.98
11.8,78,9,1,0,50,28.7
40.55,66,12,1,0,50,46.0
12.3,34,18,1,0,50,38.08
7.8,34,13,2,0,50,16.82
6.9,25,13,2,0,50,15.38
16.97,59,23,2,0,50,60.87
32.13,121,2,3,0,50,80.72
3.73,37,7,3,0,50,30.02
11.62,46,9,3,0,50,29.42
7.72,32,11,3,0,50,18.18
17.39,36,23,3,0,50,37.3
20.71,107,2,4,0,50,76.8
12.28,72,5,4,0,50,35.22
6.2,100,6,4,0,50,23.67
9.87,25,7,4,0,50,18.42
6.52,23,12,4,0,50,25.75
7.76,58,13,4,0,50,25.0
6.5,30,23,4,0,50,16.92
20.6,57,2,5,0,50,36.93
21.66,56,3,5,0,50,43.05
18.63,61,12,5,0,50,50.45
12.62,39,15,5,0,50,29.77
6.21,18,1,6,0,50,18.95
8.26,46,9,6,0,50,40.38
14.16,47,14,6,0,50,28.12
13.78,40,23,6,0,50,41.18
5.09,35,0,0,0,50,13.03
20.89,82,5,0,0,50,61.63
15.2,70,6,0,0,50,38.63
6.43,23,13,0,0,50,13.02
6.94,34,14,0,0,50,13.4
16.88,86,0,1,0,50,45.78
11.97,68,1,1,0,50,57.97
14.1,98,6,1,0,50,44.48
7.63,34,7,1,0,50,16.48
4.48,15,14,1,0,50,16.82
6.93,27,14,1,0,50,21.78
4.7,6,12,2,0,50,9.55
7.74,34,12,2,0,50,20.28
6.35,47,1,3,0,50,23.65
9.14,111,2,3,0,50,37.25
7.42,88,3,3,0,50,55.28
8.23,46,5,3,0,50,13.3
29.92,224,6,3,0,50,95.2
14.74,74,8,3,0,50,61.45
5.33,56,10,3,0,50,32.55
11.82,29,11,3,0,50,28.02
7.12,35,12,3,0,50,23.43
13.19,56,23,3,0,50,39.08
5.41,20,0,4,0,50,19.73
3.65,70,5,4,0,50,29.57
22.9,237,6,4,0,50,141.93
8.73,34,9,4,0,50,32.2
4.1,50,11,4,0,50,33.25
6.5,27,12,4,0,50,23.95
7.06,30,14,4,0,50,18.65
5.68,20,1,5,0,50,13.58
19.8,8,1,5,0,50,22.88
6.72,36,2,5,0,50,58.93
7.68,37,3,5,0,50,29.22
27.61,42,10,5,0,50,43.77
2.97,28,11,5,0,50,21.05
1.67,31,12,5,0,50,19.03
23.52,157,13,5,0,50,84.03
7.46,34,2,6,0,50,11.93
13.11,20,2,6,0,50,23.97
23.29,92,3,6,0,50,62.13
6.51,23,13,6,0,50,14.78
9.28,52,14,6,0,50,38.42
17.85,64,23,6,0,50,85.58
1.51,26,3,0,0,50,16.78
11.49,51,13,0,0,50,39.67
7.48,42,14,0,0,50,16.57
53.56,100,0,1,0,50,86.2
1.56,16,1,1,0,50,6.07
29.44,26,3,1,0,50,40.3
17.75,9,4,1,0,50,16.68
21.31,142,5,1,0,50,62.03
20.47,117,6,1,0,50,61.18
14.58,96,8,1,0,50,37.33
10.81,61,9,1,0,50,42.03
6.53,26,15,1,0,50,11.55
9.2,54,16,1,0,50,23.63
17.11,42,0,3,0,50,66.43
4.96,3,9,3,0,50,8.2
7.65,33,10,3,0,50,20.42
17.59,66,0,4,0,50,69.0
22.68,88,1,4,0,50,82.5
56.14,109,3,4,0,50,94.07
6.65,38,5,4,0,50,15.2
15.23,51,5,4,0,50,27.25
12.28,58,6,4,0,50,21.75
29.53,84,7,4,0,50,66.07
13.98,47,13,4,0,50,37.93
20.94,83,6,5,0,50,44.08
17.5,32,8,5,0,50,30.92
1.32,58,0,1,0,50,15.27
3.31,74,10,1,0,50,17.63
2.33,21,1,2,0,50,10.87
3.63,156,5,2,0,50,39.35
5.37,29,6,2,0,50,26.83
7.75,104,10,2,0,50,42.13
3.9,40,12,2,0,50,10.93
0.72,26,2,3,0,50,6.63
23.78,124,2,3,0,50,69.3
33.47,407,5,3,0,50,247.25
18.58,105,10,3,0,50,52.2
19.21,267,23,3,0,50,121.6
7.63,160,4,4,0,50,33.4
2.96,36,7,4,0,50,12.43
12.61,121,8,4,0,50,32.85
8.63,114,10,4,0,50,44.27
4.61,29,11,4,0,50,9.57
46.98,143,0,5,0,50,83.32
10.78,89,2,5,0,50,47.42
15.97,222,3,5,0,50,78.15
6.32,63,11,5,0,50,18.62
1.01,40,12,5,0,50,6.3
10.39,73,21,5,0,50,18.08
63.16,263,22,5,0,50,119.52
14.55,20,10,0,0,50,26.07
2.26,28,11,0,0,50,6.72
32.53,103,9,1,0,50,30.47
4.28,17,1,2,0,50,9.27
23.74,64,15,2,0,50,30.83
4.2,18,22,2,0,50,7.97
2.92,16,1,4,0,50,10.55
0.77,33,1,4,0,50,5.28
6.05,59,4,5,0,50,24.52
27.32,54,2,0,0,50,37.32
2.08,27,4,0,0,50,13.53
14.11,75,7,0,0,50,30.27
4.86,48,1,1,0,50,19.02
7.6,66,1,1,0,50,21.55
48.81,51,3,1,0,50,31.37
4.29,90,4,1,0,50,10.42
4.03,21,13,1,0,50,25.45
4.36,47,1,4,0,50,11.4
0.79,28,3,4,0,50,5.28
2.69,23,5,4,0,50,13.73
8.31,32,5,4,0,50,33.33
11.91,14,6,4,0,50,34.15
2.98,14,10,4,0,50,16.38
1.98,2,14,4,0,50,6.83
7.22,61,15,4,0,50,24.25
2.34,3,16,4,0,50,9.17
2.37,19,14,5,0,50,24.65
0.75,28,11,6,0,50,5.28
2.27,54,12,6,0,50,17.53
13.97,169,22,0,0,50,70.3
13.04,98,22,1,0,50,24.93
15.18,104,23,1,0,50,33.43
15.53,162,2,2,0,50,84.72
22.62,294,4,2,0,50,117.0
8.33,85,7,2,0,50,31.13
1.44,54,9,2,0,50,9.7
5.22,142,9,2,0,50,19.87
2.02,45,10,2,0,50,18.63
5.63,27,11,2,0,50,14.6
13.93,11,6,3,0,50,23.38
71.66,216,6,3,0,50,95.42
8.79,38,10,3,0,50,9.22
8.53,93,12,3,0,50,23.73
4.29,12,14,3,0,50,12.92
5.21,8,16,3,0,50,13.72
11.48,3,17,3,0,50,19.18
2.82,11,9,6,0,50,24.43
1.16,46,2,0,0,50,10.82
2.05,49,10,0,0,50,15.95
6.31,172,8,4,0,50,35.52
4.25,48,2,5,0,50,14.43
7.0,159,4,5,0,50,60.85
18.28,306,8,5,0,50,122.52
5.74,229,1,6,0,50,55.13
7.74,123,5,0,0,50,51.63
4.52,73,7,0,0,50,15.17
14.81,119,9,0,0,50,27.05
3.07,24,2,1,0,50,9.25
2.18,29,7,1,0,50,7.6
6.33,49,1,2,0,50,19.23
6.04,55,3,2,0,50,22.9
0.58,24,3,2,0,50,6.78
12.59,100,4,3,0,50,39.13
1.93,28,5,3,0,50,17.98
5.48,144,6,3,0,50,51.8
4.79,73,8,3,0,50,32.77
33.14,412,9,3,0,50,129.78
13.28,118,23,3,0,50,47.0
85.92,293,1,4,0,50,160.38
91.95,371,3,4,0,50,213.88
12.95,117,0,5,0,50,38.57
18.76,442,1,5,0,50,219.22
4.75,75,5,5,0,50,19.3
3.17,5,7,5,0,50,6.87
1.14,48,6,6,0,50,7.83
9.71,122,6,0,0,50,46.3
2.7,62,9,0,0,50,21.87
2.08,34,10,0,0,50,16.95
7.74,56,5,1,0,50,20.17
1.09,50,11,2,0,50,9.13
4.4,30,7,3,0,50,14.32
2.75,109,10,3,0,50,18.63
7.54,122,23,3,0,50,48.48
8.05,124,1,4,0,50,46.48
7.53,163,3,4,0,50,36.8
11.56,103,4,4,0,50,47.4
7.86,58,5,4,0,50,30.53
22.54,199,6,4,0,50,107.68
5.34,91,1,5,0,50,35.05
1.08,30,2,5,0,50,6.83
8.18,131,4,5,0,50,58.97
23.33,406,7,5,0,50,186.52
6.18,142,10,5,0,50,40.08
2.05,54,5,6,0,50,9.22
2.04,50,7,6,0,50,13.88
7.41,195,7,6,0,50,60.22
8.55,125,10,6,0,50,49.9
6.08,152,9,2,0,50,34.27
6.61,134,11,2,0,50,31.28
4.86,49,4,3,0,50,15.62
1.37,61,5,3,0,50,14.62
19.33,361,9,3,0,50,80.95
4.2,20,6,4,0,50,6.63
8.95,78,9,4,0,50,14.8
54.33,35,9,4,0,50,53.68
7.43,110,11,4,0,50,38.05
4.81,122,13,4,0,50,28.58
1.63,33,5,5,0,50,10.4
6.37,78,10,5,0,50,20.4
4.6,50,6,0,0,50,13.33
6.77,170,11,0,0,50,45.78
15.09,186,0,1,0,50,66.53
4.08,98,5,2,0,50,24.07
1.62,41,5,2,0,50,7.9
10.59,95,6,2,0,50,35.65
9.35,147,7,2,0,50,39.23
1.96,73,8,2,0,50,10.93
4.81,47,0,3,0,50,13.53
14.82,218,2,3,0,50,53.08
3.83,85,3,3,0,50,34.82
6.21,99,4,3,0,50,33.53
41.47,124,7,5,0,50,64.57
14.12,237,11,5,0,50,75.73
13.62,180,0,6,0,50,55.03
12.95,89,9,6,0,50,31.58
3.94,587,14,3,0,50,36.9
4.14,459,1,4,0,50,28.48
3.3,361,14,5,0,50,20.25
18.37,2000,4,6,0,50,124.43
4.14,568,7,6,0,50,32.22
5.37,406,14,6,0,50,32.18
4.38,972,1,0,0,50,47.2
5.76,1004,15,0,0,50,63.8
3.54,338,1,1,0,50,20.33
3.46,395,14,1,0,50,23.62
4.94,809,1,2,0,50,36.87
4.32,1233,15,2,0,50,45.93
3.74,546,1,3,0,50,27.2
3.0,295,14,3,0,50,15.28
3.81,567,1,4,0,50,33.07
3.72,723,15,4,0,50,38.13
3.45,915,14,5,0,50,40.88
3.96,403,3,6,0,50,24.82
2.38,581,14,6,0,50,26.0
3.58,428,1,0,0,50,23.05
3.44,366,14,0,0,50,23.37
3.44,531,1,1,0,50,26.73
4.83,1048,15,1,0,50,38.78
2.91,717,15,2,0,50,26.35
3.0,600,15,4,0,50,30.73
2.7,389,11,5,0,50,13.0
3.45,421,14,5,0,50,29.47
5.88,734,0,6,0,50,48.25
64.14,1316,2,6,0,50,146.33
35.82,3022,6,6,0,50,182.02
18.04,36,9,6,0,50,22.47
5.99,618,10,6,0,50,31.85
10.0,2165,6,0,0,50,88.35
3.02,720,15,0,0,50,32.4
3.7,817,15,1,0,50,33.48
4.11,558,1,2,0,50,26.77
1.44,290,15,2,0,50,11.52
3.49,454,2,3,0,50,28.5
3.53,349,1,4,0,50,21.47
3.19,330,14,4,0,50,18.82
4.83,650,2,5,0,50,51.65
2.31,190,1,2,0,50,14.83
5.3,687,16,2,0,50,36.23
1.6,238,1,3,0,50,10.6
3.17,252,1,4,0,50,19.48
3.45,295,16,4,0,50,17.07
2.64,280,3,5,0,50,14.95
3.56,359,2,6,0,50,26.1
4.18,451,15,6,0,50,23.85
2.74,249,1,0,0,50,16.88
1.49,173,15,0,0,50,8.63
2.85,156,2,1,0,50,16.92
7.6,825,14,2,0,50,48.07
1.91,211,2,3,0,50,9.95
1.29,78,15,4,0,50,6.0
1.0,65,4,5,0,50,6.17
2.96,204,2,0,0,50,13.9
2.91,262,2,1,0,50,15.62
1.15,174,12,1,0,50,5.7
2.0,227,4,2,0,50,10.77
0.6,98,15,2,0,50,5.05
1.42,245,4,3,0,50,10.75
2.23,228,15,3,0,50,9.38
1.34,115,15,4,0,50,5.97
2.57,292,1,6,0,50,14.15
9.62,1865,21,6,0,50,92.87
3.06,283,1,0,0,50,17.83
5.01,249,14,0,0,50,22.42
2.33,250,1,1,0,50,11.85
1.94,108,15,1,0,50,8.13
2.57,230,1,2,0,50,14.95
4.46,627,1,3,0,50,35.15
2.55,290,15,3,0,50,13.88
2.66,321,1,4,0,50,16.15
3.37,282,11,5,0,50,20.37
1.11,182,3,6,0,50,6.97
1.22,103,15,1,0,50,10.87
1.46,154,15,2,0,50,5.98
2.36,320,1,3,0,50,14.97
0.88,269,7,4,0,50,9.95
1.49,164,1,0,0,50,6.13
2.9,193,15,0,0,50,12.5
2.34,173,1,1,0,50,13.8
5.13,252,14,1,0,50,22.47
2.4,127,1,2,0,50,14.13
2.09,159,1,3,0,50,10.65
1.57,70,16,3,0,50,7.97
1.91,301,1,4,0,50,9.53
2.25,285,1,0,0,50,13.62
2.26,236,1,1,0,50,11.87
0.81,130,2,2,0,50,5.03
2.19,241,2,3,0,50,12.0
2.45,272,14,4,0,50,14.35
5.84,934,4,5,0,50,44.35
7.8,837,7,5,0,50,42.72
4.1,392,15,5,0,50,27.77
2.17,207,2,0,0,50,12.6
3.75,330,15,0,0,50,14.25
3.45,211,14,1,0,50,14.32
2.01,137,14,2,0,50,8.55
2.47,226,1,3,0,50,8.83
2.47,265,1,1,0,50,14.17
3.29,207,15,2,0,50,15.02
3.62,323,2,3,0,50,20.13
1.7,361,10,4,0,50,17.93
3.67,444,4,5,0,50,19.33
2.08,250,15,5,0,50,10.47
1.19,97,16,6,0,50,5.55
2.36,283,1,0,0,50,12.53
2.46,261,1,1,0,50,12.87
2.4,216,15,1,0,50,10.68
1.48,79,15,2,0,50,7.03
0.8,135,2,3,0,50,5.37
2.41,121,15,3,0,50,11.9
2.29,249,1,4,0,50,13.68
2.8,109,15,4,0,50,19.67
0.61,45,1,0,0,50,5.27
3.51,366,15,0,0,50,19.03
2.9,197,1,1,0,50,16.57
1.0,138,15,1,0,50,6.78
2.91,248,1,2,0,50,18.45
1.12,99,15,2,0,50,5.43
0.83,159,15,2,0,50,7.58
2.46,163,2,3,0,50,14.62
2.82,251,2,4,0,50,15.37
2.41,171,14,1,0,50,10.52
3.18,250,1,4,0,50,21.32
3.26,185,14,1,0,50,14.3
2.15,113,14,1,0,50,10.15
3.87,511,1,2,0,50,18.92
3.44,207,15,2,0,50,15.08
3.15,353,2,3,0,50,18.78
3.27,596,1,4,0,50,20.38
1.08,295,5,1,0,50,8.25
7.13,20,12,6,0,50,19.35
53.59,23,22,6,0,50,37.68
86.08,5,23,6,0,50,49.18
43.01,12,0,0,0,50,25.53
41.84,7,1,0,0,50,24.52
13.84,1,2,0,0,50,7.67
49.38,3,2,0,0,50,27.07
26.43,13,3,0,0,50,21.55
70.82,5,5,0,0,50,38.97
127.26,38,7,0,0,50,94.35
93.78,10,10,0,0,50,67.08
16.32,47,12,0,0,50,60.37
59.95,22,1,1,0,50,42.95
9.77,14,3,1,0,50,12.32
31.24,87,9,1,0,50,112.0
20.73,122,2,2,0,50,84.53
6.42,33,4,2,0,50,12.92
9.22,705,10,4,0,50,110.6
3.71,221,3,5,0,50,19.17
15.34,711,3,5,0,50,84.73
13.65,695,6,6,0,50,86.23
1.23,114,6,0,0,50,10.53
7.75,168,12,0,0,50,25.03
81.92,189,14,0,0,50,72.23
10.5,191,0,2,0,50,27.73
1.11,57,1,2,0,50,10.97
6.62,617,23,2,0,50,67.2
13.4,643,3,4,0,50,120.38
10.47,451,5,4,0,50,58.87
3.35,101,7,4,0,50,19.12
11.95,809,15,4,0,50,124.45
16.54,801,22,4,0,50,136.7
1.72,82,3,0,0,50,13.72
22.4,1339,6,0,0,50,199.77
11.03,198,4,1,0,50,49.75
14.36,547,8,1,0,50,80.98
4.78,394,9,1,0,50,51.53
1.68,165,10,1,0,50,18.73
5.61,463,12,1,0,50,56.33
7.13,361,3,2,0,50,55.72
5.69,275,5,2,0,50,40.78
17.75,673,10,2,0,50,88.37
13.75,615,4,4,0,50,81.42
15.96,955,9,4,0,50,135.3
14.24,475,22,4,0,50,76.85
1.72,182,9,5,0,50,18.4
5.88,163,11,5,0,50,20.68
14.03,610,13,5,0,50,115.58
6.32,424,6,6,0,50,44.57
21.76,800,2,0,0,50,109.53
17.22,728,4,0,0,50,119.67
4.6,108,7,0,0,50,18.77
4.7,277,1,1,0,50,31.18
11.87,812,9,1,0,50,104.52
5.6,135,15,2,0,50,21.5
6.72,262,18,2,0,50,36.12
5.12,311,1,3,0,50,34.73
11.24,386,2,4,0,50,61.47
26.67,1632,5,4,0,50,243.0
3.55,239,3,5,0,50,32.85
11.39,408,7,5,0,50,59.8
3.3,195,9,5,0,50,20.72
5.16,323,10,5,0,50,46.22
14.41,490,4,0,0,50,57.85
16.08,1030,6,0,0,50,167.5
10.35,677,9,1,0,50,107.83
0.83,82,3,4,0,50,9.55
2.82,253,4,4,0,50,30.98
16.13,1130,5,4,0,50,135.23
8.84,509,23,4,0,50,56.98
1.54,179,5,5,0,50,18.13
8.11,652,9,5,0,50,92.22
5.13,274,9,6,0,50,33.12
5.48,303,10,6,0,50,36.87
0.76,108,1,0,0,50,6.17
4.1,220,5,0,0,50,17.22
1.52,168,11,2,0,50,15.82
11.16,860,0,3,0,50,116.08
7.91,498,10,3,0,50,64.6
5.26,289,12,3,0,50,37.45
4.69,62,14,3,0,50,9.68
5.82,85,17,3,0,50,15.6
4.88,243,1,5,0,50,21.07
2.14,192,9,5,0,50,22.93
3.44,131,13,5,0,50,19.07
3.99,116,15,5,0,50,15.97
6.49,296,1,6,0,50,55.63
0.58,33,1,6,0,50,5.55
4.69,405,10,6,0,50,50.9
5.88,253,4,0,0,50,51.58
20.14,198,12,0,0,50,41.02
18.82,185,0,1,0,50,48.67
4.92,324,12,1,0,50,48.8
5.37,253,1,2,0,50,48.15
7.9,394,5,2,0,50,50.43
21.84,866,9,2,0,50,127.18
5.31,410,12,2,0,50,52.07
3.9,189,2,3,0,50,22.75
4.57,242,12,3,0,50,34.95
1.54,72,13,3,0,50,11.08
6.2,248,2,4,0,50,27.9
21.82,318,17,4,0,50,64.67
12.17,434,2,5,0,50,83.08
0.74,51,5,5,0,50,6.17
1.28,123,6,5,0,50,12.67
5.62,313,5,6,0,50,42.5
1.39,89,6,6,0,50,11.5
2.54,96,6,6,0,50,15.52
29.95,1804,7,6,0,50,267.22
0.97,56,13,6,0,50,7.5
34.14,243,13,6,0,50,59.67
0.82,24,15,6,0,50,9.33
20.69,182,0,0,0,50,42.67
2.9,166,1,0,0,50,33.42
2.51,69,6,1,0,50,12.08
1.53,108,7,1,0,50,13.58
7.14,474,4,3,0,50,64.67
2.02,129,6,3,0,50,15.08
0.69,39,11,3,0,50,5.25
4.46,112,13,3,0,50,26.2
7.93,234,0,4,0,50,38.67
1.06,28,2,4,0,50,7.33
3.61,235,2,4,0,50,36.58
5.05,113,3,4,0,50,25.5
4.08,57,8,4,0,50,12.0
23.35,1116,8,4,0,50,218.42
13.38,552,6,6,0,50,92.08
4.0,155,3,2,0,50,32.88
10.48,611,4,2,0,50,115.58
1.3,96,14,2,0,50,12.1
4.92,212,0,3,0,50,38.1
2.53,169,1,3,0,50,26.25
1.1,70,0,4,0,50,7.52
21.0,1087,4,4,0,50,175.0
94.95,327,10,4,0,50,144.58
22.3,264,13,4,0,50,56.45
3.94,77,14,4,0,50,15.25
6.2,133,16,5,0,50,25.75
5.93,170,19,5,0,50,25.75
27.0,267,21,5,0,50,65.67
1.12,52,0,0,0,50,7.25
1.28,83,13,0,0,50,11.33
6.69,227,23,2,0,50,53.75
4.35,200,3,4,0,50,29.08
14.71,752,6,4,0,50,124.48
3.86,195,11,4,0,50,40.17
1.34,65,12,4,0,50,14.42
28.48,497,13,4,0,50,113.75
6.07,180,16,4,0,50,26.58
13.43,765,4,5,0,50,128.25
3.02,105,10,5,0,50,15.17
4.64,128,2,6,0,50,24.77
3.63,182,4,6,0,50,29.67
12.38,798,10,6,0,50,115.33
3.39,162,13,6,0,50,34.17
1.2,72,1,2,0,50,12.92
5.85,262,7,2,0,50,36.75
1.25,42,15,2,0,50,8.58
2.15,141,15,2,0,50,20.25
2.8,185,0,3,0,50,28.25
5.04,340,7,3,0,50,42.58
1.52,110,14,4,0,50,12.08
6.35,384,13,5,0,50,57.25
3.41,57,3,6,0,50,11.83
6.04,327,12,6,0,50,60.42
1.32,100,14,6,0,50,13.75
18.27,1281,6,0,0,50,183.95
8.37,441,0,1,0,50,72.33
3.46,103,10,1,0,50,28.33
2.11,43,13,1,0,50,14.75
9.5,78,23,1,0,50,20.08
5.11,269,7,2,0,50,49.33
1.0,76,8,2,0,50,11.25
8.99,657,9,2,0,50,106.58
2.14,38,13,2,0,50,7.97
1.22,95,14,2,0,50,11.83
1.51,76,2,3,0,50,17.75
3.76,170,6,4,0,50,19.58
22.36,514,4,5,0,50,110.17
1.38,69,1,0,0,50,14.42
18.38,441,2,0,0,50,74.67
4.69,244,9,1,0,50,49.67
2.6,96,10,1,0,50,12.17
7.63,372,11,1,0,50,63.08
4.31,246,13,1,0,50,44.25
3.36,50,23,1,0,50,7.33
7.2,387,1,2,0,50,79.0
8.56,484,3,2,0,50,99.42
54.11,1543,9,2,0,50,305.98
6.39,185,23,2,0,50,29.5
5.53,131,16,3,0,50,21.5
4.27,156,0,5,0,50,23.83
0.97,39,10,6,0,50,9.33
0.85,46,0,0,0,50,7.1
2.46,82,6,0,0,50,13.08
1.55,114,7,0,0,50,16.08
5.7,257,7,0,0,50,43.25
6.5,388,8,0,0,50,61.42
4.36,226,12,0,0,50,45.73
3.54,120,13,0,0,50,26.18
1.14,65,0,1,0,50,7.83
1.17,90,6,1,0,50,9.92
19.78,466,11,1,0,50,89.25
17.52,156,13,1,0,50,41.75
5.8,267,13,3,0,50,55.33
3.47,88,15,3,0,50,14.72
1.1,43,0,4,0,50,11.08
9.54,90,22,4,0,50,28.67
8.42,28,14,2,0,50,11.83
1.85,178,4,3,0,50,21.5
12.09,193,13,2,0,50,31.83
29.52,1471,11,3,0,50,198.83
1.77,92,14,4,0,50,10.42
8.68,73,16,6,0,50,30.25
0.96,53,15,2,0,50,6.17
21.82,434,3,5,0,50,91.08
17.81,412,5,5,0,50,90.88
4.89,66,8,5,0,50,14.08
13.02,714,12,5,0,50,86.83
6.11,416,8,0,0,50,58.0
1.13,64,0,1,0,50,8.92
4.77,182,11,1,0,50,27.17
15.98,1096,11,3,0,50,154.58
4.18,79,6,0,0,50,14.92
1.12,67,14,0,0,50,11.08
1.87,111,15,0,0,50,14.83
0.57,44,23,0,0,50,6.33
1.11,95,11,1,0,50,13.25
61.0,1479,3,2,0,50,306.67
6.8,442,13,2,0,50,65.5
1.89,91,14,3,0,50,14.5
1.26,119,14,3,0,50,14.67
5.15,316,1,5,0,50,47.58
1.95,112,4,5,0,50,14.5
6.82,393,8,5,0,50,60.03
4.15,204,15,5,0,50,29.5
9.18,386,7,6,0,50,66.75
3.51,110,15,6,0,50,17.58
25.73,549,7,1,0,50,116.08
0.76,68,23,3,0,50,8.68
1.02,89,7,5,0,50,12.17
23.18,214,8,5,0,50,49.5
24.92,624,13,5,0,50,94.0
1.36,100,0,0,0,50,14.08
21.84,303,2,0,0,50,69.5
23.92,570,10,0,0,50,108.33
1.33,97,15,0,0,50,14.33
19.38,350,0,1,0,50,76.5
30.45,659,6,1,0,50,171.48
16.76,766,9,1,0,50,117.3
31.6,1076,12,1,0,50,198.0
0.99,58,11,2,0,50,7.75
1.4,122,11,2,0,50,14.92
29.67,798,9,0,0,50,119.08
4.41,295,12,0,0,50,43.58
21.77,106,23,0,0,50,43.58
25.56,418,10,2,0,50,88.08
28.29,747,2,3,0,50,142.9
26.73,501,12,3,0,50,98.92
10.48,95,5,5,0,50,19.67
85.77,296,7,5,0,50,151.33
25.09,475,10,5,0,50,89.5
3.63,215,16,5,0,50,38.75
2.3,108,2,6,0,50,19.5
8.78,241,2,6,0,50,36.25
42.02,1588,5,6,0,50,266.77
23.76,291,0,0,0,50,67.67
23.26,191,0,1,0,50,50.4
24.97,286,10,1,0,50,60.33
24.01,205,23,1,0,50,53.67
23.58,1538,8,2,0,50,192.87
4.94,345,14,2,0,50,56.0
24.9,276,0,3,0,50,58.35
14.98,1044,9,3,0,50,132.75
25.59,437,0,1,0,50,82.5
10.98,171,5,1,0,50,33.67
17.62,1080,6,1,0,50,186.92
11.06,556,9,1,0,50,87.18
20.14,1046,11,1,0,50,186.5
3.49,64,23,1,0,50,11.08
4.05,175,1,3,0,50,26.88
25.19,1397,8,3,0,50,196.42
20.44,142,12,3,0,50,35.92
8.43,134,3,4,0,50,25.77
15.81,198,4,4,0,50,52.17
2.53,118,6,4,0,50,18.17
5.54,369,7,4,0,50,60.0
9.55,751,8,4,0,50,95.67
17.16,798,11,4,0,50,142.58
6.48,96,18,4,0,50,21.0
4.86,77,9,6,0,50,18.92
7.97,77,0,0,0,50,18.6
17.26,714,1,0,0,50,116.82
23.81,827,6,6,0,50,134.17
21.86,945,9,6,0,50,153.97
23.81,821,14,6,0,50,134.17
21.86,934,17,6,0,50,154.05
11.8,835,4,0,0,50,113.92
7.49,323,6,0,0,50,53.5
19.71,1314,9,0,0,50,216.83
6.42,372,13,0,0,50,56.5
23.72,1223,15,0,0,50,218.83
0.97,34,6,4,0,50,6.25
333.51,742,6,4,0,50,287.57
1617.06,618,12,4,0,50,1054.33
83.6,67,6,5,0,50,69.25
535.72,312,7,5,0,50,399.33
83.6,66,14,5,0,50,69.25
10.38,532,15,3,0,50,70.33
10.38,531,23,3,0,50,70.33
3.64,220,3,4,0,50,33.5
2.59,97,4,4,0,50,16.5
3.64,219,11,4,0,50,33.5
2.59,95,12,4,0,50,16.5
6.15,330,9,6,0,50,53.42
2.84,143,12,6,0,50,20.25
5.16,101,13,2,0,50,16.17
5.16,99,21,2,0,50,16.17
2.78,173,10,4,0,50,28.02
26.1,2434,12,4,0,50,300.17
2.78,174,18,4,0,50,27.98
25.96,2374,20,4,0,50,299.92
3.53,162,6,6,0,50,26.58
10.01,504,10,6,0,50,69.75
11.77,743,11,6,0,50,122.42
3.53,163,14,6,0,50,26.58
10.01,503,18,6,0,50,69.75
11.77,741,19,6,0,50,122.42
19.84,1482,8,0,0,50,201.0
19.9,1509,16,0,0,50,201.0
9.89,750,5,1,0,50,103.5
3.44,4,7,1,0,50,5.58
9.89,745,13,1,0,50,103.5
3.44,4,15,1,0,50,5.58
28.16,1098,9,2,0,50,226.95
22.31,1019,17,2,0,50,201.33
5.74,37,21,2,0,50,14.28
12.05,622,3,3,0,50,92.85
1.27,85,8,3,0,50,10.67
4.22,124,2,2,0,50,18.08
1.71,53,4,2,0,50,6.83
6.06,238,4,2,0,50,45.42
9.72,506,8,2,0,50,66.33
1882.04,878,1,3,0,50,1261.0
514.29,21,22,3,0,50,276.83
9.0,410,5,5,0,50,72.58
11.83,351,7,5,0,50,59.83
3.43,166,9,5,0,50,19.58
48.13,1719,6,6,0,50,253.47
2.4,39,23,6,0,50,11.67
1.2,70,11,6,0,50,8.42
3.56,141,13,6,0,50,20.58
0.92,62,1,1,0,50,7.17
1.63,75,3,1,0,50,12.25
1.22,57,4,1,0,50,7.33
1.7,93,9,1,0,50,12.25
1.45,102,10,1,0,50,14.08
0.97,32,15,1,0,50,11.33
2.26,63,1,2,0,50,9.17
1.02,55,17,2,0,50,7.03
1.28,85,4,3,0,50,14.25
0.91,51,10,4,0,50,5.83
25.69,1609,17,4,0,50,197.83
3.92,30,1,5,0,50,15.38
1.67,147,6,5,0,50,16.08
9.2,342,6,5,0,50,58.33
11.27,491,8,5,0,50,68.23
1.59,44,11,6,0,50,7.17
0.77,51,1,0,0,50,6.77
8.93,207,9,4,0,50,41.92
15.14,353,1,5,0,50,69.42
43.68,1812,3,5,0,50,297.5
73.6,150,0,6,0,50,67.1
74.12,219,6,6,0,50,80.17
49.29,204,0,0,0,50,81.75
38.91,540,3,0,0,50,120.25
6.19,352,5,0,0,50,44.57
184.07,324,0,1,0,50,169.33
50.26,39,4,1,0,50,52.0
233.71,232,6,1,0,50,210.25
1.23,52,10,1,0,50,7.03
53.92,1943,2,3,0,50,284.0
5.49,267,7,3,0,50,48.33
11.01,293,9,3,0,50,53.25
7.91,50,1,5,0,50,15.35
1.65,110,1,5,0,50,14.17
18.31,697,4,5,0,50,123.42
14.08,271,6,5,0,50,62.17
5.51,158,8,5,0,50,24.83
15.14,188,4,6,0,50,36.75
5.23,228,5,6,0,50,30.92
28.85,856,5,6,0,50,135.58
0.78,75,8,6,0,50,7.83
30.48,249,0,0,0,50,67.17
14.73,235,2,0,0,50,46.0
16.8,74,3,0,0,50,22.33
15.18,358,5,0,0,50,63.83
17.2,151,7,0,0,50,45.08
33.41,63,8,0,0,50,49.33
43.64,205,0,2,0,50,79.08
12.9,448,2,2,0,50,72.67
87.79,1128,6,2,0,50,254.45
17.84,347,0,3,0,50,73.2
4.63,333,4,3,0,50,43.75
13.17,363,5,3,0,50,52.75
66.6,424,7,3,0,50,145.25
40.38,133,11,3,0,50,57.58
12.65,249,23,3,0,50,43.5
1.84,54,2,4,0,50,9.67
11.16,89,4,4,0,50,24.83
22.07,52,5,4,0,50,24.58
22.58,99,9,4,0,50,29.58
60.9,185,2,5,0,50,80.42
2.84,101,9,5,0,50,17.0
24.58,306,2,0,0,50,76.8
25.61,454,7,1,0,50,70.92
5.87,156,2,2,0,50,35.08
17.63,305,5,2,0,50,50.33
19.57,117,13,2,0,50,37.58
8.09,193,2,3,0,50,35.75
5.33,248,3,3,0,50,36.42
3.63,224,4,3,0,50,39.75
71.5,273,22,3,0,50,82.83
3.35,78,3,4,0,50,13.17
11.11,138,5,4,0,50,30.5
15.43,125,5,4,0,50,35.42
61.97,198,6,4,0,50,74.0
3.0,15,8,4,0,50,5.33
2.63,60,1,5,0,50,15.17
5.06,71,6,5,0,50,11.75
63.33,135,9,5,0,50,59.33
71.69,113,0,6,0,50,57.08
71.9,442,2,6,0,50,104.75
6.52,276,5,6,0,50,43.17
13.51,123,8,6,0,50,34.42
9.3,81,9,6,0,50,22.25
2.04,64,9,6,0,50,12.33
1.12,29,15,6,0,50,5.42
25.0,112,5,0,0,50,48.67
32.02,427,6,0,0,50,120.0
3.64,193,23,0,0,50,29.17
8.23,122,9,1,0,50,34.17
31.38,175,7,2,0,50,56.07
31.87,252,9,2,0,50,81.0
93.65,141,0,3,0,50,86.33
77.65,372,5,3,0,50,139.08
11.86,185,2,4,0,50,29.75
3.07,25,2,4,0,50,7.5
21.48,151,0,5,0,50,48.08
4.77,250,1,5,0,50,43.13
30.01,211,4,5,0,50,56.17
67.65,203,5,5,0,50,88.5
8.67,273,8,5,0,50,77.0
1.93,82,3,6,0,50,9.92
75.66,498,7,6,0,50,133.52
2.02,44,10,6,0,50,7.92
30.27,149,1,0,0,50,51.75
19.58,736,5,0,0,50,112.58
41.87,190,11,0,0,50,70.67
84.7,433,0,1,0,50,162.22
89.95,807,8,1,0,50,183.05
57.39,177,1,3,0,50,70.75
48.48,334,5,3,0,50,95.5
53.32,567,7,3,0,50,142.25
31.12,129,0,4,0,50,52.33
46.84,1218,5,4,0,50,212.83
33.63,124,12,4,0,50,43.17
21.64,648,1,5,0,50,113.67
62.09,245,4,5,0,50,91.25
71.38,342,22,6,0,50,113.37
33.48,96,1,0,0,50,45.67
22.05,120,5,0,0,50,51.0
28.54,149,6,0,0,50,51.92
58.37,759,8,0,0,50,191.17
11.2,487,23,0,0,50,69.25
16.03,486,9,1,0,50,70.28
28.0,352,1,2,0,50,88.33
34.57,39,4,2,0,50,34.67
34.85,87,5,2,0,50,47.08
31.05,759,8,2,0,50,143.42
10.84,325,4,3,0,50,57.75
4.53,276,7,3,0,50,47.58
12.09,178,9,3,0,50,39.83
0.88,63,10,3,0,50,7.25
85.36,304,0,5,0,50,125.82
22.26,369,5,5,0,50,67.92
117.65,411,1,6,0,50,183.17
34.51,1582,7,6,0,50,250.03
33.6,306,5,0,0,50,99.42
43.17,315,8,0,0,50,96.33
87.26,176,0,1,0,50,94.0
87.71,378,11,1,0,50,115.08
46.71,746,0,2,0,50,175.5
42.23,85,4,2,0,50,42.33
67.97,87,5,2,0,50,53.67
11.79,225,7,2,0,50,50.67
48.42,111,8,2,0,50,56.08
36.11,286,9,2,0,50,84.68
58.99,149,4,3,0,50,57.08
2.18,32,10,3,0,50,6.67
7.72,12,23,3,0,50,8.68
2.45,109,5,4,0,50,22.42
79.51,686,5,4,0,50,162.8
13.73,284,9,2,0,50,47.92
29.02,190,0,3,0,50,43.58
38.13,636,9,3,0,50,113.17
76.85,283,1,4,0,50,119.92
8.87,229,9,4,0,50,34.77
12.14,320,10,4,0,50,52.83
4.47,237,12,4,0,50,25.92
27.29,258,0,5,0,50,64.33
9.32,324,2,5,0,50,50.5
113.32,1127,5,5,0,50,240.25
24.5,379,1,6,0,50,85.57
90.52,346,8,6,0,50,123.83
2.82,68,10,6,0,50,11.25
28.98,139,1,0,0,50,63.75
9.45,749,6,0,0,50,97.93
2.64,123,8,0,0,50,16.5
37.54,803,8,0,0,50,189.5
1.39,34,11,0,0,50,6.42
28.75,124,0,1,0,50,40.25
33.68,1070,4,1,0,50,218.75
9.28,140,9,1,0,50,35.58
1.1,99,9,1,0,50,13.05
11.74,100,9,2,0,50,40.08
1.08,57,10,2,0,50,8.67
49.59,89,23,2,0,50,59.35
51.7,703,7,3,0,50,163.58
92.74,209,23,3,0,50,102.42
40.3,1244,4,4,0,50,229.5
47.28,462,9,4,0,50,112.25
6.76,67,1,5,0,50,22.0
74.82,548,4,5,0,50,129.67
11.13,314,3,6,0,50,52.5
14.62,281,6,6,0,50,45.58
35.89,79,0,0,0,50,41.5
34.62,220,3,0,0,50,73.33
106.21,183,23,0,0,50,115.42
90.95,114,7,1,0,50,81.75
16.05,449,9,1,0,50,66.67
30.2,162,1,2,0,50,51.5
51.05,729,4,2,0,50,169.5
36.59,396,8,2,0,50,81.58
9.42,118,12,2,0,50,27.08
17.07,106,5,3,0,50,35.0
19.29,186,6,3,0,50,42.83
14.89,365,23,3,0,50,58.0
12.58,599,9,4,0,50,83.17
30.51,82,0,5,0,50,35.75
69.52,219,10,5,0,50,92.67
61.55,154,23,5,0,50,57.67
62.03,393,5,6,0,50,87.75
0.59,35,6,6,0,50,5.5
105.47,429,23,0,0,50,154.58
38.91,372,6,1,0,50,100.42
72.9,101,0,2,0,50,70.5
79.93,295,3,2,0,50,100.23
15.11,307,6,2,0,50,46.58
1.09,62,8,2,0,50,8.25
12.13,175,9,2,0,50,36.33
11.58,240,23,2,0,50,45.92
21.13,101,1,1,0,50,35.83
3.04,261,3,1,0,50,33.25
10.26,148,4,1,0,50,31.0
35.06,242,10,1,0,50,70.03
50.5,300,23,1,0,50,94.83
45.86,388,1,2,0,50,97.42
4.13,170,9,2,0,50,25.42
72.61,186,11,2,0,50,73.42
73.12,106,0,3,0,50,64.67
73.85,387,3,3,0,50,108.08
110.33,84,5,3,0,50,90.0
18.38,189,7,3,0,50,47.25
10.31,267,9,3,0,50,46.33
10.01,75,5,4,0,50,26.25
9.47,226,6,4,0,50,44.25
30.86,128,0,5,0,50,50.0
29.29,201,10,5,0,50,45.92
73.01,83,1,0,0,50,65.43
77.15,1162,7,0,0,50,233.68
15.01,89,0,1,0,50,33.83
14.19,1100,3,1,0,50,163.33
53.82,110,6,1,0,50,55.0
64.48,245,9,1,0,50,92.33
30.92,375,23,1,0,50,88.0
35.74,500,8,2,0,50,103.08
29.92,353,23,2,0,50,74.08
31.1,575,8,3,0,50,102.75
14.6,116,1,4,0,50,30.92
15.27,329,3,4,0,50,58.25
42.42,183,0,5,0,50,70.58
42.91,346,6,5,0,50,78.92
21.7,302,6,6,0,50,65.0
18.31,183,8,6,0,50,44.67
39.09,623,23,6,0,50,137.83
67.13,197,11,0,0,50,89.25
31.96,186,23,0,0,50,56.5
5.7,85,0,1,0,50,17.42
32.16,250,9,1,0,50,69.33
2.24,37,10,1,0,50,7.05
14.74,214,10,0,0,50,45.43
1.04,137,11,0,0,50,9.37
13.28,99,5,1,0,50,32.43
0.84,78,6,1,0,50,5.82
0.85,186,8,1,0,50,10.0
14.18,240,12,1,0,50,52.25
13.81,152,1,2,0,50,44.32
19.81,186,10,2,0,50,43.23
0.62,102,11,2,0,50,5.78
12.29,84,1,4,0,50,36.87
5.06,97,1,4,0,50,22.75
0.65,113,2,4,0,50,6.23
22.89,515,3,4,0,50,84.78
2.47,48,12,4,0,50,9.77
1.08,85,3,6,0,50,6.63
1.1,47,4,6,0,50,6.45
1.37,92,4,6,0,50,7.3
14.3,68,4,6,0,50,32.1
6.55,103,7,6,0,50,20.52
14.55,117,1,0,0,50,38.93
14.53,176,5,0,0,50,41.85
2.01,32,6,0,0,50,8.22
1.03,101,6,0,0,50,7.67
0.93,143,10,0,0,50,8.67
12.35,390,4,1,0,50,63.77
8.41,251,7,1,0,50,27.58
8.4,107,4,2,0,50,22.75
10.36,186,5,2,0,50,23.2
22.15,474,6,2,0,50,76.75
4.72,174,7,2,0,50,18.17
8.92,310,8,2,0,50,41.87
3.32,129,9,2,0,50,21.47
9.64,478,10,2,0,50,71.35
3.37,162,3,3,0,50,16.17
8.07,775,5,3,0,50,77.1
1.63,134,7,3,0,50,13.6
2.64,132,8,3,0,50,15.38
1.28,96,9,3,0,50,12.13
0.54,61,11,3,0,50,5.47
3.15,118,0,4,0,50,19.45
8.75,133,1,4,0,50,33.2
0.9,111,1,4,0,50,9.17
16.35,246,3,4,0,50,56.07
1.82,281,5,4,0,50,17.58
1.68,121,6,4,0,50,13.12
1.6,136,8,4,0,50,13.18
1.97,196,9,4,0,50,21.83
2.61,154,9,4,0,50,15.47
10.76,57,12,4,0,50,20.63
21.54,92,1,5,0,50,47.37
5.9,282,2,5,0,50,43.33
19.96,88,3,5,0,50,38.32
7.51,220,5,5,0,50,34.37
3.21,77,7,5,0,50,23.13
0.82,128,8,5,0,50,9.3
1.1,63,2,6,0,50,5.87
1.2,108,3,6,0,50,8.93
9.23,180,11,6,0,50,44.3
8.3,41,0,0,0,50,13.73
0.65,88,0,0,0,50,6.13
0.63,86,1,0,0,50,5.52
25.7,134,6,0,0,50,40.55
27.84,204,12,0,0,50,45.62
8.72,208,2,1,0,50,34.07
17.06,228,7,1,0,50,44.77
2.67,72,9,1,0,50,9.15
10.26,60,11,1,0,50,18.5
13.08,183,0,2,0,50,36.95
10.46,134,0,2,0,50,20.42
29.97,134,2,2,0,50,36.85
29.88,237,9,2,0,50,67.6
10.9,224,1,4,0,50,40.47
2.23,202,2,5,0,50,18.5
2.21,46,0,6,0,50,7.3
20.58,599,10,6,0,50,90.92
16.18,367,12,6,0,50,54.22
1.88,128,0,0,0,50,17.7
8.01,357,2,0,0,50,54.72
1.63,144,6,0,0,50,15.73
1.8,69,0,4,0,50,7.28
2.04,138,0,4,0,50,13.5
1.79,115,1,4,0,50,10.83
3.53,139,2,4,0,50,23.4
1.3,100,4,4,0,50,7.63
1.37,46,6,4,0,50,8.32
5.49,120,7,4,0,50,8.4
3.14,248,7,4,0,50,20.43
23.13,955,5,5,0,50,116.5
3.13,288,8,5,0,50,30.18
1.95,325,10,5,0,50,20.37
719.9,26,0,0,0,50,374.17
67.65,14,6,0,0,50,42.78
480.11,3,7,0,0,50,254.82
5.48,582,1,1,0,50,49.5
15.57,346,4,1,0,50,50.58
43.73,98,12,1,0,50,40.62
12.63,265,2,2,0,50,39.2
68.48,705,3,2,0,50,174.1
7.79,599,7,2,0,50,79.93
1.26,203,8,2,0,50,14.73
2.14,40,2,3,0,50,20.4
5.76,399,4,3,0,50,38.28
12.43,1139,6,3,0,50,120.18
0.85,138,9,3,0,50,10.22
5.38,267,0,4,0,50,53.53
23.12,1336,5,4,0,50,171.25
7.81,676,8,4,0,50,54.45
11.12,566,9,4,0,50,60.45
4.55,306,3,5,0,50,27.87
58.01,1037,5,5,0,50,219.85
17.71,423,8,5,0,50,57.07
2.54,79,10,5,0,50,9.28
8.23,500,3,6,0,50,54.55
15.48,624,4,6,0,50,73.9
7.36,792,5,6,0,50,69.43
4.69,261,0,0,0,50,33.33
2.19,66,3,0,0,50,9.2
2.89,189,4,0,0,50,19.35
10.47,646,6,0,0,50,71.75
5.33,292,8,0,0,50,36.47
3.31,201,10,0,0,50,19.43
2.94,175,4,1,0,50,15.22
6.16,317,4,1,0,50,45.97
1.32,38,8,1,0,50,5.22
2.38,105,8,1,0,50,11.57
7.19,226,6,2,0,50,33.13
1.81,81,7,2,0,50,10.4
10.65,120,8,2,0,50,27.82
6.62,506,5,3,0,50,61.93
4.78,261,7,3,0,50,31.07
0.76,132,1,4,0,50,7.12
8.33,514,4,4,0,50,60.83
8.79,220,5,4,0,50,39.03
5.42,225,4,6,0,50,21.97
13.66,356,6,6,0,50,47.57
3.53,653,8,0,0,50,40.8
8.01,348,6,1,0,50,31.6
8.48,162,8,1,0,50,25.4
20.19,558,3,2,0,50,103.35
6.77,217,6,2,0,50,32.68
9.36,135,7,2,0,50,20.25
5.15,68,4,3,0,50,15.28
4.33,68,6,3,0,50,13.25
5.01,112,1,4,0,50,16.65
3.42,51,3,4,0,50,7.65
2.18,43,4,4,0,50,10.7
5.26,455,5,4,0,50,45.17
13.46,491,7,4,0,50,69.28
3.05,181,12,4,0,50,13.97
32.4,138,6,5,0,50,52.62
6.61,134,4,6,0,50,20.6
10.07,220,5,6,0,50,35.02
12.76,503,6,6,0,50,68.23
2.08,40,2,0,0,50,7.4
2.55,57,4,0,0,50,10.93
2.32,57,6,0,0,50,7.83
2.12,50,8,0,0,50,5.15
2.07,19,1,1,0,50,5.93
4.64,80,2,1,0,50,15.1
2.67,77,3,1,0,50,21.73
4.65,309,4,1,0,50,28.35
7.79,339,5,1,0,50,61.85
0.69,103,10,1,0,50,6.17
2.1,44,2,2,0,50,9.25
2.9,133,4,2,0,50,12.85
7.33,508,7,2,0,50,45.48
2.96,82,0,3,0,50,10.23
1.62,9,4,4,0,50,12.02
8.33,151,5,4,0,50,26.62
4.58,264,6,4,0,50,33.82
4.06,234,7,4,0,50,36.88
2.25,72,8,4,0,50,10.27
156.92,29,13,4,0,50,92.27
484.41,42,19,4,0,50,250.68
51.79,143,1,5,0,50,52.83
24.12,896,2,5,0,50,113.83
0.98,227,6,5,0,50,11.35
2.11,25,22,5,0,50,6.33
42.65,357,23,5,0,50,85.4
5.31,139,0,6,0,50,33.77
3.05,25,4,6,0,50,11.55
3.0,38,6,6,0,50,20.48
3.87,60,7,6,0,50,9.37
18.87,297,8,6,0,50,52.67
0.9,117,11,6,0,50,7.58
3.88,169,1,0,0,50,24.55
3.85,124,1,0,0,50,16.18
271.37,327,2,0,0,50,231.02
9.9,415,6,0,0,50,50.47
8.92,318,8,0,0,50,39.2
10.19,735,10,0,0,50,81.87
2.02,207,12,0,0,50,16.25
6.86,356,13,0,0,50,50.97
7.76,306,4,1,0,50,58.75
10.83,365,6,1,0,50,54.73
1.34,51,7,1,0,50,13.05
4.52,56,8,1,0,50,9.23
8.89,59,8,1,0,50,10.08
1.74,151,12,1,0,50,17.58
10.38,292,13,1,0,50,31.35
1.91,177,13,1,0,50,20.15
16.66,90,2,2,0,50,33.8
8.92,50,3,2,0,50,13.5
29.6,552,6,2,0,50,108.93
22.03,408,9,2,0,50,82.87
2.7,170,11,2,0,50,24.55
1.5,161,13,2,0,50,16.6
5.12,47,5,3,0,50,14.8
37.66,140,10,3,0,50,47.08
7.29,627,12,3,0,50,63.97
2.34,188,5,4,0,50,27.12
13.04,859,6,4,0,50,100.37
3.19,132,12,4,0,50,11.68
21.72,75,0,5,0,50,30.23
9.12,373,4,5,0,50,73.6
24.84,373,8,5,0,50,75.87
12.04,69,10,5,0,50,24.67
313.17,391,10,5,0,50,288.62
54.02,238,5,6,0,50,45.37
5.29,165,7,6,0,50,22.53
4.59,142,9,6,0,50,29.05
3.81,102,10,6,0,50,23.25
2.21,72,12,6,0,50,8.87
13.36,3,13,6,0,50,10.2
9.35,137,13,6,0,50,22.98
5.39,576,1,0,0,50,53.15
4.14,203,3,0,0,50,37.0
1.76,244,5,1,0,50,14.78
5.82,125,8,1,0,50,23.22
2.96,237,8,1,0,50,25.65
4.93,267,11,1,0,50,28.2
28.93,901,11,2,0,50,111.35
5.01,352,4,3,0,50,34.15
4.59,235,6,3,0,50,38.42
0.99,140,10,3,0,50,9.7
3.54,183,4,4,0,50,13.88
5.5,347,8,4,0,50,37.17
2.3,123,11,4,0,50,11.68
5.96,231,13,4,0,50,20.43
10.43,559,10,3,0,50,66.43
3.3,240,12,3,0,50,20.88
5.64,294,13,3,0,50,38.22
4.69,155,13,3,0,50,24.22
8.9,424,0,4,0,50,37.3
0.84,32,3,4,0,50,7.08
3.35,127,6,4,0,50,19.33
0.9,107,9,4,0,50,5.9
3.64,322,11,4,0,50,30.67
2.69,170,4,5,0,50,16.22
1.64,252,6,5,0,50,18.6
4.9,531,6,5,0,50,57.57
5.48,546,8,5,0,50,60.83
31.78,205,22,5,0,50,53.08
30.75,660,0,6,0,50,117.2
0.85,119,3,6,0,50,8.47
4.9,328,6,6,0,50,30.42
1.09,175,8,6,0,50,12.88
3.85,190,9,6,0,50,23.82
2.84,80,10,6,0,50,17.65
10.07,373,1,0,0,50,62.67
13.51,364,8,0,0,50,39.98
3.16,124,9,0,0,50,11.52
9.52,322,10,0,0,50,39.15
6.82,277,13,0,0,50,38.52
4.59,177,13,0,0,50,20.77
9.08,303,1,1,0,50,32.37
9.18,273,10,1,0,50,42.93
16.37,706,2,2,0,50,84.4
13.9,541,4,2,0,50,71.65
2.48,121,8,2,0,50,11.12
28.68,159,8,2,0,50,14.95
8.85,260,1,3,0,50,31.92
14.36,215,10,3,0,50,45.88
0.81,164,12,3,0,50,8.45
0.89,178,13,3,0,50,10.67
0.95,117,3,4,0,50,6.85
10.44,613,6,4,0,50,77.83
4.84,335,7,4,0,50,38.82
4.61,234,9,4,0,50,30.97
5.96,363,10,4,0,50,37.73
1.58,124,13,4,0,50,14.58
3.85,196,3,5,0,50,25.58
8.76,604,6,5,0,50,61.9
1.75,218,10,5,0,50,20.07
8.43,141,0,6,0,50,22.28
11.15,461,8,6,0,50,56.55
13.22,310,2,0,0,50,51.98
9.08,276,12,0,0,50,41.6
12.32,256,1,1,0,50,41.87
4.43,133,4,1,0,50,27.38
4.46,158,5,1,0,50,14.25
9.2,282,12,1,0,50,47.38
4.28,226,3,2,0,50,30.28
3.99,403,5,2,0,50,33.87
5.54,299,9,2,0,50,38.62
2.2,404,9,2,0,50,25.0
7.26,307,12,2,0,50,42.92
9.31,251,1,3,0,50,36.25
5.16,507,1,4,0,50,52.22
0.79,59,4,5,0,50,7.42
0.81,154,4,5,0,50,8.75
8.46,425,6,5,0,50,55.92
10.43,450,7,5,0,50,67.15
17.0,143,22,5,0,50,37.78
30.92,1244,1,6,0,50,178.2
3.58,285,7,6,0,50,28.72
1.14,74,9,6,0,50,7.13
1.23,92,10,6,0,50,11.07
0.95,62,11,6,0,50,8.92
4.36,316,9,0,0,50,34.1
2.08,248,13,0,0,50,22.62
11.95,272,1,1,0,50,44.12
1.73,131,6,1,0,50,12.07
0.63,75,7,1,0,50,6.2
18.17,624,12,1,0,50,82.28
4.75,265,2,2,0,50,33.48
4.68,384,3,2,0,50,32.17
5.96,354,4,2,0,50,36.4
18.5,89,15,2,0,50,22.65
22.0,637,16,2,0,50,57.63
7.4,939,2,3,0,50,84.22
11.99,758,4,3,0,50,63.43
10.42,670,7,3,0,50,74.08
2.97,214,8,3,0,50,30.25
10.62,401,11,3,0,50,62.13
5.12,113,9,4,0,50,33.5
1.17,74,11,4,0,50,6.7
2.26,88,3,5,0,50,16.4
3.42,328,6,5,0,50,30.08
3.29,209,10,5,0,50,19.57
4.05,240,11,5,0,50,31.22
70.07,1092,0,6,0,50,210.2
66.19,439,7,6,0,50,118.1
0.85,148,10,6,0,50,8.32
1.32,77,4,0,0,50,10.18
1.96,137,6,0,0,50,18.95
1.68,112,8,0,0,50,12.62
2.19,235,10,0,0,50,21.83
9.72,226,1,1,0,50,26.47
7.5,233,4,1,0,50,25.95
9.31,166,4,1,0,50,27.82
16.46,373,5,1,0,50,52.65
11.79,294,11,1,0,50,45.15
14.29,357,1,2,0,50,55.6
11.46,496,11,2,0,50,63.17
1.06,155,13,2,0,50,10.73
8.19,257,0,3,0,50,38.25
4.88,126,0,3,0,50,15.8
2.62,204,1,3,0,50,15.7
1.4,124,2,3,0,50,7.32
2.5,124,3,3,0,50,21.8
2.89,393,11,3,0,50,25.77
6.24,169,0,4,0,50,24.32
18.71,709,4,4,0,50,85.82
10.41,537,10,4,0,50,80.53
7.94,164,11,4,0,50,32.73
6.41,167,13,4,0,50,18.03
0.72,61,9,5,0,50,5.33
3.75,521,0,6,0,50,31.53
7.56,83,9,6,0,50,9.92
3.73,193,11,6,0,50,35.5
3.89,278,3,0,0,50,32.52
26.25,566,4,0,0,50,79.52
33.69,192,6,0,0,50,36.13
1.2,96,10,0,0,50,9.72
13.65,202,0,1,0,50,31.77
1.71,120,6,1,0,50,15.12
8.14,268,7,1,0,50,29.9
18.11,348,11,1,0,50,75.7
7.7,220,0,2,0,50,34.18
20.7,449,1,2,0,50,63.15
6.83,254,11,2,0,50,30.47
1.8,101,12,2,0,50,14.47
8.85,245,1,3,0,50,32.67
34.95,681,5,3,0,50,117.5
7.79,196,10,3,0,50,28.85
66.17,194,0,5,0,50,95.97
75.18,531,6,5,0,50,147.63
4.04,471,9,5,0,50,32.38
3.63,245,10,5,0,50,28.02
4.5,387,11,5,0,50,42.92
5.57,351,2,6,0,50,54.07
2.3,340,3,6,0,50,23.85
2.53,120,11,6,0,50,12.18
5.62,242,12,0,0,50,31.47
8.56,289,1,1,0,50,39.77
6.96,246,4,1,0,50,29.03
40.23,641,4,1,0,50,114.78
9.18,248,11,1,0,50,36.05
3.9,93,4,2,0,50,18.57
4.52,113,5,2,0,50,22.6
2.46,123,11,2,0,50,23.63
12.82,208,1,3,0,50,43.53
8.0,268,5,3,0,50,32.05
7.65,158,6,3,0,50,25.5
14.54,270,12,3,0,50,45.85
22.48,605,1,4,0,50,101.88
4.41,318,4,4,0,50,44.88
3.44,103,10,4,0,50,17.52
12.77,482,11,4,0,50,76.65
9.56,430,4,5,0,50,39.0
5.28,150,8,5,0,50,20.28
5.99,430,9,5,0,50,54.5
5.63,277,10,5,0,50,26.75
23.05,557,11,5,0,50,98.38
14.35,241,0,6,0,50,40.5
14.0,241,4,6,0,50,49.1
3.0,195,9,6,0,50,22.12
16.08,711,1,0,0,50,73.02
7.74,167,3,0,0,50,29.73
2.1,98,3,0,0,50,8.42
9.37,323,7,0,0,50,38.42
8.82,299,8,0,0,50,43.12
9.75,288,13,0,0,50,37.87
14.34,378,0,1,0,50,62.2
8.05,48,4,1,0,50,18.88
1.23,167,5,1,0,50,10.92
14.86,294,9,1,0,50,32.78
9.63,386,10,1,0,50,41.2
22.6,198,13,1,0,50,39.78
4.67,285,22,1,0,50,23.72
14.48,481,23,1,0,50,52.45
32.57,1159,3,2,0,50,162.83
3.37,241,9,2,0,50,19.97
3.86,188,11,2,0,50,33.67
9.02,257,23,2,0,50,43.55
24.42,626,6,3,0,50,106.38
9.41,289,8,3,0,50,32.55
9.6,414,9,3,0,50,52.63
56.89,1039,10,3,0,50,150.28
29.89,257,7,5,0,50,42.23
12.11,430,9,5,0,50,58.83
3.93,273,12,5,0,50,34.22
43.52,306,22,5,0,50,65.85
5.46,77,0,6,0,50,27.05
14.76,223,3,6,0,50,40.67
2.47,441,4,6,0,50,26.37
4.12,343,5,6,0,50,27.8
4.95,669,6,6,0,50,51.95
3.65,315,7,6,0,50,29.93
14.06,1209,9,6,0,50,114.73
18.49,1941,11,6,0,50,175.97
26.6,2190,2,0,0,50,194.58
8.19,788,6,0,0,50,75.23
34.8,1180,7,0,0,50,121.38
4.09,250,13,0,0,50,31.68
25.45,661,1,1,0,50,83.52
3.34,27,4,1,0,50,18.87
5.34,96,6,1,0,50,16.73
4.63,172,7,1,0,50,18.92
3.53,136,11,1,0,50,17.53
0.56,111,4,2,0,50,6.48
8.92,172,6,2,0,50,24.17
9.13,247,8,2,0,50,26.27
0.86,23,9,2,0,50,10.3
1.52,116,10,2,0,50,8.23
11.0,511,12,2,0,50,79.73
10.59,369,1,3,0,50,53.02
14.47,620,3,3,0,50,71.9
12.1,139,13,3,0,50,19.4
6.62,33,16,3,0,50,9.22
2.68,78,2,4,0,50,15.47
2.87,107,5,4,0,50,18.7
38.71,568,8,4,0,50,99.85
1.43,156,7,5,0,50,10.33
86.23,252,4,6,0,50,84.25
1.13,157,12,6,0,50,12.22
13.35,402,1,0,0,50,67.3
10.0,418,2,0,0,50,53.83
15.92,949,7,0,0,50,114.73
1.27,91,12,0,0,50,5.47
40.89,258,0,1,0,50,83.02
3.41,81,2,1,0,50,15.0
47.61,944,4,1,0,50,122.77
11.12,1168,8,1,0,50,107.58
37.0,1611,11,1,0,50,194.12
80.7,2930,1,2,0,50,413.08
5.41,623,10,2,0,50,42.65
26.23,628,0,3,0,50,117.43
1.6,37,1,3,0,50,9.92
73.76,2017,2,3,0,50,306.53
11.4,240,8,3,0,50,42.83
3.65,229,10,3,0,50,40.87
6.59,275,11,3,0,50,59.38
2.07,85,9,4,0,50,15.07
3.76,534,10,4,0,50,36.92
5.89,154,12,4,0,50,23.92
7.11,353,4,5,0,50,43.6
4.89,78,6,5,0,50,14.5
1.64,141,6,5,0,50,10.55
12.08,1003,8,5,0,50,103.85
6.73,204,10,5,0,50,29.6
18.11,16,1,6,0,50,13.98
12.13,807,5,6,0,50,74.68
2.3,58,9,6,0,50,7.57
64.63,38,12,6,0,50,47.32
2.93,80,12,0,0,50,8.23
3.44,131,1,1,0,50,19.72
2.81,109,12,1,0,50,9.75
29.62,57,13,1,0,50,27.07
253.25,68,0,2,0,50,142.98
53.35,9,2,2,0,50,31.42
10.72,306,4,2,0,50,49.72
2.2,174,11,2,0,50,21.3
1.43,128,12,2,0,50,11.88
14.28,477,23,2,0,50,63.73
11.83,584,4,3,0,50,63.2
19.64,942,5,3,0,50,114.1
1.78,155,7,3,0,50,18.28
16.08,622,23,3,0,50,67.52
17.19,647,4,4,0,50,76.88
14.46,493,0,5,0,50,50.7
16.5,555,4,5,0,50,74.4
14.33,410,0,6,0,50,55.62
17.6,662,4,6,0,50,90.15
4.73,346,7,6,0,50,29.75
14.32,567,0,0,0,50,56.43
13.5,376,8,0,0,50,52.28
13.25,405,0,1,0,50,57.95
17.57,671,4,1,0,50,85.1
8.18,86,9,1,0,50,10.43
14.45,638,23,1,0,50,76.2
18.99,618,4,2,0,50,77.08
14.79,482,0,3,0,50,66.57
17.16,512,7,3,0,50,66.45
2.31,282,10,3,0,50,22.07
13.71,353,2,4,0,50,56.42
2.56,434,4,4,0,50,28.6
16.13,408,8,4,0,50,71.62
14.23,432,0,5,0,50,56.37
28.69,410,9,5,0,50,58.58
14.3,509,0,6,0,50,60.03
15.7,489,9,6,0,50,71.12
0.91,184,10,0,0,50,10.43
13.64,344,4,1,0,50,65.75
15.55,391,10,1,0,50,73.65
13.81,363,3,2,0,50,54.33
6.57,67,10,2,0,50,13.23
0.83,71,10,2,0,50,9.33
2.13,334,11,2,0,50,23.43
13.41,218,4,3,0,50,31.28
17.14,461,10,3,0,50,70.23
14.95,327,4,4,0,50,44.17
12.5,212,9,4,0,50,37.48
6.24,733,11,4,0,50,53.7
14.01,476,0,5,0,50,78.77
12.35,449,9,5,0,50,65.72
7.17,446,12,5,0,50,55.3
3.99,136,23,5,0,50,20.08
1.31,66,0,6,0,50,7.85
4.61,80,1,6,0,50,17.17
4.27,52,2,6,0,50,13.05
11.85,122,3,6,0,50,20.88
1.42,156,0,0,0,50,12.88
40.79,580,1,0,0,50,95.82
37.79,653,5,0,0,50,100.6
13.79,933,1,1,0,50,108.25
5.77,224,3,1,0,50,29.4
13.11,500,9,1,0,50,59.22
5.67,682,13,1,0,50,46.12
9.86,300,2,2,0,50,40.65
3.84,195,8,2,0,50,23.4
11.41,205,9,2,0,50,36.78
4.26,79,11,2,0,50,21.47
5.09,120,12,2,0,50,18.72
0.6,21,13,2,0,50,6.4
34.0,290,13,2,0,50,76.18
4.41,125,17,2,0,50,14.28
6.07,456,8,3,0,50,45.25
4.97,115,11,3,0,50,13.6
2.96,130,4,4,0,50,16.73
3.1,391,6,4,0,50,36.95
0.93,114,13,4,0,50,8.35
0.83,147,14,4,0,50,7.75
13.33,248,5,6,0,50,32.22
15.46,615,8,6,0,50,59.92
12.25,713,12,6,0,50,77.78
6.55,206,7,0,0,50,28.17
0.72,137,14,0,0,50,7.25
13.43,334,0,1,0,50,47.77
11.01,257,10,1,0,50,40.77
12.98,217,4,2,0,50,34.23
18.1,582,10,2,0,50,82.13
13.71,390,1,3,0,50,59.78
15.15,377,6,3,0,50,54.87
15.77,1132,0,4,0,50,122.12
30.95,674,2,4,0,50,126.97
1.72,119,9,4,0,50,19.53
5.34,91,9,4,0,50,27.27
13.94,321,10,4,0,50,59.67
34.75,264,12,4,0,50,57.08
13.37,375,0,5,0,50,48.02
22.92,694,9,5,0,50,80.0
8.5,704,11,5,0,50,55.43
13.67,389,0,6,0,50,52.72
16.56,266,10,6,0,50,51.03
5.58,388,13,6,0,50,49.42
1.15,47,0,0,0,50,5.0
1.96,5,1,0,0,50,5.25
0.89,175,2,0,0,50,10.48
24.17,490,5,0,0,50,90.53
1.62,186,9,0,0,50,14.37
0.56,50,11,0,0,50,5.32
6.39,278,1,1,0,50,29.23
13.58,438,8,1,0,50,78.35
17.81,49,13,1,0,50,21.73
21.5,139,15,1,0,50,28.05
1.93,119,2,2,0,50,11.95
19.86,364,3,2,0,50,59.3
3.69,453,8,2,0,50,43.37
72.95,457,0,3,0,50,116.72
18.72,602,3,3,0,50,73.2
9.39,341,7,4,0,50,47.2
0.95,98,14,4,0,50,8.62
10.02,496,2,5,0,50,62.75
8.01,231,6,5,0,50,33.3
1.07,207,0,0,0,50,12.08
0.69,97,1,0,0,50,6.53
3.05,148,7,1,0,50,18.6
1.34,137,9,1,0,50,8.65
3.52,261,11,1,0,50,19.97
8.62,108,9,2,0,50,15.7
1.97,122,14,2,0,50,11.48
2.41,221,16,2,0,50,17.17
4.79,448,3,3,0,50,42.05
7.47,606,9,3,0,50,72.17
6.46,424,11,3,0,50,41.08
3.77,161,1,4,0,50,30.2
5.3,335,2,4,0,50,29.85
3.28,215,5,4,0,50,16.97
3.39,115,4,5,0,50,16.37
5.07,567,10,5,0,50,53.05
3.44,330,4,6,0,50,34.35
4.41,667,14,6,0,50,40.5
1.03,170,23,6,0,50,9.17
4.81,252,0,0,0,50,29.47
0.6,89,0,0,0,50,5.33
5.78,233,3,0,0,50,27.47
3.8,203,4,0,0,50,21.12
2.64,207,5,0,0,50,18.43
0.99,35,11,0,0,50,9.08
0.76,156,7,1,0,50,9.02
1.9,156,8,1,0,50,10.88
5.11,222,10,1,0,50,27.72
0.74,100,3,2,0,50,7.88
7.02,114,4,2,0,50,13.68
34.61,462,8,2,0,50,94.6
1357.1,151,11,2,0,50,683.77
9.34,38,0,3,0,50,10.08
3.05,67,0,3,0,50,11.2
3.49,238,10,4,0,50,26.02
4.31,203,13,4,0,50,24.42
2.49,59,7,5,0,50,10.2
1.91,47,9,5,0,50,6.0
2.95,189,11,1,0,50,27.55
0.96,66,12,1,0,50,10.82
1.04,67,8,2,0,50,10.85
6.77,228,11,3,0,50,37.4
6.2,193,12,3,0,50,40.45
4.08,113,9,4,0,50,17.92
4.37,391,10,4,0,50,49.35
0.89,88,6,5,0,50,10.65
15.7,1059,7,5,0,50,159.93
4.77,208,11,5,0,50,35.17
2.5,173,12,5,0,50,27.33
4.39,139,0,0,0,50,20.17
350.89,866,1,0,0,50,357.87
88.31,103,7,0,0,50,129.18
92.78,364,9,0,0,50,162.9
12.17,372,5,1,0,50,65.12
8.26,189,3,6,0,50,31.82
14.03,622,8,6,0,50,92.67
8.47,210,4,0,0,50,35.78
16.39,403,5,0,0,50,59.35
10.76,178,7,0,0,50,33.47
7.29,409,9,3,0,50,66.22
6.78,261,12,3,0,50,31.13
21.31,584,6,6,0,50,106.05
13.84,471,13,6,0,50,60.47
0.65,30,5,0,0,50,7.03
25.84,1205,6,0,0,50,224.03
11.02,388,10,0,0,50,55.18
118.53,220,4,2,0,50,173.73
402.36,711,8,2,0,50,421.35
12.16,112,6,4,0,50,34.9
15.25,502,11,4,0,50,71.52
2.24,181,0,5,0,50,22.15
12.97,129,6,0,0,50,36.57
8.89,346,9,0,0,50,70.87
4.72,71,12,0,0,50,13.53
20.34,693,6,5,0,50,131.07
4.13,168,8,5,0,50,27.02
13.7,545,10,5,0,50,80.6
14.51,170,11,5,0,50,40.33
7.89,198,9,6,0,50,35.67
9.28,379,10,6,0,50,75.08
1.37,94,12,6,0,50,14.58
5.98,138,6,2,0,50,31.02
2.38,135,8,2,0,50,15.77
17.11,1243,9,2,0,50,181.18
6.71,131,13,3,0,50,21.83
0.99,80,13,3,0,50,10.98
6.95,305,6,4,0,50,48.23
11.47,450,10,4,0,50,63.15
10.51,388,13,4,0,50,68.25
0.64,36,4,6,0,50,7.15
10.01,435,4,6,0,50,81.92
3.74,151,9,6,0,50,26.92
6.22,169,10,6,0,50,31.22
23.25,181,6,5,0,50,41.67
12.64,172,8,5,0,50,31.35
6.66,22,23,5,0,50,9.07
3.46,246,4,6,0,50,33.43
6.6,181,5,6,0,50,31.75
14.02,914,8,2,0,50,135.05
7.74,176,10,2,0,50,42.65
4.46,197,11,2,0,50,27.62
12.71,313,3,6,0,50,75.02
3.64,165,4,6,0,50,30.88
15.01,688,5,6,0,50,123.13
7.95,61,16,6,0,50,14.6
15.13,78,19,6,0,50,24.12
13.15,687,9,1,0,50,100.9
8.21,273,12,1,0,50,40.85
7.99,138,4,2,0,50,30.63
16.44,1225,5,2,0,50,147.03
4.49,301,9,2,0,50,45.85
9.17,316,10,2,0,50,70.67
7.95,438,12,2,0,50,61.78
8.62,184,14,2,0,50,34.23
16.63,890,1,5,0,50,161.35
5.51,417,4,5,0,50,64.27
5.2,248,5,5,0,50,46.18
3.67,272,9,1,0,50,41.45
5.03,362,10,1,0,50,58.67
6.52,214,12,1,0,50,40.6
35.77,783,1,2,0,50,154.07
31.37,1116,5,2,0,50,189.93
17.88,779,3,5,0,50,130.7
9.99,253,6,5,0,50,42.55
17.79,717,10,1,0,50,93.78
1.01,90,23,1,0,50,11.0
11.29,278,0,2,0,50,43.48
1.0,76,5,2,0,50,6.63
16.52,397,5,2,0,50,59.37
3.52,128,1,4,0,50,23.85
3.36,233,2,4,0,50,24.68
3.48,230,3,4,0,50,33.72
3.67,161,6,4,0,50,33.82
3.45,214,8,4,0,50,35.45
17.9,35,6,4,0,50,17.17
61.52,85,7,4,0,50,78.92
11.9,98,12,4,0,50,25.73
2.46,43,3,5,0,50,15.63
276.62,550,3,5,0,50,263.67
56.12,260,7,5,0,50,80.65
9.31,143,9,5,0,50,38.37
29.48,451,8,6,0,50,95.63
29.38,474,9,0,0,50,110.83
29.02,424,22,0,0,50,90.12
29.19,409,9,2,0,50,92.68
27.38,348,22,2,0,50,82.02
7.29,231,5,3,0,50,46.4
34.95,2131,6,3,0,50,315.83
29.55,435,9,4,0,50,107.33
10.93,255,6,5,0,50,55.92
29.46,561,8,0,0,50,118.5
29.76,466,22,0,0,50,100.08
9.23,204,9,1,0,50,42.5
8.21,113,10,1,0,50,28.25
28.9,418,22,1,0,50,85.27
15.62,342,9,2,0,50,65.08
4.53,84,10,2,0,50,22.83
29.26,464,22,2,0,50,98.48
2.7,66,1,3,0,50,10.35
25.63,671,4,5,0,50,143.68
35.81,927,22,6,0,50,172.58
35.73,752,8,0,0,50,145.33
29.95,379,9,1,0,50,99.17
30.65,639,23,1,0,50,128.1
4.36,156,1,2,0,50,28.33
29.32,460,22,2,0,50,114.75
30.42,457,9,3,0,50,109.33
24.21,510,9,4,0,50,88.43
4.52,38,11,4,0,50,9.17
34.31,686,9,0,0,50,135.92
31.85,555,22,0,0,50,109.33
28.34,439,22,1,0,50,93.0
30.47,510,9,3,0,50,110.1
29.94,469,22,3,0,50,92.82
3.0,143,1,4,0,50,20.25
2.71,91,2,4,0,50,15.58
7.81,430,7,5,0,50,72.5
26.28,473,22,6,0,50,87.83
29.28,414,22,0,0,50,84.92
0.8,15,0,1,0,50,6.67
3.07,87,1,1,0,50,19.17
2.93,108,1,1,0,50,16.92
26.44,367,10,2,0,50,82.55
30.17,463,22,2,0,50,105.22
31.05,528,9,3,0,50,114.25
29.7,577,9,4,0,50,118.67
29.21,560,22,6,0,50,106.85
8.35,242,9,0,0,50,40.58
11.27,194,10,0,0,50,39.42
3.9,99,6,1,0,50,32.6
4.18,113,7,1,0,50,24.67
9.73,263,9,1,0,50,45.67
6.74,114,10,1,0,50,25.75
9.2,186,22,2,0,50,38.75
5.95,269,0,3,0,50,35.92
15.38,386,9,3,0,50,66.0
29.69,483,22,3,0,50,97.85
5.98,219,2,4,0,50,43.0
29.73,564,9,1,0,50,112.83
27.56,496,22,1,0,50,90.92
40.17,859,22,2,0,50,196.33
29.85,520,9,3,0,50,133.08
29.17,488,22,3,0,50,98.83
9.86,99,6,5,0,50,30.67
7.99,462,7,5,0,50,79.0
29.28,510,22,0,0,50,104.75
7.45,426,9,1,0,50,71.42
26.96,321,0,2,0,50,61.63
8.16,215,1,2,0,50,35.25
5.58,95,2,2,0,50,21.08
18.57,223,9,2,0,50,58.8
4.65,38,12,2,0,50,12.5
12.98,124,23,2,0,50,41.5
20.12,340,5,4,0,50,83.43
7.06,196,7,4,0,50,33.0
11.53,213,8,4,0,50,44.2
3.27,207,10,4,0,50,28.5
26.21,260,12,4,0,50,71.17
30.7,780,9,0,0,50,149.72
29.62,471,22,0,0,50,98.72
0.82,45,2,1,0,50,6.17
1.02,72,2,1,0,50,10.92
29.83,497,10,1,0,50,119.5
29.35,423,22,1,0,50,94.33
30.03,483,9,2,0,50,118.83
29.96,544,9,3,0,50,114.85
29.28,411,22,3,0,50,90.05
1.36,39,8,4,0,50,8.17
30.67,505,9,0,0,50,109.28
31.27,537,22,0,0,50,102.48
30.77,654,9,1,0,50,117.75
29.35,513,22,1,0,50,98.48
1.8,133,5,1,0,50,14.1
1.61,149,12,1,0,50,17.63
4.31,232,22,1,0,50,30.52
17.49,146,23,1,0,50,33.08
16.71,181,13,2,0,50,33.68
4.0,130,23,2,0,50,21.18
17.28,73,23,2,0,50,26.82
19.69,344,14,3,0,50,69.85
16.68,536,0,4,0,50,87.82
23.91,798,13,4,0,50,101.9
20.1,176,23,6,0,50,52.0
17.21,117,23,1,0,50,34.87
20.07,208,23,2,0,50,50.32
21.64,242,22,5,0,50,60.8
23.19,205,9,6,0,50,47.6
4.2,179,22,6,0,50,26.42
17.26,89,23,6,0,50,31.98
23.45,325,9,0,0,50,67.38
25.05,508,9,1,0,50,86.2
21.53,256,23,2,0,50,59.33
22.94,413,22,3,0,50,60.23
4.02,194,22,6,0,50,32.17
17.31,128,23,6,0,50,30.83
23.69,293,9,0,0,50,60.17
17.3,133,23,0,0,50,30.17
21.84,380,23,3,0,50,82.58
22.51,254,9,4,0,50,55.65
17.33,153,23,0,0,50,32.53
26.11,199,9,1,0,50,54.68
21.95,407,22,1,0,50,70.0
22.43,214,9,2,0,50,52.53
23.28,297,9,3,0,50,58.77
7.66,66,0,4,0,50,17.8
17.37,137,23,6,0,50,38.02
22.07,147,9,0,0,50,54.83
20.37,228,23,0,0,50,53.58
16.03,384,7,1,0,50,71.63
17.49,187,23,1,0,50,41.8
4.0,148,22,2,0,50,24.05
17.46,115,23,2,0,50,28.95
16.85,158,11,3,0,50,33.4
7.07,126,12,3,0,50,20.17
20.42,266,23,3,0,50,50.43
22.52,186,9,4,0,50,50.57
22.54,441,22,6,0,50,76.48
22.02,94,9,0,0,50,44.82
1.31,103,10,0,0,50,13.78
22.82,438,23,1,0,50,52.02
23.63,283,9,2,0,50,61.37
2.23,154,2,1,0,50,9.2
5.73,322,2,1,0,50,24.32
2.84,100,4,1,0,50,10.43
2.74,176,6,1,0,50,12.93
1.24,31,12,1,0,50,5.72
2.06,140,16,1,0,50,11.22
1.93,124,0,2,0,50,8.42
3.28,178,5,2,0,50,19.8
2.19,111,8,2,0,50,19.97
2.25,115,9,2,0,50,10.75
1.84,86,10,2,0,50,7.85
1.86,113,16,2,0,50,9.83
1.75,82,0,3,0,50,6.83
2.18,153,1,3,0,50,14.82
1.59,108,2,3,0,50,6.25
1.61,92,3,3,0,50,9.07
1.66,129,4,3,0,50,10.22
2.1,111,8,3,0,50,21.32
1.69,122,10,3,0,50,10.58
1.82,113,10,3,0,50,9.98
4.92,128,14,3,0,50,15.77
1.53,117,15,3,0,50,10.7
7.85,312,21,3,0,50,32.88
0.92,79,5,4,0,50,7.17
1.62,93,5,4,0,50,6.88
7.84,627,6,4,0,50,63.95
2.42,202,9,4,0,50,16.07
2.5,201,10,4,0,50,16.73
2.18,107,16,4,0,50,8.97
2.71,156,0,5,0,50,16.32
6.47,253,1,5,0,50,22.98
13.1,592,2,5,0,50,72.8
34.0,502,3,5,0,50,81.33
3.51,62,6,5,0,50,11.38
2.05,75,9,5,0,50,6.48
2.34,71,10,5,0,50,7.1
38.6,228,11,5,0,50,58.57
34.88,352,12,5,0,50,71.02
1.14,109,8,6,0,50,13.67
32.59,193,9,6,0,50,51.28
3.54,139,11,6,0,50,21.38
1.89,95,15,6,0,50,8.03
2.51,68,23,6,0,50,15.55
3.42,259,12,0,0,50,22.23
1.09,67,3,1,0,50,6.5
6.8,506,6,1,0,50,61.37
2.37,136,9,1,0,50,13.67
7.25,367,11,1,0,50,36.1
2.05,104,12,1,0,50,8.48
1.53,89,15,1,0,50,7.53
3.74,321,0,2,0,50,28.8
1.07,61,1,2,0,50,6.35
7.58,572,2,2,0,50,48.52
2.3,87,4,2,0,50,8.38
1.37,51,4,2,0,50,8.75
2.13,150,4,2,0,50,12.02
1.92,94,4,2,0,50,8.78
1.94,94,5,2,0,50,7.5
1.95,136,5,2,0,50,12.9
13.84,800,6,2,0,50,79.87
3.33,201,9,2,0,50,19.1
9.41,557,9,2,0,50,54.63
7.94,346,14,2,0,50,35.88
2.12,63,16,2,0,50,7.55
12.84,508,0,3,0,50,55.85
3.17,193,2,3,0,50,14.88
14.77,522,6,3,0,50,68.77
1.71,85,9,3,0,50,8.53
1.89,81,10,3,0,50,8.7
2.15,84,16,3,0,50,9.92
4.85,202,0,4,0,50,34.9
3.53,80,3,4,0,50,6.67
28.91,189,3,4,0,50,42.52
0.98,101,5,4,0,50,6.98
5.27,319,6,4,0,50,34.57
5.8,446,8,4,0,50,45.5
1.51,160,10,4,0,50,13.68
3.29,125,11,4,0,50,15.52
32.9,243,1,5,0,50,51.3
17.05,370,2,5,0,50,51.67
114.8,368,3,5,0,50,156.55
5.7,398,6,5,0,50,53.87
8.74,277,0,6,0,50,43.97
7.92,669,1,6,0,50,79.47
15.7,669,5,0,0,50,111.62
3.68,282,8,0,0,50,30.85
10.12,334,10,1,0,50,46.3
3.79,149,6,3,0,50,30.43
4.68,104,8,3,0,50,15.43
7.88,213,2,4,0,50,27.95
7.2,262,6,4,0,50,34.03
122.02,389,1,5,0,50,167.27
33.32,276,4,5,0,50,63.48
1.35,61,10,5,0,50,9.0
2.13,121,10,5,0,50,12.23
0.95,77,12,5,0,50,9.55
34.46,301,0,6,0,50,66.37
2.02,161,2,6,0,50,15.62
1.62,75,3,6,0,50,6.33
1.98,98,4,6,0,50,13.97
21.07,1289,9,6,0,50,137.02
3.23,188,12,6,0,50,20.92
4.46,281,16,6,0,50,27.2
3.38,258,1,0,0,50,21.68
2.42,125,6,0,0,50,12.28
3.56,129,7,0,0,50,16.95
35.42,493,8,0,0,50,76.5
3.07,318,0,1,0,50,33.53
2.19,66,4,1,0,50,10.53
4.62,290,4,1,0,50,31.05
3.16,235,9,1,0,50,22.07
1.82,173,11,1,0,50,15.27
2.36,90,13,1,0,50,8.5
2.8,228,11,2,0,50,29.75
1.51,105,13,2,0,50,10.65
2.27,144,0,3,0,50,19.57
19.06,1188,4,3,0,50,162.65
34.36,329,10,3,0,50,62.5
3.35,157,12,3,0,50,18.13
2.58,152,15,3,0,50,23.23
4.24,324,0,4,0,50,30.35
1.55,66,3,4,0,50,8.72
4.84,227,4,4,0,50,23.43
3.47,212,5,4,0,50,19.98
1.87,67,9,4,0,50,6.78
1.75,112,10,4,0,50,8.97
2.75,167,11,4,0,50,22.87
7.71,529,12,4,0,50,63.6
20.61,434,0,5,0,50,61.55
1.33,109,3,5,0,50,14.1
24.27,1022,3,5,0,50,134.02
4.24,298,7,5,0,50,36.22
2.66,130,9,5,0,50,14.37
2.53,123,14,5,0,50,14.87
3.84,146,2,6,0,50,16.58
3.46,155,6,6,0,50,18.7
1.74,68,9,6,0,50,6.07
1.5,93,10,6,0,50,9.67
2.77,160,16,6,0,50,13.13
4.21,266,1,0,0,50,28.12
7.06,288,2,0,0,50,36.13
4.93,231,4,0,0,50,30.3
2.6,151,5,0,0,50,11.57
3.23,270,9,0,0,50,33.47
3.45,155,16,0,0,50,16.2
2.96,257,0,1,0,50,25.32
1.55,70,3,1,0,50,6.98
1.66,103,3,1,0,50,10.47
1.59,113,5,1,0,50,11.07
2.32,77,6,1,0,50,12.37
1.6,72,9,1,0,50,6.73
2.47,161,10,1,0,50,15.65
5.22,162,16,1,0,50,21.38
4.13,300,1,2,0,50,26.68
5.39,256,3,2,0,50,37.45
1.82,134,9,2,0,50,12.65
1.72,84,10,2,0,50,11.02
2.49,149,17,2,0,50,14.23
2.66,167,0,3,0,50,23.28
1.58,66,4,3,0,50,6.92
1.81,104,4,3,0,50,9.33
2.63,151,17,3,0,50,14.27
2.54,166,1,4,0,50,23.67
2.0,111,3,4,0,50,22.1
1.62,119,5,4,0,50,12.05
3.61,153,6,4,0,50,19.25
5.34,138,6,4,0,50,27.6
4.16,140,9,4,0,50,14.25
1.75,86,10,4,0,50,9.38
1.88,139,10,4,0,50,16.17
2.15,154,11,4,0,50,20.05
1.42,93,12,4,0,50,10.45
3.42,210,14,4,0,50,26.37
3.11,147,2,5,0,50,14.35
2.29,76,3,5,0,50,6.52
13.44,919,3,5,0,50,105.75
4.12,351,5,5,0,50,40.45
2.32,149,8,5,0,50,15.93
0.88,115,8,5,0,50,8.68
12.3,858,9,5,0,50,102.35
8.67,546,12,5,0,50,72.22
2.43,83,14,5,0,50,12.48
7.65,433,2,6,0,50,36.05
7.15,419,3,6,0,50,45.4
7.89,774,4,6,0,50,92.12
1.57,89,9,6,0,50,8.52
3.15,193,9,6,0,50,17.43
2.44,99,16,6,0,50,13.52
2.46,118,0,0,0,50,19.28
3.16,228,3,0,0,50,29.0
4.34,341,5,0,0,50,37.52
2.55,112,6,0,0,50,13.38
1.68,80,9,0,0,50,7.17
1.76,115,10,0,0,50,10.88
2.55,158,17,0,0,50,15.68
3.26,172,1,1,0,50,22.03
3.3,167,3,1,0,50,24.7
1.81,117,9,1,0,50,8.03
1.2,85,10,1,0,50,8.32
7.13,626,14,1,0,50,64.28
1.28,64,1,2,0,50,6.83
2.16,177,3,2,0,50,23.47
41.4,1226,4,2,0,50,183.15
1.56,102,9,2,0,50,9.78
1.87,126,10,2,0,50,11.62
2.83,236,10,2,0,50,21.78
2.65,145,14,2,0,50,18.88
3.28,182,0,3,0,50,15.27
4.18,256,2,3,0,50,28.35
2.26,127,3,3,0,50,13.05
2.43,187,5,3,0,50,19.85
1.13,97,9,3,0,50,5.48
1.9,121,10,3,0,50,10.47
2.3,96,17,3,0,50,12.78
3.91,242,0,4,0,50,19.38
4.28,261,4,4,0,50,26.88
8.29,306,9,4,0,50,30.2
4.77,298,10,4,0,50,22.27
16.66,204,14,4,0,50,30.7
2.98,113,16,4,0,50,13.38
2.78,151,23,4,0,50,20.75
1.01,52,3,5,0,50,6.1
46.55,645,3,5,0,50,131.45
40.49,395,9,5,0,50,86.8
1.94,97,10,5,0,50,9.67
3.38,187,1,6,0,50,24.08
2.13,95,4,6,0,50,9.48
6.2,149,5,6,0,50,14.27
1.12,84,7,6,0,50,9.2
1.62,79,10,6,0,50,7.5
5.67,516,10,6,0,50,57.82
2.29,128,17,6,0,50,14.12
2.61,177,0,0,0,50,21.15
2.41,150,3,0,0,50,19.8
3.31,106,4,0,0,50,12.7
2.23,167,10,0,0,50,21.07
2.26,98,15,0,0,50,12.85
4.24,261,0,1,0,50,27.98
3.01,144,4,1,0,50,13.38
1.98,145,4,1,0,50,11.68
1.45,90,6,1,0,50,12.83
1.74,90,8,1,0,50,12.55
2.37,107,15,1,0,50,11.87
2.89,184,0,2,0,50,18.73
1.86,137,3,2,0,50,13.38
1.64,112,4,2,0,50,10.15
2.34,105,5,2,0,50,11.77
4.76,201,6,2,0,50,20.42
9.2,579,9,2,0,50,75.48
2.65,113,19,2,0,50,13.93
2.46,82,1,3,0,50,12.32
2.14,87,3,3,0,50,8.57
2.51,186,6,3,0,50,16.98
2.19,129,10,3,0,50,14.32
1.66,112,18,3,0,50,10.47
17.1,347,1,4,0,50,51.72
4.04,162,2,4,0,50,18.3
19.55,613,3,4,0,50,83.93
9.84,432,11,4,0,50,49.73
33.04,293,12,4,0,50,71.38
17.01,979,0,5,0,50,121.9
13.4,736,2,5,0,50,123.63
6.92,388,5,5,0,50,58.28
8.82,377,10,5,0,50,66.9
0.9,84,1,6,0,50,9.05
2.83,148,4,6,0,50,24.37
37.41,602,9,6,0,50,117.88
3.41,149,12,6,0,50,18.22
2.59,165,18,6,0,50,17.53
3.66,112,0,0,0,50,18.35
5.17,280,3,0,0,50,40.47
2.46,95,5,0,0,50,12.28
3.91,130,10,0,0,50,18.65
1.15,86,11,0,0,50,9.43
2.48,112,17,0,0,50,13.58
3.41,211,1,1,0,50,20.97
3.95,234,4,1,0,50,37.58
14.53,508,9,1,0,50,72.52
1.53,106,11,1,0,50,10.4
7.98,132,12,1,0,50,21.4
2.38,96,17,1,0,50,16.58
2.62,119,0,2,0,50,19.72
3.81,184,3,2,0,50,33.67
1.71,87,5,2,0,50,9.95
2.67,118,6,2,0,50,14.0
1.9,99,9,2,0,50,12.15
1.92,135,10,2,0,50,15.37
1.47,90,15,2,0,50,8.85
0.89,63,16,2,0,50,7.1
3.54,264,0,3,0,50,21.27
8.95,218,2,3,0,50,33.67
8.7,228,5,3,0,50,30.98
6.74,471,7,3,0,50,50.43
3.7,194,8,3,0,50,25.7
8.24,273,9,3,0,50,40.52
2.42,155,17,3,0,50,15.28
4.53,266,1,4,0,50,34.35
0.68,74,5,4,0,50,7.22
2.7,138,5,4,0,50,12.88
2.58,132,5,4,0,50,12.98
9.32,213,10,4,0,50,20.72
35.0,319,11,4,0,50,62.17
32.47,223,0,5,0,50,69.33
6.76,293,3,5,0,50,48.93
11.86,574,4,5,0,50,93.33
6.76,265,7,5,0,50,36.27
36.38,524,8,5,0,50,106.02
7.37,272,1,6,0,50,29.65
5.15,244,1,6,0,50,28.73
2.98,168,9,6,0,50,31.45
32.88,197,10,6,0,50,47.22
3.7,198,12,6,0,50,21.32
2.45,170,18,6,0,50,17.07
2.44,109,1,0,0,50,12.33
1.81,50,4,0,0,50,9.5
1.63,85,4,0,0,50,10.38
2.42,115,5,0,0,50,12.2
2.4,115,16,0,0,50,16.77
1.84,138,0,1,0,50,10.65
20.67,441,2,1,0,50,69.63
1.81,129,10,1,0,50,11.72
2.16,128,2,2,0,50,12.03
6.43,210,4,2,0,50,44.6
9.13,333,6,2,0,50,65.72
2.68,64,8,2,0,50,11.3
1.46,104,10,2,0,50,11.73
1.65,89,16,2,0,50,10.22
1.7,100,2,3,0,50,8.0
1.42,96,4,3,0,50,8.33
1.78,130,4,3,0,50,12.25
23.59,156,9,3,0,50,32.58
2.15,86,10,3,0,50,17.13
1.18,47,10,3,0,50,6.18
1.81,95,16,3,0,50,9.5
2.3,87,2,4,0,50,8.43
1.9,117,3,4,0,50,15.02
4.51,323,5,4,0,50,36.52
5.15,285,9,4,0,50,36.7
32.76,321,12,4,0,50,75.37
12.03,313,23,4,0,50,77.53
8.48,410,1,5,0,50,60.95
1.98,68,3,5,0,50,11.5
2.9,115,23,5,0,50,17.22
6.85,454,23,5,0,50,51.58
33.02,319,0,6,0,50,73.02
9.65,171,2,6,0,50,26.28
5.27,187,5,6,0,50,34.2
2.08,80,6,6,0,50,7.67
7.73,484,8,6,0,50,55.67
1.63,56,10,6,0,50,8.05
1.74,115,10,6,0,50,10.58
20.72,1665,17,6,0,50,216.3
2.38,147,0,0,0,50,19.28
4.05,243,3,0,0,50,22.2
4.58,350,5,0,0,50,38.12
6.1,373,9,0,0,50,42.78
2.51,149,10,0,0,50,12.03
5.28,140,17,0,0,50,10.93
2.57,145,0,1,0,50,16.85
6.64,289,3,1,0,50,41.8
7.85,441,5,1,0,50,65.75
8.65,616,9,1,0,50,75.97
2.33,132,16,1,0,50,14.37
2.7,224,0,2,0,50,19.65
1.8,95,4,2,0,50,11.53
1.58,123,4,2,0,50,12.17
2.8,147,6,2,0,50,12.75
1.08,56,10,2,0,50,9.37
1.46,108,0,3,0,50,9.67
9.06,396,3,3,0,50,54.35
2.59,162,5,3,0,50,14.33
7.8,277,10,3,0,50,55.6
5.29,488,11,3,0,50,46.93
5.07,252,15,3,0,50,24.85
2.32,120,17,3,0,50,13.2
2.7,214,1,4,0,50,17.95
1.61,92,4,4,0,50,10.57
2.76,167,5,4,0,50,14.25
4.24,347,9,4,0,50,41.42
3.74,151,10,4,0,50,19.2
31.88,177,12,4,0,50,49.43
5.79,364,1,5,0,50,51.88
4.24,303,7,5,0,50,36.02
3.89,279,9,5,0,50,32.77
5.39,233,1,6,0,50,30.83
6.0,234,2,6,0,50,28.28
8.12,362,4,6,0,50,67.7
1.45,65,5,6,0,50,8.7
14.63,893,0,0,0,50,94.18
16.23,880,2,0,0,50,95.7
8.99,642,6,0,0,50,95.53
29.81,122,9,0,0,50,40.82
3.72,222,11,0,0,50,23.58
4.75,279,2,1,0,50,28.22
11.51,368,3,1,0,50,54.05
10.14,183,6,1,0,50,38.78
5.82,268,8,1,0,50,29.88
2.28,128,15,1,0,50,15.37
3.25,233,1,2,0,50,26.82
4.89,326,4,2,0,50,39.55
5.42,355,10,2,0,50,51.23
1.99,119,16,2,0,50,11.5
3.77,184,1,3,0,50,19.97
1.94,134,2,3,0,50,17.47
3.35,211,3,3,0,50,30.6
22.8,425,5,3,0,50,78.82
11.26,331,7,3,0,50,41.22
7.56,72,10,3,0,50,20.13
3.96,305,11,3,0,50,35.7
5.12,446,13,3,0,50,56.47
2.51,153,18,3,0,50,15.9
2.75,121,0,4,0,50,13.37
44.03,302,7,4,0,50,83.32
34.44,274,13,4,0,50,59.62
1.73,104,17,4,0,50,9.55
4.6,202,5,5,0,50,26.57
1.58,161,6,5,0,50,17.25
44.82,302,7,5,0,50,84.78
34.53,302,13,5,0,50,69.15
1.86,117,17,5,0,50,9.53
1.99,112,0,6,0,50,10.3
43.58,266,7,6,0,50,75.65
34.28,276,13,6,0,50,66.63
2.06,107,17,6,0,50,10.8
2.67,161,5,0,0,50,21.72
1.26,105,5,0,0,50,10.85
43.87,201,7,0,0,50,70.03
34.56,292,13,0,0,50,64.03
1.75,72,14,0,0,50,8.1
42.74,99,22,0,0,50,50.07
38.93,199,5,1,0,50,61.82
1.62,87,9,1,0,50,10.75
1.89,166,10,1,0,50,14.4
3.47,134,11,1,0,50,21.25
32.72,347,12,1,0,50,84.15
3.23,105,0,2,0,50,16.08
30.76,141,7,2,0,50,45.4
2.73,125,9,2,0,50,15.2
1.51,104,9,2,0,50,9.32
1.64,129,10,2,0,50,12.27
3.38,242,16,2,0,50,27.62
2.82,171,0,3,0,50,17.63
10.43,588,4,3,0,50,75.42
1.16,98,7,3,0,50,10.57
0.98,102,9,3,0,50,8.42
1.73,115,10,3,0,50,11.42
2.26,115,19,3,0,50,13.03
2.87,237,0,4,0,50,21.87
2.56,121,4,4,0,50,13.4
3.13,143,4,4,0,50,13.28
2.66,244,9,4,0,50,30.75
2.73,144,17,4,0,50,16.27
1.6,95,1,5,0,50,6.05
1.76,127,10,5,0,50,15.57
1.79,103,17,5,0,50,8.32
0.86,60,17,5,0,50,6.02
9.28,246,0,6,0,50,23.97
41.46,744,2,6,0,50,134.98
5.95,223,4,6,0,50,25.92
32.36,168,10,6,0,50,47.6
3.57,149,11,6,0,50,23.2
2.37,113,20,6,0,50,12.05
2.32,113,1,0,0,50,12.78
1.67,77,4,0,0,50,11.0
2.29,137,4,0,0,50,12.12
1.08,74,7,0,0,50,10.27
1.05,33,7,0,0,50,5.17
8.13,470,8,0,0,50,64.42
1.76,103,9,0,0,50,9.95
4.16,135,10,0,0,50,19.08
2.43,131,15,0,0,50,12.27
4.12,286,23,0,0,50,20.13
2.87,193,4,1,0,50,22.42
2.37,125,16,1,0,50,13.08
2.01,95,2,2,0,50,7.67
3.93,176,3,2,0,50,20.57
9.94,450,3,2,0,50,68.95
1.78,79,10,2,0,50,9.07
2.24,99,10,2,0,50,16.63
2.4,131,17,2,0,50,15.98
2.32,165,1,3,0,50,18.35
1.9,134,3,3,0,50,13.67
2.38,163,4,3,0,50,11.58
1.98,170,10,3,0,50,20.68
2.6,183,18,3,0,50,14.42
1.4,100,2,4,0,50,5.65
2.85,155,3,4,0,50,11.43
1.58,92,5,4,0,50,6.95
2.02,89,6,4,0,50,10.37
1.84,117,9,4,0,50,11.73
1.74,91,10,4,0,50,10.4
2.08,92,17,4,0,50,10.12
10.95,298,0,5,0,50,31.93
5.35,583,2,5,0,50,58.0
9.2,293,4,5,0,50,48.03
3.52,187,11,5,0,50,22.47
33.36,409,12,5,0,50,69.77
3.33,130,16,5,0,50,30.48
2.49,59,17,5,0,50,13.92
13.86,700,2,6,0,50,114.5
32.06,188,6,6,0,50,53.52
3.67,189,8,6,0,50,20.52
4.11,328,9,6,0,50,42.3
1.75,80,14,6,0,50,7.97
45.38,270,21,6,0,50,72.27
38.77,194,5,0,0,50,56.4
5.01,251,9,0,0,50,40.2
2.01,90,18,0,0,50,12.43
3.13,215,0,1,0,50,19.13
1.23,51,4,1,0,50,10.25
1.79,103,5,1,0,50,15.27
1.0,63,10,1,0,50,7.7
3.12,106,10,1,0,50,13.25
2.36,91,18,1,0,50,13.28
4.13,159,0,2,0,50,25.47
1.81,120,3,2,0,50,12.12
1.65,84,3,2,0,50,11.13
2.19,49,5,2,0,50,8.52
15.06,549,10,2,0,50,72.17
2.39,166,17,2,0,50,9.3
3.03,107,1,3,0,50,18.7
3.89,166,9,3,0,50,26.55
5.31,307,10,3,0,50,43.22
1.67,96,16,3,0,50,8.27
2.92,72,0,4,0,50,8.98
11.55,878,1,4,0,50,124.2
2.01,118,7,4,0,50,10.65
3.63,175,8,4,0,50,21.92
30.36,189,9,4,0,50,48.87
32.74,258,0,5,0,50,73.65
1.18,69,2,5,0,50,11.78
0.6,65,2,5,0,50,6.03
0.96,53,6,5,0,50,5.03
9.47,352,6,5,0,50,43.93
1.88,89,1,6,0,50,15.45
0.91,41,9,6,0,50,5.38
4.93,386,10,6,0,50,40.25
1.67,87,17,6,0,50,10.18
1.68,35,2,0,0,50,7.13
3.45,191,6,0,0,50,37.68
1.11,73,9,0,0,50,8.5
1.08,66,10,0,0,50,7.47
3.35,130,17,0,0,50,19.8
2.45,107,1,1,0,50,19.07
0.95,54,4,1,0,50,7.05
1.04,71,4,1,0,50,8.47
3.35,144,10,1,0,50,30.05
2.34,92,19,1,0,50,15.33
2.5,101,1,2,0,50,18.6
8.77,232,4,2,0,50,37.32
3.28,134,6,2,0,50,19.23
1.25,94,10,2,0,50,7.62
1.09,84,11,2,0,50,9.02
2.41,103,15,2,0,50,14.87
2.36,117,1,3,0,50,16.65
1.56,81,10,3,0,50,11.08
1.87,125,10,3,0,50,15.37
2.45,121,1,4,0,50,18.47
1.88,98,4,4,0,50,14.13
2.1,116,5,4,0,50,13.15
5.62,174,5,4,0,50,30.68
2.64,105,18,4,0,50,13.52
2.39,110,2,5,0,50,15.3
3.28,252,11,5,0,50,32.25
2.31,59,18,5,0,50,13.6
2.64,97,2,6,0,50,12.88
3.91,209,5,6,0,50,21.08
1.76,89,16,6,0,50,8.98
1.76,56,3,0,0,50,6.55
7.83,562,4,0,0,50,85.47
4.33,230,9,0,0,50,45.55
2.33,142,17,0,0,50,16.82
2.89,169,1,1,0,50,26.47
4.09,293,4,1,0,50,43.95
3.14,156,7,1,0,50,24.35
2.42,139,18,1,0,50,17.32
6.11,168,2,2,0,50,29.03
0.88,61,2,2,0,50,8.6
2.82,177,3,2,0,50,30.97
0.84,41,4,2,0,50,5.68
2.23,87,6,2,0,50,12.07
1.18,70,16,2,0,50,7.1
1.16,64,2,3,0,50,7.72
5.98,250,3,3,0,50,44.37
1.58,135,10,3,0,50,13.88
2.75,122,19,3,0,50,18.43
2.18,107,1,4,0,50,13.17
7.97,562,4,4,0,50,68.7
1.76,79,9,4,0,50,10.4
1.78,104,9,4,0,50,13.37
2.78,163,23,4,0,50,21.73
1.65,73,5,5,0,50,8.78
1.61,122,11,5,0,50,17.13
1.38,62,19,5,0,50,8.73
2.15,121,10,6,0,50,17.18
1.17,53,10,6,0,50,7.2
4.14,169,12,6,0,50,29.02
2.78,130,13,6,0,50,14.67
2.22,95,17,6,0,50,11.85
2.4,126,1,0,0,50,19.82
4.8,346,3,0,0,50,46.38
3.29,63,7,0,0,50,18.83
0.96,76,10,0,0,50,7.32
2.37,135,16,0,0,50,19.17
4.32,273,1,1,0,50,35.28
5.04,349,4,1,0,50,49.77
2.37,152,22,1,0,50,15.78
1.28,50,1,2,0,50,6.8
2.54,183,16,2,0,50,19.68
2.43,162,0,3,0,50,27.72
19.42,718,6,3,0,50,113.87
14.14,252,12,3,0,50,52.52
1.7,105,14,3,0,50,9.72
1.99,117,2,4,0,50,9.65
1.77,93,4,4,0,50,9.57
1.63,99,5,4,0,50,10.62
5.23,260,9,4,0,50,51.22
3.59,162,10,4,0,50,19.58
32.27,223,12,4,0,50,67.22
0.8,18,8,5,0,50,7.02
2.76,169,10,5,0,50,24.82
4.14,196,0,6,0,50,32.07
3.0,123,4,6,0,50,23.3
1.18,76,9,6,0,50,12.92
31.52,247,10,6,0,50,58.32
4.78,294,12,6,0,50,47.22
2.9,239,16,6,0,50,32.17
2.99,183,17,6,0,50,24.53
1.44,140,0,0,0,50,16.82
7.83,209,1,0,0,50,28.55
17.48,709,3,0,0,50,126.35
2.27,199,17,0,0,50,13.4
7.82,374,0,1,0,50,65.4
1.5,77,3,1,0,50,8.7
1.84,121,4,1,0,50,14.27
6.68,408,10,1,0,50,52.0
2.87,228,15,1,0,50,27.28
2.48,101,1,2,0,50,19.27
2.35,152,14,2,0,50,14.82
10.09,259,0,3,0,50,42.27
3.55,171,1,3,0,50,27.58
6.42,354,2,3,0,50,41.45
10.89,379,6,3,0,50,40.32
1.1,61,9,3,0,50,6.13
3.72,194,9,3,0,50,31.97
7.28,377,2,4,0,50,45.3
2.32,94,3,4,0,50,15.02
6.59,298,5,4,0,50,42.53
32.5,242,6,4,0,50,69.98
2.85,71,2,5,0,50,14.97
5.02,147,7,5,0,50,26.65
1.46,56,9,5,0,50,11.72
1.29,60,9,5,0,50,7.38
7.08,344,10,5,0,50,74.32
3.68,220,12,5,0,50,27.93
2.32,197,17,5,0,50,23.5
3.73,256,0,6,0,50,26.72
8.9,216,1,6,0,50,32.78
11.78,413,3,6,0,50,58.57
4.36,158,5,6,0,50,16.88
1.9,114,9,6,0,50,13.6
1.94,126,12,6,0,50,17.12
2.42,166,18,6,0,50,15.75
2.46,113,1,0,0,50,18.72
2.52,113,3,0,0,50,10.72
1.66,133,4,0,0,50,11.98
5.94,228,5,0,0,50,31.75
9.7,376,9,0,0,50,45.52
10.31,470,12,0,0,50,64.3
2.96,184,16,0,0,50,19.93
2.52,114,0,1,0,50,12.68
6.03,265,3,1,0,50,46.62
2.55,138,6,1,0,50,15.75
2.32,144,15,1,0,50,14.07
2.28,120,0,2,0,50,16.32
1.96,90,3,2,0,50,8.47
1.83,116,3,2,0,50,11.8
1.18,74,9,2,0,50,11.13
6.33,446,9,2,0,50,62.83
2.08,156,14,2,0,50,14.92
1.26,101,16,2,0,50,9.57
1.55,107,3,3,0,50,7.97
2.17,92,4,3,0,50,9.92
5.15,281,4,3,0,50,32.9
1.42,98,9,3,0,50,8.03
1.99,116,10,3,0,50,13.87
68.61,356,11,3,0,50,115.17
30.98,169,1,4,0,50,49.4
1.96,61,3,4,0,50,9.23
3.13,145,4,4,0,50,20.17
2.64,118,5,4,0,50,16.2
3.95,221,11,4,0,50,24.43
32.17,185,12,4,0,50,60.82
2.17,193,4,5,0,50,25.07
2.79,107,8,5,0,50,22.95
1.4,59,10,5,0,50,8.68
1.4,143,11,5,0,50,15.27
5.01,200,1,6,0,50,26.82
2.57,68,1,6,0,50,14.73
2.88,122,4,6,0,50,22.02
2.44,56,8,6,0,50,13.13
2.41,111,10,6,0,50,17.8
32.63,189,10,6,0,50,56.27
3.53,221,12,6,0,50,26.07
2.47,120,15,6,0,50,17.23
2.32,159,0,0,0,50,16.93
1.53,104,10,0,0,50,8.08
1.85,130,10,0,0,50,11.68
2.58,157,13,0,0,50,17.85
10.16,239,0,1,0,50,43.1
8.18,137,2,1,0,50,23.7
1.45,77,3,1,0,50,10.05
1.5,93,4,1,0,50,10.78
2.55,122,5,1,0,50,11.52
4.86,366,9,1,0,50,48.07
2.29,122,16,1,0,50,16.18
4.38,99,0,2,0,50,23.18
1.7,109,4,2,0,50,10.83
8.46,549,6,2,0,50,64.2
3.83,242,9,2,0,50,34.07
2.31,83,15,2,0,50,16.75
2.43,74,0,3,0,50,19.85
3.64,78,2,3,0,50,24.83
1.1,78,6,3,0,50,11.83
7.96,167,8,3,0,50,25.58
1.57,44,14,3,0,50,8.17
8.02,191,14,3,0,50,34.37
8.92,89,22,3,0,50,20.92
1.38,22,7,4,0,50,5.92
3.52,201,16,4,0,50,25.92
5.68,388,0,5,0,50,50.17
14.53,150,3,5,0,50,43.5
17.38,538,8,5,0,50,98.58
28.58,283,7,6,0,50,79.67
2.82,96,13,6,0,50,21.75
4.44,127,0,0,0,50,26.83
2.26,108,3,0,0,50,17.75
2.08,84,4,0,0,50,13.6
2.68,91,6,0,0,50,16.33
1.66,54,10,0,0,50,12.0
2.49,75,11,0,0,50,20.52
2.94,120,13,0,0,50,20.67
3.18,111,0,1,0,50,21.83
1.52,39,16,1,0,50,11.08
28.91,540,21,1,0,50,109.03
6.27,171,0,2,0,50,31.42
1.7,99,6,2,0,50,13.67
1.72,39,9,2,0,50,10.67
1.67,94,10,2,0,50,14.68
2.85,152,18,2,0,50,24.58
2.29,62,1,3,0,50,14.0
4.73,284,9,3,0,50,48.6
2.47,65,15,3,0,50,13.5
11.52,144,23,3,0,50,35.25
1.34,39,10,4,0,50,8.0
5.43,247,11,4,0,50,45.8
32.55,162,12,4,0,50,58.92
1.33,14,0,5,0,50,5.33
2.06,112,3,5,0,50,15.83
2.67,102,3,5,0,50,19.43
6.79,370,5,5,0,50,79.93
1.75,26,4,6,0,50,10.5
6.87,333,4,6,0,50,58.5
1.65,49,6,6,0,50,9.93
30.37,114,10,6,0,50,53.75
3.87,157,12,6,0,50,26.92
2.3,76,17,6,0,50,14.27
2.19,47,1,0,0,50,11.5
4.44,122,6,0,0,50,22.3
2.72,90,15,0,0,50,15.58
2.64,117,1,1,0,50,19.08
1.26,62,4,1,0,50,9.75
2.96,154,4,1,0,50,26.08
2.23,85,18,1,0,50,14.93
4.59,126,0,2,0,50,25.75
1.99,67,3,2,0,50,13.08
1.56,64,3,2,0,50,11.0
2.47,62,5,2,0,50,13.02
7.64,281,9,2,0,50,50.25
3.3,215,15,2,0,50,37.25
3.01,81,0,3,0,50,18.55
1.63,33,4,3,0,50,11.83
1.66,75,4,3,0,50,10.53
10.43,700,7,3,0,50,109.67
2.92,126,10,3,0,50,21.33
2.07,81,11,3,0,50,11.33
1.13,55,11,3,0,50,9.43
2.13,109,15,3,0,50,20.92
0.86,43,1,4,0,50,6.18
5.91,253,3,4,0,50,43.08
2.39,74,5,4,0,50,13.92
6.39,179,6,4,0,50,31.77
4.76,177,10,4,0,50,25.77
30.97,183,11,4,0,50,69.25
6.17,224,13,5,0,50,48.75
31.71,157,23,5,0,50,49.47
8.71,182,1,6,0,50,37.83
9.67,40,14,6,0,50,12.75
8.18,179,14,6,0,50,36.92
2.2,69,17,6,0,50,12.42
2.81,72,0,0,0,50,23.17
1.19,47,1,0,0,50,8.28
1.8,30,4,0,0,50,8.83
4.48,179,5,0,0,50,49.42
1.59,34,9,0,0,50,7.18
1.75,86,10,0,0,50,14.18
2.82,155,14,0,0,50,23.35
2.62,101,1,1,0,50,22.5
2.41,99,10,1,0,50,16.25
4.79,58,10,1,0,50,12.25
2.34,92,14,1,0,50,14.25
2.66,119,0,2,0,50,19.15
1.47,45,3,2,0,50,10.2
1.14,59,5,2,0,50,9.0
3.86,196,10,2,0,50,34.52
4.28,151,13,2,0,50,30.17
2.61,95,17,2,0,50,19.53
2.51,94,0,3,0,50,20.0
1.84,95,4,3,0,50,18.3
3.03,147,14,3,0,50,24.5
2.46,95,0,4,0,50,19.65
2.69,78,3,4,0,50,15.55
2.88,125,4,4,0,50,30.92
3.7,146,10,4,0,50,37.17
6.01,215,11,4,0,50,46.33
18.03,643,1,5,0,50,149.83
10.44,337,6,5,0,50,65.08
6.41,317,7,5,0,50,63.12
3.43,166,10,5,0,50,28.48
29.59,95,11,5,0,50,41.32
6.65,260,2,6,0,50,68.67
29.67,121,10,6,0,50,48.13
2.8,148,12,6,0,50,25.5
1.27,50,15,6,0,50,9.58
2.19,97,0,0,0,50,14.02
2.09,68,3,0,0,50,12.92
1.78,80,4,0,0,50,14.92
2.47,73,6,0,0,50,16.67
3.13,119,7,0,0,50,23.67
2.93,118,10,0,0,50,27.83
2.26,70,16,0,0,50,15.05
2.34,97,0,1,0,50,18.33
26.75,91,6,1,0,50,37.58
1.84,41,9,1,0,50,16.75
52.6,304,11,1,0,50,87.87
2.1,77,17,1,0,50,16.92
5.55,130,0,2,0,50,28.58
1.66,37,3,2,0,50,9.42
4.15,108,4,2,0,50,22.5
2.19,68,5,2,0,50,12.75
1.23,28,12,2,0,50,6.58
1.24,41,13,2,0,50,7.6
2.27,44,15,2,0,50,15.83
1.66,53,3,3,0,50,12.25
2.01,71,4,3,0,50,12.53
16.02,832,0,4,0,50,169.17
1.81,40,4,4,0,50,11.33
2.19,46,4,4,0,50,9.92
2.24,68,5,4,0,50,13.35
3.4,178,11,4,0,50,23.68
31.09,173,12,4,0,50,61.83
1.21,34,3,5,0,50,6.78
6.28,341,12,5,0,50,55.82
1.07,66,3,6,0,50,11.67
1.28,19,5,6,0,50,7.08
31.8,152,5,6,0,50,57.5
1.62,83,7,6,0,50,14.83
4.91,166,9,6,0,50,37.97
1.64,41,11,6,0,50,8.67
1.93,27,15,6,0,50,5.27
1.16,44,16,6,0,50,7.58
2.34,62,0,0,0,50,19.08
2.25,82,17,0,0,50,16.5
3.23,104,0,1,0,50,32.25
1.47,32,9,1,0,50,9.0
1.63,51,10,1,0,50,12.42
2.16,56,17,1,0,50,13.75
3.48,173,0,2,0,50,31.25
0.9,22,4,2,0,50,6.42
4.47,163,4,2,0,50,36.5
1.48,35,9,2,0,50,8.25
4.32,143,10,2,0,50,31.33
3.67,87,11,2,0,50,19.45
31.01,130,12,2,0,50,59.25
31.22,117,22,2,0,50,51.5
4.08,123,0,3,0,50,19.08
1.18,38,3,3,0,50,7.83
1.78,67,4,3,0,50,12.67
11.69,292,9,3,0,50,55.15
2.3,116,13,3,0,50,13.75
2.18,67,17,3,0,50,15.42
1.23,18,3,4,0,50,5.92
7.89,490,10,4,0,50,92.0
0.72,76,11,4,0,50,8.08
4.07,208,13,4,0,50,37.58
2.22,76,16,4,0,50,15.5
11.53,368,1,5,0,50,70.17
36.24,332,4,5,0,50,101.52
30.39,49,23,5,0,50,37.78
7.37,158,0,6,0,50,33.25
7.0,179,2,6,0,50,29.67
5.07,178,4,6,0,50,52.68
1.03,68,10,6,0,50,10.58
1.32,67,10,6,0,50,9.75
2.51,98,15,6,0,50,17.52
1.08,85,0,0,0,50,10.83
1.73,68,0,0,0,50,13.5
2.83,54,4,0,0,50,17.75
3.97,195,5,0,0,50,34.67
1.89,73,5,0,0,50,11.68
1.07,55,7,0,0,50,7.92
2.1,58,10,0,0,50,12.92
1.82,67,10,0,0,50,14.78
2.81,108,15,0,0,50,19.92
1.6,84,0,1,0,50,18.75
1.55,46,4,1,0,50,8.67
2.31,81,5,1,0,50,20.42
1.67,43,6,1,0,50,9.17
1.2,68,11,1,0,50,12.25
5.42,395,0,2,0,50,56.35
3.8,66,1,2,0,50,24.58
1.21,39,4,2,0,50,8.25
0.76,56,4,2,0,50,7.17
2.3,62,5,2,0,50,12.42
1.75,78,10,2,0,50,12.75
1.9,49,10,2,0,50,13.78
2.32,90,18,2,0,50,16.83
2.47,109,0,3,0,50,22.33
1.52,54,4,3,0,50,9.33
1.38,57,4,3,0,50,11.17
8.87,206,6,3,0,50,41.67
9.63,344,8,3,0,50,58.17
1.08,47,10,3,0,50,7.27
1.67,64,10,3,0,50,12.75
2.33,82,0,4,0,50,18.67
1.47,37,4,4,0,50,10.67
1.08,57,4,4,0,50,10.25
1.04,37,6,4,0,50,7.25
9.82,352,10,4,0,50,55.25
10.22,387,13,4,0,50,62.5
1.26,55,19,4,0,50,9.92
3.02,93,1,5,0,50,27.57
4.38,147,2,5,0,50,24.0
31.38,154,3,5,0,50,50.0
3.11,189,10,5,0,50,25.88
2.01,61,12,5,0,50,11.28
31.83,203,2,6,0,50,73.92
8.29,241,7,6,0,50,36.58
1.59,38,10,6,0,50,9.08
3.63,140,10,6,0,50,25.53
2.24,55,16,6,0,50,16.25
2.34,65,0,0,0,50,19.92
1.33,38,4,0,0,50,8.75
1.54,77,5,0,0,50,11.25
1.39,53,5,0,0,50,9.0
1.05,64,7,0,0,50,8.67
4.14,238,10,0,0,50,45.92
2.33,107,13,0,0,50,16.58
5.8,158,22,0,0,50,40.08
3.56,123,1,1,0,50,19.33
5.44,153,4,1,0,50,40.25
4.07,136,8,1,0,50,28.08
1.09,81,10,1,0,50,11.25
1.66,139,11,1,0,50,18.5
2.34,96,17,1,0,50,14.08
3.96,84,1,2,0,50,18.0
88.65,708,6,4,0,50,147.23
76.95,274,21,4,0,50,114.12
78.37,393,23,4,0,50,133.58
8.99,199,12,1,0,50,36.0
10.6,113,23,1,0,50,32.58
44.01,1992,4,2,0,50,305.17
11.44,333,10,2,0,50,55.57
1.43,35,23,2,0,50,6.5
12.53,281,23,2,0,50,58.82
27.63,1138,0,3,0,50,151.0
1.86,40,2,0,0,50,8.58
2.27,160,9,1,0,50,21.17
9.29,212,11,1,0,50,39.0
2.39,128,1,2,0,50,23.0
19.16,772,2,2,0,50,120.17
5.7,352,4,2,0,50,55.58
16.83,861,0,3,0,50,116.0
8.8,707,2,3,0,50,102.0
10.38,141,23,3,0,50,33.08
12.32,391,9,0,0,50,61.17
9.84,203,23,0,0,50,41.25
13.36,563,11,1,0,50,76.58
29.55,473,13,1,0,50,97.3
9.75,173,23,1,0,50,43.33
23.29,766,0,3,0,50,109.08
6.1,194,2,3,0,50,33.0
3.27,122,3,3,0,50,18.67
1.42,73,5,3,0,50,15.58
1.1,70,23,3,0,50,10.6
14.69,552,0,4,0,50,71.75
2.77,87,23,2,0,50,11.33
6.93,160,2,3,0,50,30.17
30.08,491,3,3,0,50,109.17
1.78,169,5,3,0,50,19.0
12.47,705,0,3,0,50,100.22
7.08,547,0,0,0,50,67.48
6.56,487,0,1,0,50,67.28
1.12,74,0,4,0,50,12.73
60.19,4121,2,4,0,50,515.5
18.09,987,11,4,0,50,96.13
20.22,1538,12,4,0,50,225.23
2.98,52,1,0,0,50,5.95
5.0,113,1,0,0,50,15.07
29.13,1192,10,0,0,50,155.38
11.02,560,14,0,0,50,80.28
3.79,210,0,2,0,50,31.33
32.76,414,0,3,0,50,100.87
127.05,1555,2,3,0,50,337.6
53.74,658,9,3,0,50,155.42
47.51,710,21,3,0,50,124.33
12.07,178,1,4,0,50,47.33
1.02,94,2,4,0,50,12.23
28.25,223,3,6,0,50,68.63
17.07,245,4,6,0,50,57.05
47.94,532,7,6,0,50,142.82
17.68,428,22,6,0,50,63.68
6.58,156,3,3,0,50,34.38
2.22,95,4,3,0,50,12.85
10.8,105,7,3,0,50,43.53
13.37,206,0,5,0,50,56.58
7.45,139,2,5,0,50,38.0
1.4,43,2,5,0,50,12.53
1.16,45,9,5,0,50,8.37
10.7,90,2,6,0,50,34.87
10.39,125,3,6,0,50,54.12
9.87,48,4,6,0,50,16.28
1.88,22,5,6,0,50,5.97
3.68,110,6,6,0,50,13.8
14.87,116,6,6,0,50,65.28
3.75,50,8,6,0,50,12.87
7.12,50,9,6,0,50,24.33
7.32,137,10,6,0,50,44.22
1.48,86,7,0,0,50,12.82
1.33,59,8,0,0,50,10.85
14.87,288,9,0,0,50,77.82
30.7,442,2,2,0,50,92.92
5.66,128,5,2,0,50,38.48
9.57,105,6,2,0,50,45.85
13.21,299,10,2,0,50,56.53
1.25,44,0,3,0,50,10.93
5.05,38,1,3,0,50,12.37
1.66,74,3,3,0,50,12.35
2.03,84,4,3,0,50,11.67
2.39,65,7,3,0,50,10.68
15.37,170,10,3,0,50,34.63
4.23,54,11,3,0,50,14.27
2.39,64,12,3,0,50,19.73
2.42,76,12,3,0,50,15.15
2.02,15,0,4,0,50,9.03
3.09,92,1,4,0,50,11.27
14.03,261,1,4,0,50,57.1
2.13,78,3,4,0,50,13.73
1.66,76,4,4,0,50,13.28
1.09,58,6,4,0,50,8.9
0.83,37,7,4,0,50,5.58
3.21,59,10,4,0,50,17.4
2.19,16,11,4,0,50,8.23
3.49,68,11,4,0,50,23.2
1.13,49,3,0,0,50,11.83
19.56,242,3,0,0,50,67.52
11.84,198,11,1,0,50,45.73
3.67,76,12,1,0,50,14.32
28.03,178,3,2,0,50,64.15
10.33,187,7,2,0,50,58.92
8.5,110,3,3,0,50,34.28
0.77,32,5,3,0,50,8.02
2.31,99,6,3,0,50,14.35
2.53,135,7,3,0,50,22.1
1.0,52,8,3,0,50,9.13
6.78,139,9,3,0,50,35.05
2.38,124,10,3,0,50,24.07
1.88,29,0,4,0,50,8.23
1.33,53,2,4,0,50,9.37
1.08,50,2,4,0,50,7.52
0.78,34,7,4,0,50,7.93
11.26,21,11,4,0,50,19.95
3.97,46,12,4,0,50,17.53
14.52,103,0,5,0,50,44.15
11.96,148,10,5,0,50,38.75
40.51,309,3,0,0,50,105.92
32.8,507,5,0,0,50,138.0
12.95,216,8,0,0,50,55.68
12.84,239,10,1,0,50,66.2
6.14,74,12,1,0,50,22.62
22.24,87,1,2,0,50,50.83
12.65,68,1,4,0,50,28.05
2.32,120,2,4,0,50,16.25
4.95,124,2,4,0,50,24.8
4.43,173,9,4,0,50,37.73
2.67,108,9,4,0,50,12.58
1.85,85,10,4,0,50,13.37
10.02,185,4,5,0,50,48.78
15.39,314,9,5,0,50,73.1
1.64,72,0,0,0,50,15.12
18.28,191,3,0,0,50,91.02
12.15,242,5,0,0,50,70.07
1.74,85,7,0,0,50,11.18
0.71,41,10,0,0,50,5.33
12.71,138,10,0,0,50,61.72
6.41,133,1,1,0,50,31.63
16.73,278,10,1,0,50,70.78
8.81,156,12,1,0,50,28.47
2.14,43,6,2,0,50,20.37
1.51,33,8,2,0,50,7.53
11.72,157,1,3,0,50,49.42
50.91,212,3,3,0,50,98.03
2.03,76,5,3,0,50,13.68
13.56,234,8,3,0,50,61.8
1.41,52,9,3,0,50,7.5
0.9,51,11,3,0,50,7.88
2.77,120,0,4,0,50,20.33
32.97,290,2,4,0,50,87.7
15.13,186,5,4,0,50,71.25
4.85,75,6,4,0,50,23.98
2.36,64,8,4,0,50,11.95
3.01,69,9,4,0,50,14.17
10.57,179,11,4,0,50,55.3
12.46,219,2,5,0,50,54.02
1.57,86,7,5,0,50,10.97
18.81,173,8,5,0,50,70.82
13.65,198,9,5,0,50,74.77
1.62,64,0,0,0,50,15.18
15.96,297,2,0,0,50,92.12
1.08,38,4,0,0,50,7.38
1.44,66,4,0,0,50,10.28
4.4,91,1,1,0,50,28.55
8.17,88,7,1,0,50,14.53
8.32,71,8,1,0,50,11.88
6.16,104,10,1,0,50,12.1
1.12,45,11,1,0,50,6.0
7.05,100,12,1,0,50,33.0
13.19,244,2,2,0,50,51.92
1.52,65,7,2,0,50,9.63
15.54,277,8,2,0,50,68.58
7.67,127,0,3,0,50,35.15
13.01,139,3,3,0,50,54.38
0.8,46,9,3,0,50,8.25
1.3,65,10,3,0,50,11.68
6.55,106,11,3,0,50,29.45
1.41,72,0,4,0,50,10.15
15.1,272,2,4,0,50,66.88
1.88,75,7,4,0,50,22.08
1.88,66,8,4,0,50,20.93
1.44,81,9,4,0,50,12.68
6.65,78,10,4,0,50,35.97
10.54,149,3,5,0,50,59.4
2.17,68,7,5,0,50,19.77
4.83,22,9,5,0,50,9.87
25.27,290,3,0,0,50,100.22
30.85,347,5,0,0,50,102.3
10.58,99,7,0,0,50,31.27
56.94,81,10,0,0,50,37.4
1.08,43,11,0,0,50,7.65
1.08,53,8,1,0,50,7.92
10.44,72,12,1,0,50,27.33
4.68,104,0,2,0,50,37.97
1.2,25,2,2,0,50,5.08
0.65,33,2,2,0,50,6.1
13.82,250,6,2,0,50,68.87
18.65,100,11,2,0,50,27.08
12.95,183,2,3,0,50,50.78
1.76,76,7,3,0,50,16.58
6.35,92,10,3,0,50,28.95
8.41,133,2,3,0,50,39.35
95.53,273,5,3,0,50,184.7
13.1,225,9,3,0,50,61.6
12.37,75,2,4,0,50,46.22
8.4,42,9,4,0,50,27.28
10.36,81,3,5,0,50,42.67
7.43,80,5,5,0,50,52.77
1.56,38,8,5,0,50,9.35
10.17,234,8,5,0,50,47.37
0.94,39,0,6,0,50,9.75
1.03,47,2,6,0,50,11.18
15.89,283,6,6,0,50,94.05
11.91,260,9,6,0,50,82.35
34.64,130,10,6,0,50,60.9
10.49,190,3,0,0,50,46.37
2.49,22,5,0,0,50,9.03
36.67,297,5,0,0,50,161.0
11.7,125,8,0,0,50,70.08
4.68,83,1,1,0,50,22.0
13.83,330,10,1,0,50,53.22
7.68,121,12,1,0,50,30.02
22.76,174,0,2,0,50,61.02
7.61,106,2,2,0,50,23.22
3.83,53,7,2,0,50,9.98
1.24,57,7,2,0,50,10.22
1.31,47,10,2,0,50,8.23
8.56,129,11,2,0,50,49.9
13.04,97,0,3,0,50,27.93
36.25,398,5,3,0,50,132.7
18.18,11,8,3,0,50,9.77
1.14,55,9,3,0,50,11.2
7.3,26,10,3,0,50,13.33
1.7,95,0,4,0,50,15.37
33.41,247,6,4,0,50,80.4
4.65,66,11,4,0,50,24.88
3.19,43,11,4,0,50,7.72
11.59,154,4,5,0,50,50.12
14.16,172,6,5,0,50,57.15
28.77,359,8,5,0,50,130.48
6.59,45,2,6,0,50,22.48
4.2,46,2,0,0,50,16.5
14.09,200,3,0,0,50,48.42
5.27,94,5,0,0,50,53.28
13.08,220,8,0,0,50,79.43
4.35,53,0,1,0,50,10.45
26.94,88,1,1,0,50,33.53
8.43,143,5,1,0,50,28.13
7.25,62,11,1,0,50,20.93
5.28,73,12,1,0,50,17.0
11.8,120,2,2,0,50,46.0
6.16,43,12,2,0,50,18.72
3.3,59,13,2,0,50,12.33
8.33,71,3,3,0,50,19.95
1.48,68,4,3,0,50,9.87
0.56,17,5,3,0,50,6.37
2.22,102,1,4,0,50,16.53
1.44,81,4,4,0,50,11.32
31.11,53,4,4,0,50,23.2
29.19,112,6,4,0,50,45.87
24.68,84,8,4,0,50,44.17
16.88,44,11,4,0,50,52.95
15.02,86,12,4,0,50,25.05
1.73,69,11,5,0,50,15.02
7.46,255,3,6,0,50,53.98
13.32,155,1,0,0,50,62.85
61.71,200,5,0,0,50,155.53
1.21,35,10,0,0,50,9.37
1.6,41,12,0,0,50,6.55
11.98,78,0,1,0,50,27.23
12.86,170,11,1,0,50,53.87
3.45,102,3,3,0,50,16.4
24.44,416,1,4,0,50,155.3
2.85,79,6,4,0,50,12.78
7.65,14,8,4,0,50,9.68
1.09,19,5,0,0,50,6.62
1.11,50,7,0,0,50,12.32
3.32,67,9,0,0,50,26.18
30.06,187,9,0,0,50,103.83
3.99,134,2,2,0,50,34.92
21.59,217,4,2,0,50,90.27
18.0,233,7,2,0,50,81.7
0.96,12,2,3,0,50,6.25
1.05,48,7,3,0,50,11.47
0.74,34,8,3,0,50,5.07
2.94,75,9,3,0,50,27.18
1.04,34,2,4,0,50,10.87
3.07,94,3,4,0,50,17.5
1.93,49,8,4,0,50,11.57
31.54,394,9,4,0,50,119.47
1.93,79,1,5,0,50,10.25
2.49,74,3,5,0,50,8.7
17.9,170,3,5,0,50,76.95
23.17,225,7,5,0,50,109.25
5.26,107,9,5,0,50,30.13
2.52,62,1,0,0,50,11.45
24.33,302,3,0,0,50,52.37
0.92,30,1,2,0,50,6.32
4.13,125,2,2,0,50,43.03
1.11,25,3,2,0,50,6.08
7.68,109,1,3,0,50,45.12
4.28,90,2,3,0,50,36.88
3.1,97,6,3,0,50,32.95
2.06,54,1,5,0,50,9.45
6.04,193,2,5,0,50,52.5
1.37,38,3,5,0,50,7.1
4.19,151,6,5,0,50,49.28
3.21,87,7,5,0,50,34.38
9.32,216,9,5,0,50,58.52
40.39,243,22,6,0,50,105.85
15.37,295,4,0,0,50,48.88
4.0,92,0,0,0,50,14.48
1.79,51,10,0,0,50,8.58
5.82,81,13,0,0,50,21.08
6.43,58,21,0,0,50,19.25
6.92,85,0,1,0,50,23.08
6.67,109,2,1,0,50,24.92
3.78,74,6,1,0,50,17.75
0.69,15,7,1,0,50,6.92
2.81,34,10,1,0,50,7.17
5.63,99,13,1,0,50,20.93
6.49,56,21,1,0,50,25.83
1.58,57,2,2,0,50,7.83
2.96,94,5,2,0,50,12.92
2.41,69,10,2,0,50,13.08
5.73,119,12,2,0,50,25.75
6.4,67,21,2,0,50,28.17
2.39,62,1,3,0,50,14.0
3.35,104,5,3,0,50,12.92
2.36,99,10,3,0,50,13.08
2.36,52,13,3,0,50,9.58
7.53,81,14,3,0,50,28.67
5.92,89,21,3,0,50,31.83
2.39,90,2,4,0,50,12.0
3.13,94,5,4,0,50,14.17
0.77,39,7,4,0,50,5.92
2.12,51,10,4,0,50,8.08
6.31,72,13,4,0,50,27.08
7.26,133,0,5,0,50,27.67
7.33,118,2,5,0,50,25.33
6.68,98,5,5,0,50,28.17
6.83,87,9,5,0,50,26.92
5.68,56,13,5,0,50,18.33
6.55,81,1,6,0,50,28.83
8.24,169,5,6,0,50,48.67
1.12,104,6,6,0,50,12.58
5.99,58,9,6,0,50,20.25
6.56,159,13,6,0,50,28.75
5.89,57,21,6,0,50,26.42
1.04,43,0,0,0,50,5.17
2.35,94,1,0,0,50,14.33
2.53,108,2,0,0,50,12.42
3.97,100,5,0,0,50,19.93
7.67,390,6,0,0,50,74.87
2.08,53,10,0,0,50,9.17
5.74,65,13,0,0,50,19.08
5.92,96,21,0,0,50,26.83
9.83,644,2,1,0,50,103.83
6.06,83,11,1,0,50,25.0
6.52,96,21,1,0,50,32.83
3.62,102,2,2,0,50,26.17
2.8,63,5,2,0,50,14.83
0.59,42,7,2,0,50,5.53
0.66,60,11,2,0,50,5.75
6.6,113,13,2,0,50,28.25
6.91,117,21,2,0,50,34.35
1.16,78,2,3,0,50,9.17
2.73,124,2,3,0,50,17.75
5.27,147,3,3,0,50,30.17
1.93,31,5,3,0,50,9.37
0.75,59,7,3,0,50,7.35
2.02,30,10,3,0,50,8.0
5.82,75,13,3,0,50,20.83
5.97,87,21,3,0,50,25.58
4.45,102,1,4,0,50,20.0
2.85,115,5,4,0,50,16.67
0.69,50,6,4,0,50,6.33
2.07,58,10,4,0,50,8.92
6.11,107,13,4,0,50,23.33
7.25,104,0,5,0,50,30.08
7.32,135,3,5,0,50,29.58
6.0,68,9,5,0,50,20.42
5.94,151,13,5,0,50,27.58
6.7,151,4,6,0,50,47.68
6.47,140,8,6,0,50,43.58
5.92,48,9,6,0,50,21.58
6.39,76,21,6,0,50,23.43
1.69,17,8,0,0,50,6.08
5.85,47,21,0,0,50,22.92
5.62,205,13,1,0,50,41.33
5.98,107,21,1,0,50,24.5
3.55,119,0,2,0,50,29.58
4.21,83,2,2,0,50,19.67
5.86,57,21,2,0,50,22.75
3.54,135,1,3,0,50,23.42
5.61,62,13,3,0,50,18.75
6.38,42,21,3,0,50,19.5
5.67,60,13,4,0,50,18.67
7.16,111,0,5,0,50,26.42
5.77,177,9,5,0,50,41.22
5.58,66,13,5,0,50,20.92
6.53,75,23,5,0,50,26.92
11.11,158,6,6,0,50,45.75
3.16,104,8,6,0,50,21.95
5.41,154,9,6,0,50,39.42
6.32,409,12,6,0,50,64.67
5.87,48,21,6,0,50,24.33
4.26,104,2,0,0,50,23.62
3.31,45,5,0,0,50,12.58
5.88,77,11,0,0,50,30.42
6.45,27,21,0,0,50,22.0
7.06,363,2,1,0,50,60.58
1.84,59,10,1,0,50,10.67
6.02,61,13,1,0,50,21.58
5.62,43,21,1,0,50,19.5
2.7,38,0,2,0,50,10.75
4.19,214,2,2,0,50,35.5
3.27,137,5,2,0,50,32.42
6.36,57,21,2,0,50,30.67
5.87,41,21,3,0,50,23.18
4.42,214,2,4,0,50,33.67
5.59,114,13,4,0,50,27.67
7.17,101,0,5,0,50,42.0
10.34,754,10,5,0,50,107.92
5.66,94,13,5,0,50,24.17
6.47,50,1,6,0,50,27.92
6.67,101,4,6,0,50,47.58
5.99,134,21,6,0,50,39.05
4.47,70,2,0,0,50,14.25
1.69,25,7,0,0,50,7.67
5.88,51,21,1,0,50,24.75
6.45,43,21,2,0,50,19.08
2.17,144,2,3,0,50,23.67
5.69,101,13,3,0,50,22.75
6.2,30,21,3,0,50,15.92
6.24,117,13,4,0,50,28.67
6.29,44,23,4,0,50,20.67
6.84,241,1,6,0,50,58.5
6.47,136,5,6,0,50,41.08
5.83,161,13,6,0,50,30.0
6.33,18,22,6,0,50,15.58
3.2,54,6,0,0,50,14.5
1.89,90,6,0,0,50,21.0
6.21,35,21,0,0,50,18.92
6.37,33,21,1,0,50,16.42
3.1,205,0,2,0,50,28.83
4.41,293,2,2,0,50,44.08
6.35,92,21,2,0,50,24.17
6.28,444,12,3,0,50,74.08
5.89,43,21,3,0,50,25.33
5.58,58,13,4,0,50,18.58
7.15,92,0,5,0,50,28.33
6.58,72,0,6,0,50,31.22
6.46,65,4,6,0,50,32.5
6.22,448,12,6,0,50,61.5
6.19,26,21,6,0,50,15.08
3.17,49,5,0,0,50,14.42
6.38,29,21,0,0,50,16.0
5.57,67,13,1,0,50,21.92
6.34,41,22,1,0,50,18.92
4.69,223,2,2,0,50,42.0
6.73,415,12,2,0,50,80.28
6.38,25,21,2,0,50,22.17
5.25,140,1,3,0,50,30.58
2.69,116,2,3,0,50,26.08
5.59,64,13,3,0,50,19.75
6.34,24,21,3,0,50,15.92
4.16,79,2,4,0,50,19.33
18.03,1708,1,5,0,50,215.15
16.23,848,6,5,0,50,129.95
6.39,81,10,5,0,50,19.75
6.47,205,1,6,0,50,46.83
5.63,325,13,6,0,50,52.92
5.96,62,0,0,0,50,18.17
4.58,71,4,0,0,50,17.67
5.96,263,9,0,0,50,51.17
6.04,79,13,0,0,50,22.67
6.37,29,21,0,0,50,17.25
2.25,108,2,1,0,50,18.0
2.02,49,7,1,0,50,8.93
5.58,78,14,1,0,50,22.42
6.41,22,21,1,0,50,24.42
5.69,209,13,2,0,50,39.08
6.07,135,13,3,0,50,29.08
6.33,21,21,3,0,50,15.83
4.22,204,2,4,0,50,38.92
5.89,366,13,4,0,50,68.67
6.91,298,0,5,0,50,67.83
4.43,295,1,5,0,50,44.75
7.82,239,21,6,0,50,63.83
4.32,217,2,0,0,50,35.17
4.57,70,5,0,0,50,19.08
1.94,66,6,0,0,50,11.28
6.26,105,13,0,0,50,31.25
6.36,30,21,0,0,50,22.92
2.12,65,2,1,0,50,14.58
6.03,72,13,1,0,50,23.92
6.37,64,21,1,0,50,29.17
5.78,184,13,2,0,50,32.42
6.33,20,21,2,0,50,15.33
6.37,23,21,3,0,50,18.67
5.96,76,4,5,0,50,22.58
6.5,23,21,6,0,50,20.25
4.17,58,2,0,0,50,16.42
4.53,139,5,0,0,50,27.0
1.86,45,6,0,0,50,8.8
6.15,70,13,0,0,50,18.5
6.33,31,21,0,0,50,15.33
1.75,33,10,1,0,50,6.92
5.32,78,13,1,0,50,21.92
6.35,25,21,1,0,50,15.25
2.71,148,0,2,0,50,23.17
4.21,120,2,2,0,50,21.83
6.08,52,13,2,0,50,18.0
6.57,23,21,2,0,50,25.0
5.89,170,11,3,0,50,43.08
6.38,61,21,3,0,50,18.83
1.71,57,11,4,0,50,8.42
6.05,67,5,6,0,50,24.58
5.19,42,13,6,0,50,22.08
6.39,46,21,6,0,50,17.5
4.15,99,2,0,0,50,21.33
3.4,91,5,0,0,50,15.5
5.71,424,2,6,0,50,65.92
231.2,195,22,6,0,50,168.68
97.26,395,1,0,0,50,108.32
7.27,510,5,1,0,50,84.1
6.35,411,11,1,0,50,47.43
122.64,31,7,2,0,50,85.47
488.35,39,1,3,0,50,245.17
6.14,271,4,4,0,50,36.03
6.39,255,5,4,0,50,36.0
1.36,172,0,6,0,50,15.2
36.65,64,9,0,0,50,58.68
6.21,219,23,1,0,50,35.4
3.49,440,0,2,0,50,41.1
78.82,351,4,4,0,50,106.85
0.89,84,6,4,0,50,10.55
7.9,475,6,6,0,50,78.33
5.12,201,11,6,0,50,28.92
5.74,210,6,0,0,50,32.58
1.27,117,9,0,0,50,11.97
4.88,92,6,1,0,50,17.52
13.71,295,6,1,0,50,64.73
59.44,247,8,1,0,50,69.6
62.26,213,6,2,0,50,78.03
2.18,166,10,3,0,50,15.45
1.34,87,0,4,0,50,7.53
17.26,1212,2,4,0,50,178.3
11.86,277,7,4,0,50,47.13
26.18,1556,0,5,0,50,249.67
1.75,109,4,5,0,50,11.43
7.03,128,5,5,0,50,24.92
6.28,247,5,5,0,50,37.87
1.41,82,10,0,0,50,10.2
1.19,109,16,0,0,50,11.22
1.5,92,4,1,0,50,8.83
0.95,81,11,1,0,50,9.78
1.54,23,4,0,0,50,5.08
1.46,95,4,0,0,50,12.92
11.19,442,2,1,0,50,84.92
8.8,248,3,1,0,50,51.92
3.67,234,12,1,0,50,34.68
10.03,550,15,2,0,50,74.6
0.93,36,17,2,0,50,9.0
3.99,189,6,3,0,50,30.5
3.82,86,7,3,0,50,21.67
8.79,606,10,3,0,50,96.28
27.07,1870,16,4,0,50,275.08
3.6,210,1,5,0,50,34.0
8.9,635,17,5,0,50,95.4
1.8,125,4,0,0,50,20.67
1.01,70,11,0,0,50,10.87
2.33,58,5,1,0,50,11.58
1.46,39,5,1,0,50,9.92
1.09,46,0,2,0,50,7.0
11.42,711,16,4,0,50,92.47
1.02,62,8,5,0,50,9.92
5.79,217,9,5,0,50,54.67
8.01,624,12,5,0,50,95.68
22.7,1375,15,5,0,50,192.92
1.04,35,15,6,0,50,5.25
0.69,44,23,6,0,50,6.67
0.96,68,6,0,0,50,9.92
29.53,1699,4,1,0,50,271.08
3.35,156,10,1,0,50,25.88
4.76,180,10,1,0,50,27.67
0.74,48,11,1,0,50,7.5
0.61,37,9,2,0,50,6.75
23.89,1682,16,2,0,50,238.5
7.56,591,4,3,0,50,72.58
4.09,229,9,4,0,50,48.83
4.28,158,10,4,0,50,28.3
0.66,62,11,4,0,50,7.83
12.54,349,2,5,0,50,73.0
5.22,173,3,5,0,50,24.75
0.74,56,6,5,0,50,6.67
4.28,116,6,5,0,50,21.92
18.55,1031,8,6,0,50,146.6
9.12,223,12,6,0,50,46.17
2.13,47,4,0,0,50,16.92
4.89,219,5,0,0,50,48.75
0.59,31,7,0,0,50,6.17
3.55,136,16,0,0,50,36.25
4.87,290,16,0,0,50,35.33
1.1,94,0,1,0,50,12.42
14.27,614,5,1,0,50,103.83
0.96,80,9,1,0,50,10.83
1.86,149,10,1,0,50,21.83
13.99,324,1,6,0,50,54.98
7.53,256,11,6,0,50,37.52
0.78,31,12,6,0,50,8.42
2.92,155,10,0,0,50,28.77
1.13,95,3,1,0,50,11.83
3.0,102,6,1,0,50,15.83
1.05,81,9,2,0,50,9.73
5.42,121,12,2,0,50,22.85
2.72,102,1,3,0,50,13.93
1.62,49,4,3,0,50,10.75
14.11,570,4,3,0,50,86.77
4.56,260,5,4,0,50,42.83
1.0,78,12,4,0,50,11.58
4.12,152,16,4,0,50,28.75
3.59,270,17,4,0,50,37.0
2.03,139,4,5,0,50,19.33
0.84,55,13,6,0,50,8.67
1.73,78,18,6,0,50,13.25
12.36,323,5,0,0,50,73.08
0.98,78,12,4,0,50,10.08
6.23,74,0,5,0,50,18.17
5.12,34,1,5,0,50,13.0
31.54,817,2,6,0,50,163.87
9.66,583,5,6,0,50,111.38
20.37,352,9,6,0,50,48.27
1.44,226,10,6,0,50,9.82
8.76,657,0,3,0,50,55.1
4.23,351,2,3,0,50,42.82
13.4,1054,3,3,0,50,96.62
11.7,650,7,3,0,50,57.2
1.32,321,9,3,0,50,13.93
5.87,521,10,3,0,50,48.6
30.67,392,11,3,0,50,67.17
31.86,531,23,6,0,50,86.85
12.14,518,2,0,0,50,51.97
19.92,1366,3,0,0,50,161.22
3.7,301,7,0,0,50,22.18
9.59,868,8,0,0,50,96.27
41.77,1769,10,0,0,50,163.82
36.8,959,1,1,0,50,111.83
4.89,495,5,1,0,50,31.7
36.91,1073,1,2,0,50,120.9
19.57,2215,4,2,0,50,151.52
49.57,2209,8,2,0,50,196.0
38.02,1238,0,3,0,50,152.38
0.91,166,4,3,0,50,6.87
0.87,187,4,3,0,50,9.03
3.17,455,5,3,0,50,32.05
8.13,397,5,3,0,50,39.2
20.11,952,9,3,0,50,104.33
30.91,363,10,3,0,50,73.12
28.39,1432,1,4,0,50,110.27
2.58,221,3,4,0,50,12.98
21.49,316,7,1,0,50,67.65
23.78,316,9,1,0,50,103.13
5.68,129,11,1,0,50,18.43
2.96,148,11,1,0,50,26.43
19.31,221,0,2,0,50,45.62
29.76,225,1,2,0,50,53.9
2.22,81,2,2,0,50,6.08
19.01,256,3,2,0,50,77.02
18.23,134,5,2,0,50,60.5
14.95,153,8,2,0,50,73.22
19.28,71,9,2,0,50,36.57
16.81,297,23,2,0,50,58.28
11.91,46,1,3,0,50,10.8
19.94,1,5,3,0,50,11.23
16.72,0,6,3,0,50,9.78
143.03,64,6,3,0,50,91.0
12.91,5,11,6,0,50,15.5
10.4,316,0,5,0,50,45.22
17.29,80,2,5,0,50,34.88
17.52,75,3,5,0,50,29.33
24.82,248,9,5,0,50,41.68
3.38,162,23,6,0,50,28.83
4.1,81,2,0,0,50,9.5
12.14,149,3,0,0,50,23.27
9.43,111,4,0,0,50,28.17
21.46,112,6,0,0,50,48.23
4.71,131,23,0,0,50,31.05
32.41,94,2,1,0,50,56.3
17.95,70,4,1,0,50,31.72
1.71,40,4,1,0,50,9.18
37.69,133,6,1,0,50,74.32
20.5,91,8,1,0,50,47.12
22.55,170,9,1,0,50,64.8
13.31,71,10,1,0,50,15.83
7.47,120,2,3,0,50,46.13
2.53,70,23,3,0,50,12.8
2.41,40,2,4,0,50,17.12
23.34,105,3,4,0,50,36.03
5.22,72,6,4,0,50,16.48
51.39,239,6,4,0,50,126.67
6.08,13,5,6,0,50,19.28
7.05,203,8,6,0,50,75.37
38.68,30,10,6,0,50,28.95
4.81,103,1,0,0,50,17.85
4.94,115,2,0,0,50,16.85
3.23,131,23,0,0,50,23.93
34.42,112,1,1,0,50,63.88
29.82,70,3,1,0,50,41.2
4.82,29,23,1,0,50,12.28
21.02,244,2,2,0,50,64.88
33.3,177,3,2,0,50,81.9
8.77,88,7,2,0,50,34.08
3.63,110,23,3,0,50,25.35
22.62,114,2,4,0,50,37.2
9.14,97,2,4,0,50,25.47
27.16,94,3,4,0,50,42.47
17.91,134,6,4,0,50,67.15
9.49,100,9,5,0,50,14.22
3.77,99,1,0,0,50,24.13
11.87,52,2,0,0,50,19.27
14.14,328,2,0,0,50,73.67
7.87,122,6,0,0,50,47.62
8.29,269,9,0,0,50,38.78
0.63,53,23,1,0,50,6.25
58.26,266,9,2,0,50,102.22
33.9,142,5,3,0,50,77.75
25.39,97,7,3,0,50,57.72
28.59,105,1,4,0,50,35.5
29.51,75,3,4,0,50,34.48
3.15,93,23,6,0,50,13.52
22.73,69,1,0,0,50,38.3
23.87,91,4,0,0,50,43.68
20.16,80,5,0,0,50,41.03
11.61,43,6,0,0,50,20.43
7.84,90,8,0,0,50,21.23
2.36,84,0,3,0,50,13.97
1.06,82,0,3,0,50,5.52
3.3,133,0,4,0,50,22.07
21.94,9,0,4,0,50,12.93
11.52,289,1,4,0,50,46.78
73.88,99,3,4,0,50,95.62
63.69,229,6,4,0,50,128.52
3.43,209,0,0,0,50,20.52
14.2,77,1,0,0,50,30.18
14.64,107,2,0,0,50,48.92
11.49,54,5,0,0,50,32.7
18.24,89,6,0,0,50,30.65
3.82,17,7,0,0,50,11.33
48.66,227,7,0,0,50,93.47
8.23,264,23,0,0,50,38.37
7.24,108,0,1,0,50,33.5
40.34,154,2,1,0,50,90.05
22.44,49,4,1,0,50,37.77
17.86,65,5,1,0,50,34.87
3.56,133,6,1,0,50,22.55
67.6,224,1,2,0,50,155.48
41.74,74,4,2,0,50,61.98
6.45,16,6,2,0,50,8.65
31.65,227,7,2,0,50,92.5
31.51,184,8,2,0,50,75.93
8.48,123,3,3,0,50,31.93
2.18,73,9,3,0,50,12.75
31.64,187,2,4,0,50,74.28
43.98,497,5,4,0,50,156.05
9.07,424,9,4,0,50,57.05
4.11,82,11,4,0,50,21.83
20.21,340,23,6,0,50,48.85
17.46,237,1,0,0,50,67.78
6.65,62,3,0,0,50,19.87
19.61,140,4,0,0,50,46.73
62.28,137,6,0,0,50,91.78
23.49,211,1,2,0,50,69.1
40.15,84,4,2,0,50,24.92
50.13,155,1,3,0,50,37.6
18.13,152,2,3,0,50,55.78
33.24,108,4,3,0,50,58.8
7.87,53,8,3,0,50,19.0
8.13,86,9,3,0,50,30.12
8.94,398,10,3,0,50,48.95
9.78,49,1,4,0,50,24.72
15.21,269,1,4,0,50,75.02
2.05,28,7,4,0,50,10.27
1.88,76,9,4,0,50,7.82
38.37,202,2,5,0,50,83.67
3.75,63,4,5,0,50,11.35
40.11,261,5,5,0,50,97.7
6.77,105,8,5,0,50,16.73
7.9,212,9,5,0,50,58.17
15.16,121,17,5,0,50,31.42
14.38,84,19,5,0,50,28.4
9.28,80,21,5,0,50,19.17
2.08,32,22,5,0,50,14.07
27.44,307,0,6,0,50,86.55
7.82,71,3,0,0,50,20.15
6.92,44,5,0,0,50,13.22
16.99,41,5,0,0,50,23.38
4.21,19,7,0,0,50,6.17
6.72,265,9,0,0,50,30.3
0.99,124,10,0,0,50,10.77
20.96,202,1,1,0,50,60.93
18.12,97,6,1,0,50,60.35
18.75,129,7,1,0,50,49.67
2.9,142,9,1,0,50,13.62
13.72,58,10,1,0,50,12.23
10.3,132,6,2,0,50,24.7
15.09,420,9,2,0,50,71.95
18.67,60,3,3,0,50,42.23
23.73,116,5,3,0,50,58.07
11.69,63,6,3,0,50,28.65
4.8,50,7,3,0,50,11.23
21.26,265,10,3,0,50,31.05
3.69,88,10,3,0,50,10.1
4.67,71,23,3,0,50,17.83
6.93,76,2,4,0,50,35.32
51.56,134,6,4,0,50,93.32
13.38,35,8,4,0,50,18.87
10.37,465,9,4,0,50,90.58
18.25,68,2,5,0,50,39.23
17.72,62,3,5,0,50,23.72
19.4,90,5,5,0,50,39.9
17.98,80,6,5,0,50,24.98
70.68,316,7,5,0,50,123.3
6.69,55,11,5,0,50,13.08
5.2,66,12,5,0,50,15.35
9.43,77,0,6,0,50,26.32
31.02,375,2,1,0,50,100.73
4.52,68,5,1,0,50,21.7
14.27,120,6,1,0,50,33.22
38.84,275,9,1,0,50,98.35
3.73,17,0,2,0,50,14.2
10.29,9,1,2,0,50,5.83
3.94,81,5,2,0,50,24.63
18.26,80,5,2,0,50,47.53
17.81,68,7,2,0,50,45.7
1.37,38,8,2,0,50,15.6
13.04,102,9,2,0,50,16.93
8.4,57,4,3,0,50,28.87
20.35,38,7,3,0,50,22.12
44.31,130,8,3,0,50,65.75
4.76,104,10,3,0,50,15.18
11.42,115,1,4,0,50,43.83
11.0,49,3,4,0,50,23.35
9.97,32,4,4,0,50,12.7
4.4,228,23,6,0,50,33.28
25.06,160,0,0,0,50,42.2
3.36,36,2,0,0,50,8.85
18.06,66,3,0,0,50,26.23
2.56,57,5,0,0,50,17.38
19.1,214,6,0,0,50,53.4
15.78,75,8,0,0,50,34.53
20.08,210,9,0,0,50,101.3
15.59,97,12,0,0,50,58.38
13.17,186,23,1,0,50,32.95
22.6,165,2,2,0,50,68.78
17.76,70,3,2,0,50,47.57
28.21,117,5,2,0,50,60.23
12.36,34,7,2,0,50,22.2
21.2,69,8,2,0,50,33.55
0.99,25,9,2,0,50,6.3
2.83,111,0,3,0,50,14.92
7.38,22,1,3,0,50,9.65
47.81,171,2,3,0,50,95.65
8.8,31,6,3,0,50,23.47
10.02,62,6,3,0,50,31.08
19.66,71,8,3,0,50,36.25
4.02,264,10,3,0,50,32.05
24.9,764,23,3,0,50,113.75
6.86,109,1,4,0,50,21.03
19.66,47,2,4,0,50,33.55
3.69,55,4,4,0,50,11.5
28.83,345,5,4,0,50,99.7
7.12,34,8,4,0,50,12.9
4.21,135,0,5,0,50,21.12
21.65,72,2,5,0,50,33.58
45.8,168,4,5,0,50,100.92
18.6,167,7,5,0,50,41.12
12.77,328,11,5,0,50,58.52
3.47,196,23,6,0,50,32.28
17.32,90,3,0,0,50,32.9
16.81,50,4,0,0,50,21.33
5.73,86,5,0,0,50,24.78
2.07,34,2,1,0,50,7.57
22.22,117,2,1,0,50,57.3
4.04,123,17,2,0,50,40.82
11.57,283,18,2,0,50,62.33
5.31,139,20,2,0,50,39.43
9.47,131,0,3,0,50,24.95
33.7,294,1,3,0,50,81.15
15.87,465,8,4,0,50,70.27
33.0,602,2,5,0,50,100.82
5.52,39,6,5,0,50,9.3
18.04,302,7,5,0,50,49.98
1.04,98,9,5,0,50,7.78
6.37,252,2,0,0,50,51.6
0.73,60,4,0,0,50,6.48
16.79,178,23,0,0,50,24.43
8.4,643,23,0,0,50,97.32
1.61,46,1,1,0,50,8.4
1.2,87,2,1,0,50,13.35
2.99,204,3,1,0,50,23.82
4.04,99,3,1,0,50,14.78
1.09,51,8,1,0,50,6.85
5.34,189,8,1,0,50,35.07
4.44,214,9,1,0,50,20.17
10.76,566,23,1,0,50,87.88
2.52,141,1,2,0,50,27.83
0.72,38,2,2,0,50,6.42
7.59,479,2,2,0,50,78.0
61.98,76,4,2,0,50,36.72
4.7,137,8,2,0,50,22.78
17.87,485,9,2,0,50,93.35
5.6,153,11,2,0,50,26.4
11.61,554,23,2,0,50,77.22
5.69,224,1,3,0,50,27.4
3.63,233,3,3,0,50,37.55
15.32,333,4,3,0,50,49.53
8.43,410,9,3,0,50,58.75
12.86,373,6,4,0,50,49.82
1.46,116,7,4,0,50,11.8
23.94,690,23,6,0,50,133.32
29.29,386,3,0,0,50,70.98
0.92,46,9,0,0,50,7.73
17.92,154,10,0,0,50,44.82
11.5,378,23,0,0,50,53.82
4.21,193,3,1,0,50,36.28
16.11,553,4,1,0,50,72.02
0.79,83,11,1,0,50,7.0
1.23,40,0,2,0,50,9.97
18.28,853,0,2,0,50,124.25
3.16,138,8,2,0,50,15.1
7.07,110,9,2,0,50,18.58
6.29,98,0,5,0,50,20.48
2.5,88,0,5,0,50,17.75
5.94,469,1,5,0,50,70.03
3.42,207,2,5,0,50,25.48
13.65,288,5,5,0,50,41.23
16.1,662,6,5,0,50,98.18
31.17,1087,8,5,0,50,257.55
5.12,148,10,3,0,50,42.28
19.08,363,12,4,0,50,75.7
16.47,177,13,4,0,50,38.88
18.67,166,5,5,0,50,36.32
8.15,332,6,5,0,50,30.42
8.19,382,10,5,0,50,41.07
1.93,66,12,5,0,50,10.12
17.71,330,14,5,0,50,53.25
18.06,597,16,5,0,50,63.47
1.07,122,17,5,0,50,8.07
2.87,213,23,5,0,50,24.88
2.59,137,6,6,0,50,13.65
12.89,521,7,6,0,50,78.65
13.2,371,8,6,0,50,64.48
11.79,382,1,0,0,50,59.92
9.96,660,10,0,0,50,57.88
1.65,95,13,0,0,50,11.4
7.73,417,3,1,0,50,32.17
5.78,120,13,1,0,50,21.65
15.61,342,0,2,0,50,34.1
6.25,361,10,3,0,50,40.23
9.46,409,4,4,0,50,52.13
6.12,404,6,4,0,50,28.28
1.39,195,13,4,0,50,12.9
8.97,182,22,4,0,50,30.52
11.59,145,23,4,0,50,30.75
5.49,248,0,5,0,50,35.05
4.86,158,1,5,0,50,20.93
2.81,295,3,5,0,50,28.7
5.53,152,3,6,0,50,30.88
5.75,304,6,6,0,50,28.17
1.06,88,3,0,0,50,12.0
1.21,99,3,0,0,50,11.75
1.11,119,4,0,0,50,9.85
1.61,183,9,0,0,50,11.4
1.69,236,13,0,0,50,18.45
2.54,310,3,1,0,50,24.08
2.08,380,9,1,0,50,21.35
1.82,319,14,1,0,50,21.53
15.46,735,3,2,0,50,75.87
11.14,25,5,2,0,50,17.05
101.38,1415,5,2,0,50,281.92
7.64,374,12,2,0,50,70.55
1.43,63,13,2,0,50,7.77
3.38,180,3,3,0,50,32.53
1.42,109,9,3,0,50,9.65
1.76,251,4,4,0,50,18.02
5.76,294,8,4,0,50,37.4
7.88,354,9,4,0,50,62.58
6.26,430,10,4,0,50,46.83
2.3,95,3,5,0,50,16.68
4.69,306,3,5,0,50,24.45
3.41,431,4,5,0,50,38.5
3.41,24,8,5,0,50,11.63
1.87,140,11,5,0,50,9.25
4.04,291,11,5,0,50,43.83
6.39,565,13,5,0,50,53.27
6.76,104,1,6,0,50,23.18
2.21,125,3,6,0,50,21.32
2.13,284,4,6,0,50,20.65
2.04,362,6,6,0,50,22.1
11.66,816,8,6,0,50,101.7
3.18,192,10,6,0,50,21.17
10.17,491,4,0,0,50,66.93
10.73,628,9,0,0,50,94.18
1.34,84,3,1,0,50,6.62
1.34,90,5,1,0,50,9.85
5.71,390,8,1,0,50,51.72
3.05,170,13,1,0,50,26.63
7.47,100,5,2,0,50,12.57
4.72,263,5,2,0,50,29.35
1.58,138,9,2,0,50,11.92
5.67,369,12,2,0,50,55.5
6.12,274,3,3,0,50,34.48
6.76,236,5,3,0,50,26.48
2.13,145,13,3,0,50,20.62
14.15,99,1,4,0,50,24.2
7.0,433,3,4,0,50,47.52
4.62,269,4,4,0,50,26.82
7.07,365,2,5,0,50,48.48
1.6,224,5,5,0,50,16.63
6.37,390,10,5,0,50,63.33
12.07,632,12,5,0,50,133.52
4.16,261,2,6,0,50,25.38
3.57,269,8,6,0,50,28.1
6.35,600,10,6,0,50,71.02
1.08,85,5,0,0,50,5.75
4.11,311,9,0,0,50,35.25
3.84,370,14,0,0,50,36.03
1.95,84,14,1,0,50,18.05
1.53,187,9,2,0,50,14.15
1.83,77,9,2,0,50,9.07
1.22,119,12,2,0,50,13.8
2.2,149,13,2,0,50,24.27
1.2,41,5,3,0,50,6.45
4.54,470,13,3,0,50,43.38
1.64,118,2,4,0,50,11.12
6.5,336,5,4,0,50,31.33
12.6,78,7,4,0,50,6.68
0.98,128,13,4,0,50,10.63
62.33,400,23,4,0,50,106.93
10.88,225,7,5,0,50,36.75
1.53,130,8,5,0,50,12.43
2.34,192,9,5,0,50,14.43
6.07,380,10,5,0,50,64.05
1.36,88,13,5,0,50,9.78
3.21,159,1,6,0,50,30.0
2.25,116,2,6,0,50,8.57
1.91,144,7,6,0,50,16.87
3.4,110,12,6,0,50,8.85
4.18,146,1,0,0,50,23.38
0.94,73,3,0,0,50,6.83
7.89,333,3,0,0,50,35.1
6.63,264,4,0,0,50,29.3
7.9,403,8,0,0,50,76.45
0.7,78,5,1,0,50,5.35
1.39,94,22,1,0,50,14.52
1.15,48,23,1,0,50,6.75
1.6,91,3,3,0,50,8.48
2.72,131,4,3,0,50,16.73
6.7,275,0,4,0,50,49.45
1.32,94,5,4,0,50,11.53
4.91,315,10,4,0,50,53.37
1.4,95,11,4,0,50,13.9
1.8,87,0,5,0,50,16.87
9.23,375,6,5,0,50,42.8
3.59,173,7,5,0,50,18.93
1.24,147,8,5,0,50,13.82
3.32,233,11,6,0,50,19.85
2.05,142,11,6,0,50,14.0
1.85,81,12,6,0,50,7.23
5.11,324,12,6,0,50,30.35
1.44,71,13,6,0,50,6.42
1.72,258,0,0,0,50,18.52
2.26,128,8,1,0,50,16.38
7.46,494,9,1,0,50,46.72
1.2,175,23,1,0,50,10.42
2.0,118,1,3,0,50,13.83
1.66,118,3,3,0,50,15.3
43.59,466,8,4,0,50,114.22
1.06,66,11,4,0,50,11.28
1.34,77,11,4,0,50,11.42
30.27,139,12,4,0,50,40.45
4.86,237,5,5,0,50,33.65
6.28,363,7,5,0,50,34.4
1.05,79,11,5,0,50,6.77
2.25,145,11,5,0,50,18.42
28.34,209,21,5,0,50,62.95
105.18,390,23,5,0,50,151.9
1.4,108,3,6,0,50,6.65
13.81,1366,3,6,0,50,110.58
4.84,838,6,6,0,50,50.32
30.99,181,8,6,0,50,64.87
94.68,566,12,6,0,50,145.45
0.83,39,1,0,0,50,5.13
0.68,99,9,0,0,50,7.55
0.82,61,9,3,0,50,7.6
5.08,305,9,3,0,50,36.45
3.19,93,11,3,0,50,13.9
27.67,308,11,3,0,50,24.62
0.66,85,6,4,0,50,6.05
0.91,40,7,4,0,50,5.07
2.18,274,13,4,0,50,17.3
1.7,252,14,4,0,50,17.73
20.08,399,2,5,0,50,106.85
0.7,86,5,1,0,50,8.2
10.67,16,7,1,0,50,5.47
3.74,90,12,1,0,50,15.1
0.81,57,13,1,0,50,8.5
1.92,216,22,1,0,50,22.68
154.64,215,5,2,0,50,100.0
12.08,50,12,2,0,50,20.9
8.94,186,13,2,0,50,34.97
2.08,113,14,2,0,50,19.77
19.72,75,14,2,0,50,17.07
6.63,306,23,2,0,50,54.25
1.75,93,15,4,0,50,10.47
1.33,55,0,5,0,50,13.82
4.68,105,2,6,0,50,24.95
3.06,192,3,6,0,50,22.68
11.96,1439,3,6,0,50,119.65
2.44,190,7,6,0,50,15.93
2.12,160,9,6,0,50,18.38
5.12,540,12,6,0,50,58.98
2.82,198,22,1,0,50,21.75
3.68,96,23,1,0,50,25.32
3.64,224,3,2,0,50,22.18
6.99,442,4,2,0,50,53.38
2.23,104,14,2,0,50,12.95
3.48,215,14,3,0,50,33.4
2.02,118,14,3,0,50,10.9
2.72,141,3,4,0,50,21.32
3.69,133,5,4,0,50,18.12
2.12,136,5,5,0,50,11.45
6.52,54,9,5,0,50,7.55
1.64,94,14,5,0,50,11.93
0.97,48,9,0,0,50,5.8
1.19,62,3,2,0,50,8.72
1.87,196,4,2,0,50,19.73
13.71,397,8,3,0,50,53.52
8.59,313,10,3,0,50,72.53
3.0,75,12,3,0,50,18.0
11.19,117,13,3,0,50,35.85
24.84,364,6,4,0,50,87.75
12.42,371,9,4,0,50,64.98
14.26,358,10,4,0,50,72.18
3.56,229,12,5,0,50,31.33
11.67,387,10,1,0,50,52.7
8.76,134,11,1,0,50,32.3
13.26,227,12,1,0,50,40.37
3.24,186,23,1,0,50,34.62
15.73,702,0,2,0,50,130.87
15.74,467,4,2,0,50,70.57
9.98,436,8,2,0,50,55.55
1.95,180,10,2,0,50,16.65
16.67,451,5,3,0,50,60.85
9.44,271,7,3,0,50,54.97
10.64,329,9,3,0,50,66.63
5.04,133,11,3,0,50,29.88
11.69,264,13,3,0,50,42.9
12.94,237,5,4,0,50,47.08
21.8,579,9,4,0,50,96.37
2.04,106,4,5,0,50,17.93
20.29,225,5,5,0,50,44.6
22.0,588,8,5,0,50,93.75
12.93,311,13,5,0,50,44.57
12.61,255,9,0,0,50,43.03
14.8,876,11,0,0,50,85.92
13.15,309,1,3,0,50,60.67
1.65,67,3,3,0,50,7.15
36.1,795,9,3,0,50,153.58
11.95,370,13,3,0,50,53.28
8.06,439,10,2,0,50,79.58
3.35,108,23,2,0,50,25.25
3.77,146,23,3,0,50,21.67
5.41,226,4,4,0,50,36.92
2.97,82,2,5,0,50,13.25
20.7,642,9,5,0,50,117.3
8.3,468,6,6,0,50,68.63
3.28,123,0,0,0,50,16.75
5.24,233,12,0,0,50,48.25
3.9,173,10,1,0,50,31.17
4.05,232,23,1,0,50,27.92
2.05,75,23,2,0,50,9.75
6.31,198,0,3,0,50,28.75
5.97,189,23,3,0,50,30.08
3.44,151,10,4,0,50,22.75
7.07,356,2,5,0,50,57.5
6.74,316,11,5,0,50,54.5
3.79,113,13,5,0,50,30.05
7.91,344,5,6,0,50,52.33
9.78,411,7,6,0,50,67.35
1.42,29,23,6,0,50,6.67
4.92,143,23,6,0,50,20.58
1.77,100,4,0,0,50,13.5
3.51,105,10,0,0,50,16.92
4.05,196,23,0,0,50,30.5
5.65,268,10,1,0,50,47.92
3.45,202,23,1,0,50,23.17
2.87,61,11,2,0,50,12.0
3.4,111,23,2,0,50,15.47
3.91,122,11,3,0,50,24.75
1.8,91,12,3,0,50,16.25
3.61,106,23,3,0,50,15.08
6.99,487,5,5,0,50,77.17
8.14,360,11,5,0,50,50.6
4.34,173,13,5,0,50,26.43
0.75,83,4,6,0,50,8.88
0.65,40,9,6,0,50,5.08
2.29,103,0,0,0,50,13.0
4.67,197,11,0,0,50,32.48
3.41,120,0,1,0,50,17.92
0.71,46,4,2,0,50,5.02
0.56,51,9,2,0,50,6.5
0.67,47,10,2,0,50,8.0
3.74,106,11,2,0,50,23.03
2.79,148,0,3,0,50,18.25
3.41,93,11,3,0,50,16.67
3.78,136,23,3,0,50,19.18
3.3,87,13,4,0,50,17.92
13.09,931,4,5,0,50,138.02
3.91,150,4,6,0,50,23.67
5.85,278,5,6,0,50,50.47
0.59,24,6,6,0,50,6.42
20.13,537,7,6,0,50,101.67
0.87,63,14,6,0,50,9.0
7.94,253,23,6,0,50,34.93
1.48,82,11,0,0,50,10.08
2.3,91,11,0,0,50,13.42
3.97,195,10,1,0,50,37.78
3.44,85,11,2,0,50,16.75
3.03,106,0,3,0,50,16.58
3.64,246,1,3,0,50,29.75
0.64,38,4,3,0,50,5.42
3.58,126,10,3,0,50,17.42
2.98,104,0,4,0,50,15.0
12.99,320,9,4,0,50,59.27
3.51,88,13,4,0,50,17.25
5.18,265,2,5,0,50,37.75
17.26,436,12,5,0,50,94.58
9.95,390,1,6,0,50,68.75
7.59,534,3,6,0,50,78.03
1.89,64,7,6,0,50,10.75
2.87,148,0,0,0,50,19.5
3.46,137,10,0,0,50,18.5
3.39,103,11,1,0,50,16.92
4.18,182,23,1,0,50,35.32
3.64,168,23,2,0,50,23.75
3.39,256,3,3,0,50,28.92
3.48,70,11,3,0,50,19.02
1.94,53,0,4,0,50,8.67
3.56,140,11,4,0,50,19.42
19.41,1034,5,5,0,50,172.0
3.7,92,4,6,0,50,19.02
4.58,282,5,6,0,50,43.17
5.39,132,13,6,0,50,21.08
3.63,120,11,0,0,50,18.58
3.32,146,23,0,0,50,19.92
2.5,75,13,1,0,50,11.92
3.95,162,23,1,0,50,22.17
2.9,120,23,2,0,50,16.92
1.86,88,11,3,0,50,12.42
3.72,198,12,3,0,50,34.0
2.08,53,13,3,0,50,7.83
7.37,209,2,6,0,50,41.67
8.87,535,3,6,0,50,71.5
7.99,206,7,6,0,50,34.92
31.98,674,0,2,0,50,147.08
61.24,251,9,2,0,50,81.08
3.19,75,14,2,0,50,12.33
3.88,111,12,3,0,50,19.08
2.83,99,0,4,0,50,14.75
3.3,101,11,4,0,50,15.25
1.83,88,5,5,0,50,12.77
7.64,428,12,5,0,50,66.5
7.58,139,1,6,0,50,25.42
3.78,153,23,0,0,50,19.0
10.62,782,9,1,0,50,113.17
3.28,50,12,1,0,50,6.33
3.37,90,13,1,0,50,15.42
1.85,87,0,2,0,50,12.0
1.88,62,9,2,0,50,7.42
3.09,80,11,2,0,50,13.92
2.82,105,0,3,0,50,14.5
3.89,145,11,3,0,50,33.45
2.72,178,0,4,0,50,22.17
3.29,88,12,4,0,50,13.77
7.44,254,3,5,0,50,41.0
4.55,345,4,5,0,50,42.33
2.78,69,2,6,0,50,12.1
2.69,123,0,0,0,50,16.25
3.3,98,11,0,0,50,18.33
5.27,166,12,2,0,50,29.75
7.8,543,10,3,0,50,75.58
3.03,142,0,4,0,50,18.53
27.91,387,0,0,0,50,89.25
25.67,369,9,0,0,50,80.78
1.12,140,10,0,0,50,13.37
11.18,100,0,1,0,50,21.33
2.16,56,9,1,0,50,7.0
0.59,31,13,1,0,50,5.42
16.54,1085,14,1,0,50,182.83
114.29,111,0,2,0,50,85.43
119.9,245,3,2,0,50,142.42
12.02,299,5,2,0,50,56.42
6.59,457,6,2,0,50,76.67
10.99,151,23,2,0,50,31.75
6.31,290,6,3,0,50,50.25
2.62,99,10,3,0,50,16.67
4.96,181,11,3,0,50,30.58
17.47,637,12,3,0,50,91.42
1.38,70,3,4,0,50,10.25
7.29,173,4,4,0,50,25.5
2.5,70,9,4,0,50,11.17
3.3,129,9,4,0,50,31.25
4.03,125,12,4,0,50,25.0
13.39,464,13,4,0,50,78.67
2.0,40,0,5,0,50,7.33
1.59,45,4,5,0,50,9.25
32.34,322,7,5,0,50,72.33
21.72,114,9,5,0,50,31.25
8.95,288,4,6,0,50,42.08
4.46,323,5,6,0,50,40.75
0.59,61,13,6,0,50,6.67
10.05,131,14,6,0,50,30.17
38.94,139,23,6,0,50,50.28
36.27,526,4,0,0,50,82.33
1.42,68,10,0,0,50,10.08
77.21,197,22,0,0,50,96.5
3.27,54,0,1,0,50,13.25
41.49,443,2,1,0,50,111.67
67.2,192,5,1,0,50,82.42
105.22,334,9,1,0,50,120.33
2.41,89,11,1,0,50,13.38
6.79,555,13,1,0,50,60.83
11.97,206,23,1,0,50,40.75
47.75,97,0,2,0,50,43.0
72.62,196,4,2,0,50,107.17
9.61,334,11,2,0,50,57.67
27.69,282,23,2,0,50,67.0
34.13,394,1,3,0,50,85.58
47.46,185,9,3,0,50,74.17
4.68,298,12,3,0,50,40.58
11.73,142,0,4,0,50,30.67
56.21,659,3,4,0,50,134.38
83.2,987,9,4,0,50,177.0
21.7,182,0,5,0,50,62.6
4.79,124,2,5,0,50,23.33
26.56,453,5,5,0,50,88.43
8.94,369,18,5,0,50,45.08
0.62,40,4,6,0,50,5.5
52.67,324,23,6,0,50,93.33
78.66,1224,4,0,0,50,241.92
11.94,168,23,0,0,50,33.43
10.73,139,0,2,0,50,27.33
11.01,166,23,2,0,50,31.42
1.19,40,1,3,0,50,7.5
2.09,43,10,3,0,50,6.08
7.08,396,13,3,0,50,68.08
5.31,283,14,3,0,50,36.0
11.95,142,23,3,0,50,30.42
9.65,133,12,4,0,50,34.08
11.41,143,1,5,0,50,36.25
5.51,130,2,5,0,50,25.33
4.54,116,13,6,0,50,24.62
10.79,278,14,6,0,50,42.93
10.86,135,23,6,0,50,32.33
11.06,127,0,1,0,50,33.17
0.71,65,0,2,0,50,8.25
5.28,337,4,2,0,50,44.62
7.61,209,12,2,0,50,50.48
10.7,125,0,3,0,50,25.0
1.27,113,11,3,0,50,13.1
11.54,118,23,3,0,50,32.42
1.14,66,9,4,0,50,12.33
7.48,136,12,4,0,50,29.48
12.01,189,5,5,0,50,36.17
33.79,600,7,6,0,50,112.0
11.6,152,23,6,0,50,32.92
1.25,86,10,0,0,50,11.25
0.62,10,10,0,0,50,6.08
24.29,1252,11,0,0,50,241.67
3.08,43,4,2,0,50,9.17
1.68,84,12,2,0,50,15.67
1.73,25,0,3,0,50,6.17
20.94,20,1,3,0,50,24.17
38.71,345,1,3,0,50,103.92
8.1,189,0,4,0,50,62.15
9.01,212,1,4,0,50,66.08
36.28,519,4,4,0,50,119.17
3.62,114,7,4,0,50,20.25
21.44,131,7,4,0,50,53.17
27.35,466,9,4,0,50,113.42
60.45,95,7,5,0,50,47.92
6.9,115,8,5,0,50,20.75
33.21,215,11,5,0,50,62.02
14.24,789,13,5,0,50,136.08
10.14,176,22,5,0,50,35.92
17.48,52,23,5,0,50,29.92
60.67,1039,3,6,0,50,177.0
39.78,201,7,6,0,50,58.92
76.45,288,8,6,0,50,95.83
12.47,157,0,0,0,50,36.5
19.2,250,6,0,0,50,70.08
2.87,66,7,0,0,50,13.08
9.43,204,9,0,0,50,36.58
10.83,275,11,0,0,50,44.67
11.4,178,23,0,0,50,38.33
10.78,82,3,1,0,50,22.33
8.53,68,5,1,0,50,18.5
1.54,91,9,1,0,50,10.27
5.82,167,12,1,0,50,31.58
9.93,181,23,1,0,50,34.92
8.94,242,2,2,0,50,37.83
33.61,754,5,2,0,50,152.92
10.31,203,9,2,0,50,37.58
8.88,176,12,2,0,50,36.58
76.95,217,22,2,0,50,99.67
3.16,58,0,3,0,50,14.25
69.41,429,2,3,0,50,113.33
6.92,264,4,3,0,50,37.42
101.2,219,6,3,0,50,131.08
10.0,249,9,3,0,50,41.58
29.95,1031,9,3,0,50,194.25
9.22,192,13,3,0,50,34.83
11.91,162,0,4,0,50,42.85
7.39,20,1,4,0,50,11.17
71.74,161,9,4,0,50,74.42
2.7,155,11,4,0,50,27.17
14.24,743,12,4,0,50,118.17
72.55,169,0,5,0,50,78.83
2.47,122,1,5,0,50,20.42
73.16,240,9,5,0,50,85.08
31.89,96,0,6,0,50,37.0
8.07,82,0,6,0,50,18.08
48.01,177,4,6,0,50,78.33
66.79,171,9,6,0,50,68.92
0.9,71,11,6,0,50,10.58
12.71,360,12,6,0,50,64.0
11.91,209,0,0,0,50,35.58
74.38,1545,8,0,0,50,279.67
5.97,249,13,0,0,50,66.08
75.45,204,22,0,0,50,89.75
3.14,53,0,1,0,50,10.83
3.68,280,1,1,0,50,41.42
71.45,988,10,1,0,50,186.08
34.27,236,6,2,0,50,61.33
48.59,521,8,2,0,50,119.92
5.86,180,11,2,0,50,28.37
10.58,176,23,2,0,50,38.58
16.69,150,23,2,0,50,41.92
15.95,176,1,3,0,50,34.83
45.83,588,7,3,0,50,123.5
3.7,309,9,3,0,50,39.67
16.87,530,11,3,0,50,98.52
12.03,147,0,4,0,50,35.08
6.15,367,11,4,0,50,47.58
13.04,293,12,4,0,50,60.67
34.32,1346,4,5,0,50,231.18
17.19,268,14,5,0,50,65.67
1.79,113,11,6,0,50,16.5
11.44,184,0,1,0,50,36.75
0.97,47,1,1,0,50,8.25
12.63,433,12,1,0,50,82.42
12.11,169,0,2,0,50,35.42
5.0,206,10,2,0,50,37.08
9.64,386,12,2,0,50,67.17
11.55,138,23,2,0,50,37.5
0.58,47,10,3,0,50,6.17
19.4,716,11,3,0,50,119.75
8.54,92,10,4,0,50,17.5
9.35,710,12,4,0,50,99.83
1.9,42,4,5,0,50,5.08
11.56,209,7,6,0,50,37.33
5.03,149,14,6,0,50,33.58
12.48,137,0,0,0,50,34.17
15.04,511,11,1,0,50,96.25
4.23,144,0,2,0,50,23.33
1.22,77,9,2,0,50,13.85
13.14,323,11,2,0,50,69.08
11.26,169,0,3,0,50,32.25
15.76,201,10,3,0,50,42.17
8.59,348,11,3,0,50,51.67
12.24,166,0,4,0,50,31.92
0.92,85,11,4,0,50,9.75
11.15,287,11,4,0,50,51.75
11.6,183,21,4,0,50,38.0
47.61,203,22,4,0,50,75.65
43.23,91,0,5,0,50,58.25
42.42,57,1,5,0,50,50.17
22.94,153,4,6,0,50,46.33
4.24,306,5,6,0,50,41.17
6.38,245,13,6,0,50,40.35
7.42,207,23,6,0,50,33.75
9.06,206,11,0,0,50,38.58
12.96,146,0,1,0,50,36.83
8.43,314,11,1,0,50,70.17
9.77,129,0,2,0,50,36.0
9.59,197,13,2,0,50,38.42
11.68,163,0,3,0,50,38.83
3.18,205,10,4,0,50,24.08
2.07,185,2,5,0,50,20.58
30.42,489,13,5,0,50,109.42
7.57,84,6,6,0,50,15.92
3.91,200,23,0,0,50,38.5
2.61,92,11,1,0,50,18.25
2.66,103,23,1,0,50,22.83
11.8,188,11,2,0,50,42.08
12.34,152,23,2,0,50,38.67
8.85,416,11,3,0,50,79.38
11.97,182,23,3,0,50,41.0
8.43,391,11,4,0,50,56.25
21.44,514,4,5,0,50,91.58
3.08,189,11,0,0,50,34.22
11.67,148,23,0,0,50,41.0
12.03,173,23,1,0,50,37.25
25.29,1390,4,0,0,50,236.38
23.31,1048,9,0,0,50,159.57
7.52,490,9,1,0,50,77.17
13.74,600,12,1,0,50,99.83
4.64,150,5,4,0,50,25.52
0.9,53,12,5,0,50,8.33
13.53,297,5,6,0,50,52.83
14.63,556,8,6,0,50,91.03
1.1,23,8,1,0,50,9.35
5.34,279,10,1,0,50,52.17
9.06,611,8,4,0,50,99.42
3.07,177,4,5,0,50,35.0
7.11,543,12,1,0,50,79.0
7.6,375,4,5,0,50,80.58
29.93,605,6,5,0,50,113.08
2.74,204,4,0,0,50,29.25
10.62,217,7,0,0,50,37.33
8.67,90,9,0,0,50,23.75
23.7,195,1,1,0,50,58.92
29.11,57,9,1,0,50,34.83
7.27,36,13,1,0,50,10.42
18.36,325,9,6,0,50,67.92
17.2,178,12,6,0,50,37.23
10.8,309,12,0,0,50,74.08
7.64,229,13,1,0,50,43.0
9.64,681,22,1,0,50,114.75
6.97,574,15,2,0,50,80.08
2.66,121,23,2,0,50,18.5
7.1,436,23,2,0,50,63.17
6.06,145,23,2,0,50,24.25
14.57,382,13,4,0,50,69.08
3.09,172,2,5,0,50,21.25
4.49,137,3,5,0,50,22.33
2.36,145,4,0,0,50,16.18
4.54,81,4,0,0,50,19.58
5.16,81,10,0,0,50,13.68
5.83,34,14,0,0,50,12.67
4.61,95,10,2,0,50,24.83
3.24,234,23,2,0,50,28.1
4.36,83,0,3,0,50,18.75
2.68,62,3,4,0,50,17.05
6.74,154,4,4,0,50,38.6
9.25,151,7,4,0,50,36.77
4.19,99,10,4,0,50,34.22
4.66,103,13,4,0,50,27.62
30.43,140,3,5,0,50,51.0
2.32,71,4,5,0,50,20.02
1.64,95,5,5,0,50,14.68
11.49,48,4,6,0,50,20.62
6.59,105,22,6,0,50,35.65
24.58,63,0,0,0,50,87.68
22.76,62,1,0,0,50,57.6
45.25,72,3,0,0,50,64.5
23.24,63,5,0,0,50,48.87
24.87,56,7,0,0,50,47.17
25.85,58,8,0,0,50,53.82
4.62,100,9,0,0,50,11.37
1.22,42,9,0,0,50,8.6
2.51,83,10,0,0,50,9.93
6.56,215,22,0,0,50,35.68
73.22,230,23,0,0,50,127.4
99.93,203,8,1,0,50,181.17
6.08,99,11,1,0,50,36.4
2.24,47,3,2,0,50,19.53
11.1,77,4,2,0,50,33.27
13.55,133,8,2,0,50,46.45
4.32,161,21,2,0,50,23.03
34.83,155,22,2,0,50,66.2
23.9,111,0,3,0,50,76.18
3.99,49,2,3,0,50,23.37
5.64,130,9,3,0,50,22.78
5.39,126,22,3,0,50,33.28
72.08,165,6,4,0,50,88.32
55.49,233,9,4,0,50,185.13
21.02,108,12,4,0,50,38.97
6.03,82,13,4,0,50,33.03
3.63,22,10,5,0,50,7.97
9.92,111,22,5,0,50,37.92
29.21,51,23,5,0,50,41.23
6.3,66,2,6,0,50,37.7
10.44,24,5,6,0,50,16.38
23.7,30,5,6,0,50,24.45
32.34,51,6,6,0,50,44.6
3.92,89,9,6,0,50,28.97
9.84,94,22,6,0,50,33.65
52.25,54,23,6,0,50,77.23
44.42,41,3,0,0,50,55.53
0.89,6,4,0,0,50,5.02
4.59,121,7,0,0,50,8.83
2.31,20,8,0,0,50,21.28
8.79,34,9,0,0,50,16.8
4.46,78,22,0,0,50,24.45
35.55,46,0,1,0,50,66.42
14.25,23,1,1,0,50,23.95
26.84,37,2,1,0,50,43.83
6.85,53,3,1,0,50,23.3
13.89,58,6,1,0,50,37.52
1.06,24,8,1,0,50,6.35
5.96,212,9,1,0,50,32.12
32.8,54,22,1,0,50,35.58
5.88,75,4,2,0,50,27.28
3.29,10,5,2,0,50,5.05
15.85,102,6,2,0,50,24.62
13.74,39,7,2,0,50,32.88
26.17,70,10,2,0,50,49.45
6.8,175,11,2,0,50,40.2
5.11,120,22,2,0,50,27.02
6.66,23,1,3,0,50,16.57
17.31,19,1,3,0,50,20.17
29.59,118,2,3,0,50,38.85
3.27,16,5,3,0,50,12.03
10.14,18,6,3,0,50,31.28
12.9,20,7,3,0,50,30.75
4.95,123,9,3,0,50,26.45
2.26,64,10,3,0,50,14.13
4.35,81,22,3,0,50,20.03
10.87,15,0,4,0,50,17.33
1.69,28,1,4,0,50,9.53
12.22,27,1,4,0,50,25.85
18.67,54,4,4,0,50,26.95
50.72,134,4,4,0,50,86.32
3.59,132,10,4,0,50,19.7
3.81,108,13,4,0,50,40.13
13.65,77,3,5,0,50,33.97
17.11,65,11,5,0,50,31.03
13.58,52,0,0,0,50,34.85
47.95,88,1,0,0,50,43.78
42.5,61,5,0,0,50,52.37
11.09,28,6,0,0,50,17.58
56.59,181,6,0,0,50,98.78
2.94,23,9,0,0,50,17.27
1.01,16,10,0,0,50,6.48
4.0,85,22,0,0,50,21.92
55.15,130,0,1,0,50,106.88
40.45,60,5,1,0,50,85.3
9.83,78,6,1,0,50,47.23
18.11,62,7,1,0,50,43.65
1.53,23,23,1,0,50,7.93
175.54,479,0,2,0,50,243.62
2.63,52,5,2,0,50,20.57
13.68,35,5,2,0,50,17.02
164.3,401,6,2,0,50,192.82
7.59,166,10,2,0,50,35.52
36.22,108,23,2,0,50,75.4
19.87,30,1,3,0,50,25.8
17.8,16,4,3,0,50,22.33
16.43,14,5,3,0,50,26.03
89.74,47,6,3,0,50,94.07
25.78,27,5,4,0,50,36.7
4.02,40,8,4,0,50,21.07
44.8,128,12,4,0,50,73.42
22.18,45,1,5,0,50,40.18
6.01,209,3,5,0,50,57.52
5.09,101,22,5,0,50,25.85
0.89,3,23,5,0,50,6.98
16.54,81,4,6,0,50,49.88
6.92,45,7,6,0,50,24.0
9.51,77,8,6,0,50,46.83
3.35,149,10,6,0,50,19.53
11.22,81,1,0,0,50,41.5
47.87,95,10,0,0,50,79.57
5.63,147,12,0,0,50,28.17
13.4,144,21,0,0,50,32.35
12.7,14,22,0,0,50,16.67
23.0,36,22,0,0,50,34.83
8.0,18,0,1,0,50,15.13
15.64,112,5,1,0,50,42.23
6.99,97,6,1,0,50,30.75
9.18,123,7,1,0,50,36.93
20.19,95,10,1,0,50,48.9
7.57,36,12,1,0,50,12.13
3.29,102,13,1,0,50,18.28
32.33,75,21,1,0,50,61.72
23.4,55,22,1,0,50,35.4
11.76,16,4,2,0,50,13.03
50.36,104,9,2,0,50,108.32
2.89,92,11,2,0,50,14.32
24.49,33,22,2,0,50,29.82
4.97,12,4,3,0,50,12.47
63.78,76,8,3,0,50,66.38
6.39,35,10,3,0,50,17.58
8.64,51,12,3,0,50,17.95
44.62,76,22,3,0,50,63.82
29.08,125,1,4,0,50,88.98
30.12,68,4,4,0,50,63.58
16.64,46,7,4,0,50,43.35
54.58,98,9,4,0,50,48.3
10.35,322,4,5,0,50,92.57
6.4,191,6,5,0,50,56.75
15.43,275,12,5,0,50,93.75
22.78,64,1,0,0,50,38.28
16.72,53,4,0,0,50,49.13
11.12,223,9,0,0,50,52.5
6.45,339,22,0,0,50,28.08
4.32,131,9,1,0,50,37.55
3.26,137,10,1,0,50,16.12
18.85,27,22,1,0,50,32.92
34.51,18,23,1,0,50,36.0
9.98,26,2,2,0,50,18.3
6.01,37,4,2,0,50,13.4
30.18,35,4,2,0,50,36.67
40.8,139,5,2,0,50,150.27
7.61,228,9,2,0,50,40.75
2.44,58,22,2,0,50,12.72
24.62,38,0,3,0,50,74.6
27.24,85,1,3,0,50,98.57
2.2,51,9,3,0,50,13.7
9.68,199,9,3,0,50,27.63
6.19,90,21,3,0,50,16.3
14.04,28,22,3,0,50,23.38
92.95,102,22,3,0,50,101.53
114.89,186,4,5,0,50,160.33
5.22,139,8,5,0,50,36.68
3.65,115,22,6,0,50,21.98
56.29,90,23,6,0,50,109.03
112.04,133,2,0,0,50,165.82
22.4,15,5,0,0,50,33.15
9.45,23,6,0,0,50,22.65
17.81,35,7,0,0,50,45.38
1.18,61,9,0,0,50,13.12
2.58,112,9,0,0,50,18.53
6.09,86,22,0,0,50,26.95
6.03,25,0,1,0,50,17.18
1.21,15,1,1,0,50,13.63
42.16,32,1,1,0,50,65.33
59.65,249,4,1,0,50,193.02
1.78,51,9,1,0,50,11.25
1.31,62,10,1,0,50,9.92
4.19,71,22,1,0,50,24.75
64.74,344,0,2,0,50,158.47
43.47,89,3,2,0,50,55.97
52.68,69,22,2,0,50,44.83
10.8,30,0,3,0,50,37.33
53.18,54,0,3,0,50,73.25
69.74,37,3,3,0,50,70.67
1.72,37,4,3,0,50,14.53
9.62,148,7,3,0,50,64.13
5.85,218,9,3,0,50,38.17
5.54,110,22,3,0,50,34.38
14.37,92,1,4,0,50,18.85
24.54,46,2,4,0,50,44.23
3.01,14,3,4,0,50,8.17
2.67,50,6,4,0,50,18.88
12.82,86,6,4,0,50,51.6
24.51,133,9,4,0,50,49.67
22.35,129,10,4,0,50,47.52
5.55,94,11,4,0,50,28.02
12.24,65,23,4,0,50,22.38
35.43,56,2,5,0,50,75.67
3.13,49,6,0,0,50,20.7
8.91,91,7,0,0,50,37.12
2.98,75,8,0,0,50,21.2
4.23,36,22,0,0,50,13.15
46.0,148,0,1,0,50,84.63
21.35,73,2,1,0,50,55.12
30.4,66,4,1,0,50,44.22
35.06,88,6,1,0,50,54.73
142.49,105,7,1,0,50,158.97
13.31,52,10,1,0,50,34.27
21.07,115,10,1,0,50,44.18
3.14,102,12,1,0,50,11.62
5.1,219,22,1,0,50,30.47
122.52,57,0,2,0,50,121.73
21.86,33,2,2,0,50,42.35
12.29,41,5,2,0,50,41.52
8.44,21,6,2,0,50,13.83
73.07,17,7,2,0,50,51.6
44.26,34,8,2,0,50,40.62
82.5,62,13,2,0,50,88.83
5.95,166,15,2,0,50,31.5
2.62,93,22,2,0,50,15.35
41.77,35,0,3,0,50,68.58
13.77,35,1,3,0,50,27.05
2.19,11,3,3,0,50,7.05
3.3,30,4,3,0,50,13.77
3.83,14,5,3,0,50,14.08
17.62,31,7,3,0,50,39.33
16.44,29,8,3,0,50,26.63
4.12,12,8,3,0,50,6.17
49.98,32,9,3,0,50,64.83
7.89,199,11,3,0,50,26.3
25.98,135,0,4,0,50,66.27
31.43,90,1,4,0,50,59.7
64.49,83,5,4,0,50,94.77
4.4,139,9,4,0,50,19.68
2.01,16,10,4,0,50,6.43
4.4,77,22,4,0,50,23.87
28.93,45,23,4,0,50,41.85
11.13,50,3,5,0,50,16.92
8.4,17,4,5,0,50,13.43
35.36,88,6,5,0,50,77.05
3.13,102,8,5,0,50,23.07
3.65,182,8,5,0,50,30.95
1.03,40,22,6,0,50,5.63
33.42,33,4,0,0,50,60.67
42.94,57,8,0,0,50,65.67
5.73,99,10,0,0,50,24.57
9.08,43,22,0,0,50,12.57
32.16,50,23,0,0,50,39.3
34.7,39,1,1,0,50,44.95
31.28,49,5,1,0,50,45.3
35.1,69,8,1,0,50,50.68
2.99,55,10,1,0,50,14.67
22.48,80,22,1,0,50,16.78
24.57,173,1,2,0,50,73.27
26.41,27,2,2,0,50,41.47
6.11,15,3,2,0,50,15.58
6.9,214,9,2,0,50,64.78
11.91,26,0,3,0,50,18.85
27.24,102,2,3,0,50,89.52
2.87,26,5,3,0,50,11.87
1.23,11,7,3,0,50,5.37
2.22,14,7,3,0,50,6.07
6.03,38,7,3,0,50,14.9
5.8,137,9,3,0,50,38.3
2.58,75,10,3,0,50,15.43
29.95,46,23,3,0,50,38.53
50.7,73,4,4,0,50,70.9
14.76,47,9,4,0,50,21.93
40.75,126,9,4,0,50,64.55
11.31,177,11,4,0,50,30.7
47.97,208,7,5,0,50,150.73
8.96,137,10,5,0,50,38.67
1.64,67,23,5,0,50,8.1
12.47,97,23,5,0,50,38.45
20.0,216,0,6,0,50,66.48
3.69,10,2,6,0,50,10.12
12.06,45,4,6,0,50,33.5
19.23,175,5,6,0,50,75.08
1.7,34,7,6,0,50,9.65
56.48,178,0,0,0,50,131.3
4.04,30,5,0,0,50,27.43
5.22,77,6,0,0,50,40.52
47.1,114,9,0,0,50,95.92
5.33,164,11,0,0,50,30.28
8.78,6,22,0,0,50,8.08
15.54,50,22,0,0,50,25.6
52.71,118,3,1,0,50,94.15
49.4,98,6,1,0,50,79.7
3.66,71,9,1,0,50,20.63
1.64,45,22,1,0,50,7.77
6.43,24,10,2,0,50,16.1
18.6,76,10,2,0,50,24.13
59.68,152,13,2,0,50,103.1
12.62,22,21,2,0,50,17.38
13.53,52,22,2,0,50,32.6
78.03,59,4,3,0,50,109.0
76.93,112,7,3,0,50,124.95
6.21,120,10,3,0,50,19.87
3.68,120,22,3,0,50,21.02
121.96,47,23,3,0,50,126.53
21.97,33,1,4,0,50,48.37
4.04,18,2,4,0,50,12.78
3.55,57,3,4,0,50,36.97
1.02,2,4,4,0,50,5.97
2.43,38,5,4,0,50,16.63
4.41,25,6,4,0,50,19.23
4.6,14,7,4,0,50,10.07
6.08,21,7,4,0,50,21.83
117.86,63,8,4,0,50,135.72
6.26,105,12,4,0,50,13.88
3.65,71,1,5,0,50,16.6
1.53,49,4,5,0,50,6.3
2.93,71,4,5,0,50,20.3
22.9,52,5,5,0,50,20.38
6.78,296,7,5,0,50,49.27
5.7,121,22,5,0,50,28.28
7.62,63,23,5,0,50,25.6
1.71,19,0,6,0,50,17.12
3.56,32,0,6,0,50,24.2
9.45,39,1,6,0,50,22.33
31.41,53,2,6,0,50,43.78
35.67,79,3,6,0,50,54.82
30.14,39,5,6,0,50,30.7
32.64,138,6,6,0,50,72.3
5.1,83,10,6,0,50,30.8
1.14,34,11,6,0,50,8.02
8.39,129,22,6,0,50,39.28
34.78,309,0,0,0,50,55.13
17.14,80,1,0,0,50,31.05
4.68,32,2,0,0,50,26.35
2.38,14,3,0,0,50,9.18
2.14,19,4,0,0,50,8.98
18.87,52,5,0,0,50,50.43
55.72,119,6,0,0,50,137.17
5.03,114,9,0,0,50,29.47
1.03,47,10,0,0,50,6.95
9.79,335,12,0,0,50,54.2
108.07,161,22,0,0,50,181.45
41.73,80,1,1,0,50,87.37
41.27,20,3,1,0,50,51.43
24.44,16,4,1,0,50,35.7
3.3,18,7,1,0,50,7.88
110.46,73,7,1,0,50,113.5
22.35,58,9,1,0,50,56.87
15.4,36,11,1,0,50,29.28
30.6,353,12,1,0,50,104.47
4.64,71,22,1,0,50,26.47
8.05,37,0,2,0,50,22.32
60.4,74,0,2,0,50,69.3
8.92,18,2,2,0,50,15.48
2.25,20,5,2,0,50,7.32
30.04,38,5,2,0,50,67.08
16.87,50,7,2,0,50,35.48
45.44,53,7,2,0,50,68.17
4.77,172,10,2,0,50,34.3
3.19,75,22,2,0,50,16.18
11.13,86,0,3,0,50,64.25
28.93,83,1,3,0,50,59.22
9.57,46,2,3,0,50,25.62
1.32,14,3,3,0,50,6.52
3.47,30,3,3,0,50,11.87
3.79,109,7,3,0,50,44.58
3.73,131,9,3,0,50,20.38
13.6,47,3,4,0,50,54.18
13.94,181,12,4,0,50,59.33
4.8,70,23,4,0,50,22.58
29.93,14,2,5,0,50,48.92
32.45,58,3,5,0,50,49.78
12.51,94,9,5,0,50,39.88
8.75,228,22,5,0,50,47.43
7.74,120,23,5,0,50,35.78
30.6,38,2,6,0,50,36.62
34.5,41,3,6,0,50,38.13
23.69,27,7,6,0,50,46.47
40.08,221,8,6,0,50,114.72
5.94,131,22,6,0,50,30.38
1.08,6,23,6,0,50,5.0
32.82,62,23,6,0,50,30.1
33.01,86,7,0,0,50,63.13
4.86,121,9,0,0,50,45.17
3.15,44,12,0,0,50,34.52
5.32,69,22,0,0,50,27.83
27.99,32,0,1,0,50,30.27
54.88,171,1,1,0,50,135.55
7.01,46,4,1,0,50,23.8
23.01,33,5,1,0,50,36.17
21.37,58,7,1,0,50,58.47
10.39,21,9,1,0,50,20.57
68.21,66,12,1,0,50,117.18
5.38,122,14,1,0,50,28.83
7.25,107,22,1,0,50,27.12
13.99,9,0,2,0,50,17.52
22.47,32,2,2,0,50,37.85
35.51,92,6,2,0,50,83.73
6.09,129,9,2,0,50,37.07
6.14,154,22,2,0,50,29.77
6.54,19,2,3,0,50,11.4
2.16,17,2,3,0,50,11.38
7.61,44,3,3,0,50,16.93
11.74,29,6,3,0,50,28.23
16.72,72,8,3,0,50,36.17
2.38,43,9,3,0,50,14.28
3.75,60,10,3,0,50,17.28
5.19,82,22,3,0,50,22.88
49.3,122,23,3,0,50,85.47
35.76,27,1,4,0,50,43.77
21.11,80,4,4,0,50,54.8
4.6,77,9,4,0,50,29.38
2.15,70,10,4,0,50,18.72
103.89,90,21,4,0,50,132.8
111.44,27,0,5,0,50,83.15
36.02,39,2,5,0,50,44.03
228.11,84,4,5,0,50,242.45
6.61,123,9,5,0,50,49.0
5.09,54,21,6,0,50,21.3
46.74,100,22,6,0,50,67.55
65.13,105,0,0,0,50,104.18
5.49,99,9,0,0,50,27.05
53.35,213,21,0,0,50,119.83
17.89,36,4,1,0,50,39.12
20.35,27,5,1,0,50,35.18
6.44,112,10,1,0,50,42.2
5.95,101,22,1,0,50,38.77
47.49,77,9,2,0,50,91.15
5.98,168,11,2,0,50,30.77
4.97,112,21,2,0,50,26.77
47.94,143,21,2,0,50,85.37
10.43,109,5,3,0,50,46.43
7.12,22,6,3,0,50,20.18
6.92,47,7,3,0,50,20.3
60.46,128,9,3,0,50,110.87
7.75,82,3,4,0,50,31.57
4.5,42,7,4,0,50,17.87
5.57,33,9,4,0,50,20.85
1.54,41,21,4,0,50,7.02
93.72,113,22,4,0,50,125.3
120.57,72,0,5,0,50,162.6
35.6,37,3,5,0,50,39.75
31.24,34,4,5,0,50,36.62
35.72,53,5,5,0,50,54.05
5.92,110,9,5,0,50,34.05
24.89,370,8,6,0,50,194.73
22.91,171,14,6,0,50,76.87
5.26,96,22,6,0,50,29.83
68.75,76,5,0,0,50,101.4
0.9,23,7,0,0,50,10.65
3.31,20,8,0,0,50,7.77
26.97,70,8,0,0,50,52.83
72.81,78,10,0,0,50,72.47
8.51,74,12,0,0,50,40.65
1.89,59,22,0,0,50,14.2
11.9,29,0,1,0,50,29.58
11.73,34,1,1,0,50,28.67
61.25,120,3,1,0,50,107.42
27.78,111,6,1,0,50,82.82
21.37,24,8,1,0,50,28.6
4.09,78,9,1,0,50,36.62
0.84,18,10,1,0,50,6.27
4.61,94,22,1,0,50,27.13
100.06,68,4,2,0,50,105.97
105.22,59,6,2,0,50,94.6
3.37,46,9,2,0,50,17.92
2.79,79,10,2,0,50,21.83
4.59,71,22,2,0,50,24.62
2.92,27,2,3,0,50,15.35
84.74,88,5,3,0,50,113.32
31.24,56,8,3,0,50,56.22
22.4,184,10,3,0,50,84.78
37.9,22,0,4,0,50,56.93
41.97,37,2,4,0,50,49.92
2.98,70,9,4,0,50,17.43
2.61,84,10,4,0,50,16.87
3.43,44,23,4,0,50,18.35
30.59,33,2,5,0,50,35.83
34.91,69,3,5,0,50,74.83
30.26,26,5,5,0,50,32.1
31.84,58,6,5,0,50,73.45
4.61,127,9,5,0,50,19.83
185.32,220,23,5,0,50,235.45
6.93,105,3,6,0,50,52.47
4.58,72,22,6,0,50,28.18
100.21,60,0,0,0,50,117.52
106.52,106,5,0,0,50,130.25
3.26,81,9,0,0,50,21.85
4.26,94,22,0,0,50,21.73
17.26,32,23,0,0,50,35.77
34.97,75,2,1,0,50,98.65
5.98,129,9,1,0,50,59.08
5.33,82,22,1,0,50,30.38
11.69,17,6,2,0,50,25.88
12.99,34,6,2,0,50,24.48
5.97,127,7,2,0,50,33.08
15.99,206,0,3,0,50,57.4
1.39,61,2,3,0,50,6.88
13.64,184,2,3,0,50,52.87
1.37,55,14,3,0,50,8.22
12.39,30,3,4,0,50,16.27
14.95,40,5,4,0,50,27.57
16.09,36,6,4,0,50,17.02
11.36,54,12,4,0,50,22.1
65.22,165,23,4,0,50,150.6
33.67,175,5,5,0,50,81.25
30.26,26,6,5,0,50,32.87
3.42,38,9,5,0,50,24.27
1.34,47,9,5,0,50,10.87
1.48,53,10,5,0,50,14.8
4.61,57,22,5,0,50,29.08
25.73,49,1,6,0,50,51.93
22.87,24,3,6,0,50,29.38
1.92,57,10,6,0,50,11.65
6.25,145,12,6,0,50,65.2
3.16,33,22,6,0,50,16.1
46.33,196,5,0,0,50,143.47
6.55,145,10,0,0,50,49.18
5.21,48,22,0,0,50,24.92
40.36,134,10,1,0,50,104.4
69.52,299,21,1,0,50,110.08
1.4,15,23,1,0,50,5.57
32.46,170,0,2,0,50,123.32
41.95,43,3,2,0,50,45.83
41.86,45,5,2,0,50,45.1
67.55,164,6,2,0,50,150.8
72.81,88,10,2,0,50,111.08
6.08,133,13,2,0,50,34.3
30.0,126,21,2,0,50,51.37
7.87,70,22,2,0,50,15.63
5.37,58,5,3,0,50,22.82
2.88,49,6,3,0,50,17.63
26.62,110,6,3,0,50,69.68
44.7,78,9,3,0,50,74.18
3.07,48,11,3,0,50,20.53
29.4,172,21,3,0,50,67.6
23.24,41,22,3,0,50,45.37
92.76,30,5,4,0,50,90.52
103.04,67,8,4,0,50,121.8
6.44,108,10,4,0,50,54.03
49.63,188,22,4,0,50,118.83
23.43,111,0,5,0,50,79.95
21.45,59,2,5,0,50,65.05
1.06,34,4,5,0,50,8.2
46.57,156,4,5,0,50,137.3
18.98,34,11,5,0,50,45.78
143.7,66,12,5,0,50,140.52
24.42,84,0,6,0,50,49.03
24.69,102,3,6,0,50,66.97
127.96,36,5,6,0,50,116.87
44.56,243,7,6,0,50,148.25
5.25,135,22,6,0,50,25.92
45.49,136,0,0,0,50,128.2
4.72,41,3,0,0,50,16.58
6.73,53,5,0,0,50,24.12
3.72,58,6,0,0,50,29.42
25.0,87,9,0,0,50,65.77
9.26,29,10,0,0,50,27.63
4.53,73,11,0,0,50,20.95
5.52,106,22,0,0,50,29.25
15.6,78,1,1,0,50,59.15
62.42,98,5,1,0,50,120.38
5.45,80,7,1,0,50,34.47
7.91,160,9,1,0,50,30.98
5.28,91,22,1,0,50,26.07
74.6,86,0,2,0,50,113.03
31.25,21,2,2,0,50,53.02
17.84,18,6,2,0,50,32.2
7.78,13,6,2,0,50,11.78
7.52,4,7,2,0,50,8.78
94.71,81,7,2,0,50,115.62
6.17,114,10,2,0,50,42.98
5.18,69,22,2,0,50,24.78
25.35,61,0,3,0,50,58.62
24.35,60,2,3,0,50,39.0
13.59,61,5,3,0,50,57.77
13.61,43,8,3,0,50,23.5
6.07,109,9,3,0,50,33.92
10.58,116,21,3,0,50,52.72
3.62,19,23,3,0,50,11.92
2.36,20,0,4,0,50,7.83
6.78,50,2,4,0,50,31.68
59.77,251,9,4,0,50,160.3
4.34,84,22,4,0,50,24.12
34.68,141,23,4,0,50,94.82
39.9,41,1,5,0,50,69.08
24.33,34,3,5,0,50,23.07
67.56,101,5,5,0,50,56.6
2.55,13,7,5,0,50,10.22
24.49,109,8,5,0,50,54.57
25.34,143,10,5,0,50,86.62
7.16,69,6,6,0,50,31.55
8.76,149,9,6,0,50,46.78
34.77,62,22,6,0,50,26.67
6.31,124,22,6,0,50,39.18
9.33,33,0,0,0,50,33.37
7.42,6,1,0,0,50,22.08
3.59,14,1,0,0,50,11.42
7.81,33,1,0,0,50,34.68
9.9,114,9,0,0,50,53.17
60.13,156,22,0,0,50,88.58
1.46,14,4,1,0,50,5.62
45.81,59,5,1,0,50,58.47
2.81,43,6,1,0,50,17.58
48.73,29,7,1,0,50,59.77
9.33,34,8,1,0,50,14.72
12.18,70,10,1,0,50,18.93
11.06,165,10,1,0,50,48.73
4.51,74,23,1,0,50,24.4
13.34,52,6,2,0,50,24.67
12.4,36,7,2,0,50,23.25
33.01,187,9,2,0,50,115.82
3.15,44,22,2,0,50,16.45
100.68,64,23,2,0,50,123.73
31.2,55,1,3,0,50,55.27
6.14,31,2,3,0,50,14.68
4.1,68,3,3,0,50,45.05
34.2,34,4,3,0,50,47.17
33.24,85,5,3,0,50,44.27
78.56,54,6,3,0,50,84.52
6.27,120,9,3,0,50,42.3
29.68,180,22,3,0,50,106.13
24.4,55,0,4,0,50,58.47
6.34,79,5,4,0,50,33.87
37.19,178,9,4,0,50,145.5
3.14,14,23,4,0,50,11.67
32.2,83,0,5,0,50,100.25
37.36,159,5,5,0,50,77.13
5.2,106,7,5,0,50,35.57
9.59,148,2,6,0,50,62.15
4.81,105,5,6,0,50,38.9
13.07,148,7,6,0,50,50.67
3.38,76,9,6,0,50,25.18
5.01,50,21,6,0,50,23.9
23.41,46,21,6,0,50,33.65
22.91,29,22,6,0,50,37.68
13.01,66,6,0,0,50,42.68
9.34,33,9,0,0,50,30.25
55.24,72,12,0,0,50,90.03
6.42,45,14,0,0,50,11.82
5.35,87,15,0,0,50,23.27
5.3,67,21,0,0,50,23.43
46.37,72,21,0,0,50,71.33
36.59,81,2,1,0,50,68.62
2.47,25,5,1,0,50,9.88
51.38,122,9,1,0,50,110.4
6.48,141,11,1,0,50,38.72
53.17,151,21,1,0,50,114.93
24.47,28,1,2,0,50,41.9
29.45,54,2,2,0,50,50.8
5.02,24,3,2,0,50,14.3
35.13,156,4,2,0,50,80.47
12.49,220,6,2,0,50,34.03
54.5,96,9,2,0,50,116.98
6.0,103,11,2,0,50,32.88
51.88,154,21,2,0,50,105.37
4.32,13,0,3,0,50,15.0
34.27,56,0,3,0,50,73.7
6.0,105,10,3,0,50,40.23
5.34,56,22,3,0,50,30.7
4.95,53,9,4,0,50,28.67
1.13,37,10,4,0,50,6.58
65.04,320,21,4,0,50,148.2
54.97,75,0,5,0,50,71.9
110.82,183,2,5,0,50,156.7
4.89,96,6,5,0,50,55.22
6.41,100,22,6,0,50,36.57
31.36,30,23,6,0,50,37.1
7.58,83,0,0,0,50,29.8
35.65,34,1,0,0,50,39.27
21.4,83,5,0,0,50,54.15
13.09,54,6,0,0,50,24.23
12.22,54,6,0,0,50,35.62
6.14,86,9,0,0,50,37.55
5.44,83,22,0,0,50,31.17
8.72,36,0,1,0,50,43.3
1.47,22,1,1,0,50,8.4
10.1,52,2,1,0,50,29.15
8.45,161,3,1,0,50,59.88
24.15,45,5,1,0,50,41.82
25.9,60,6,1,0,50,47.97
4.04,62,10,1,0,50,27.6
2.75,115,11,1,0,50,25.15
5.13,65,22,1,0,50,26.6
17.53,37,4,2,0,50,30.17
21.21,52,9,2,0,50,56.07
6.26,155,11,2,0,50,37.33
5.32,54,22,2,0,50,30.08
12.02,44,0,3,0,50,44.93
7.66,33,2,3,0,50,15.52
21.18,53,3,3,0,50,43.02
11.0,38,5,3,0,50,12.55
21.16,64,7,3,0,50,38.33
2.54,62,9,3,0,50,16.72
4.1,87,10,3,0,50,19.63
5.53,93,22,3,0,50,29.93
45.58,40,23,3,0,50,70.0
42.24,75,5,4,0,50,62.12
7.4,238,9,4,0,50,45.13
74.85,86,23,4,0,50,118.78
13.15,77,2,5,0,50,42.92
8.27,74,3,5,0,50,53.28
81.93,41,8,5,0,50,101.83
15.6,159,0,6,0,50,83.3
14.26,160,8,6,0,50,63.4
5.13,41,22,6,0,50,33.0
186.01,138,0,0,0,50,203.43
23.36,75,5,0,0,50,40.92
3.87,35,9,0,0,50,22.13
2.2,41,10,0,0,50,13.28
5.41,97,21,0,0,50,25.97
92.49,60,22,0,0,50,90.0
85.4,58,0,1,0,50,103.42
13.24,35,2,1,0,50,24.42
5.69,94,9,1,0,50,34.67
1.08,20,10,1,0,50,7.03
78.01,66,21,1,0,50,103.43
48.07,46,0,2,0,50,67.08
32.29,131,1,2,0,50,84.73
51.41,165,5,2,0,50,108.52
6.14,111,9,2,0,50,34.32
131.81,144,22,2,0,50,160.27
16.68,16,1,3,0,50,30.82
106.25,36,2,3,0,50,97.37
3.33,35,9,3,0,50,17.5
2.63,99,9,3,0,50,20.37
5.4,64,22,3,0,50,28.57
17.57,35,0,4,0,50,66.63
26.55,37,1,4,0,50,38.93
7.13,20,2,4,0,50,19.15
24.09,52,3,4,0,50,39.7
5.54,86,9,4,0,50,32.67
89.6,58,22,4,0,50,82.88
202.37,53,0,5,0,50,137.83
31.36,123,7,5,0,50,73.33
11.47,152,9,5,0,50,82.7
4.2,39,11,5,0,50,14.3
3.51,10,12,5,0,50,6.38
2.35,9,22,5,0,50,16.12
32.86,196,23,5,0,50,64.17
2.79,26,0,6,0,50,13.33
266.09,35,5,6,0,50,169.23
3.17,216,9,5,0,50,23.65
0.9,69,10,5,0,50,5.48
8.14,212,11,5,0,50,19.78
6.42,231,13,5,0,50,20.82
4.0,177,6,6,0,50,26.17
4.94,232,9,6,0,50,21.37
1.94,84,0,0,0,50,9.53
4.25,140,6,0,0,50,16.38
4.82,248,7,0,0,50,23.18
3.75,175,12,0,0,50,19.53
2.15,95,0,1,0,50,9.42
7.3,188,0,1,0,50,25.05
12.14,439,7,1,0,50,59.2
3.19,124,8,1,0,50,13.67
4.44,139,13,1,0,50,17.8
2.36,80,0,2,0,50,8.28
4.12,128,6,2,0,50,13.85
2.34,145,2,3,0,50,11.43
4.13,247,4,3,0,50,19.68
2.39,97,5,3,0,50,11.5
2.01,36,14,4,0,50,10.13
1.71,86,4,5,0,50,8.32
3.83,225,4,5,0,50,19.68
3.81,131,10,5,0,50,17.58
3.57,207,9,0,0,50,27.32
12.93,1682,11,0,0,50,115.18
8.81,273,14,0,0,50,29.65
1.77,47,3,1,0,50,6.67
2.86,34,5,1,0,50,9.67
2.09,61,13,1,0,50,13.9
2.25,76,13,1,0,50,9.43
4.03,146,23,1,0,50,20.88
3.89,97,2,2,0,50,14.97
3.24,191,3,2,0,50,19.8
1.86,110,5,2,0,50,7.95
6.44,206,12,2,0,50,34.35
4.24,176,12,3,0,50,20.03
1.09,27,15,3,0,50,6.2
8.75,309,1,4,0,50,34.65
1.36,70,11,4,0,50,5.22
4.77,177,15,3,0,50,15.93
3.35,59,8,4,0,50,12.37
6.14,91,16,4,0,50,18.78
94.57,317,13,4,0,50,120.7
5.37,79,23,4,0,50,28.35
22.34,489,6,6,0,50,71.3
9.09,143,9,6,0,50,33.1
4.29,124,3,0,0,50,31.3
3.43,339,10,6,0,50,33.77
1.51,145,12,6,0,50,14.7
3.6,160,12,6,0,50,14.2
4.63,154,15,6,0,50,17.83
4.68,207,0,2,0,50,23.1
3.58,127,5,2,0,50,11.23
3.94,147,16,4,0,50,14.35
2.2,125,1,1,0,50,11.55
7.55,260,5,1,0,50,30.1
2.29,192,12,5,0,50,17.88
0.89,100,12,5,0,50,8.48
8.76,184,14,5,0,50,28.72
5.65,47,10,1,0,50,11.4
6.53,423,2,5,0,50,40.72
2.6,226,4,5,0,50,23.7
8.16,153,5,5,0,50,22.27
16.99,289,5,5,0,50,57.08
1.05,28,2,6,0,50,12.63
4.84,137,8,6,0,50,23.22
16.76,255,9,6,0,50,56.43
6.04,26,11,6,0,50,42.72
0.96,116,8,4,0,50,9.67
0.75,110,9,4,0,50,6.48
1.1,145,12,4,0,50,8.58
1.44,166,4,5,0,50,12.43
16.68,360,5,5,0,50,60.28
7.53,128,6,5,0,50,24.27
6.0,122,9,5,0,50,11.07
17.75,579,10,5,0,50,66.68
4.45,239,11,5,0,50,22.45
11.37,37,12,5,0,50,16.8
2.86,63,15,5,0,50,8.42
1.09,108,1,0,0,50,6.92
1.02,124,4,0,0,50,8.08
2.71,104,0,1,0,50,6.28
2.1,82,2,1,0,50,5.93
27.98,532,3,1,0,50,83.37
26.1,126,5,1,0,50,30.03
21.07,447,8,1,0,50,69.47
4.66,128,10,1,0,50,10.08
22.68,660,2,2,0,50,97.5
28.86,667,7,2,0,50,100.9
17.72,165,0,3,0,50,36.7
2.34,97,2,3,0,50,10.32
16.67,373,3,3,0,50,52.97
36.34,854,7,3,0,50,124.45
1.79,54,0,4,0,50,15.08
19.56,389,2,4,0,50,48.4
22.83,194,3,4,0,50,36.2
18.39,118,5,4,0,50,26.32
32.17,548,8,4,0,50,75.18
1.23,13,4,6,0,50,7.98
5.21,109,4,6,0,50,18.5
12.71,372,6,6,0,50,56.2
0.91,21,0,0,0,50,8.1
16.38,348,2,0,0,50,47.0
22.92,472,3,0,0,50,68.42
1.41,36,8,0,0,50,13.25
1.29,126,10,0,0,50,14.28
2.54,79,11,0,0,50,25.28
12.26,292,2,1,0,50,36.63
16.84,80,3,1,0,50,17.43
21.01,377,4,1,0,50,59.17
8.79,51,6,1,0,50,8.77
32.42,458,7,1,0,50,104.58
10.83,250,2,2,0,50,38.47
3.53,77,4,2,0,50,13.77
60.3,1334,6,2,0,50,203.35
12.05,203,2,3,0,50,31.63
22.97,232,3,3,0,50,49.95
7.9,402,5,3,0,50,44.98
10.15,165,7,3,0,50,32.95
8.02,130,7,3,0,50,12.23
7.78,384,8,3,0,50,37.63
15.54,447,1,4,0,50,52.6
16.83,430,9,4,0,50,65.23
1.76,92,5,5,0,50,8.88
3.56,117,11,5,0,50,18.52
19.74,221,2,0,0,50,45.83
0.64,100,3,1,0,50,5.58
5.82,232,5,1,0,50,31.0
2.76,331,6,1,0,50,27.2
9.13,266,10,1,0,50,34.68
12.23,347,1,2,0,50,57.65
32.7,473,4,2,0,50,102.85
28.09,609,9,2,0,50,79.17
5.27,107,0,3,0,50,9.33
11.64,204,2,3,0,50,34.53
1.96,46,4,3,0,50,6.97
11.17,313,5,3,0,50,46.78
13.19,91,7,3,0,50,17.43
3.78,58,8,3,0,50,11.62
9.39,102,8,3,0,50,15.12
23.72,588,2,4,0,50,104.33
27.88,65,4,4,0,50,22.7
22.48,614,6,4,0,50,113.62
12.13,229,2,0,0,50,38.78
6.38,13,3,0,0,50,13.67
0.59,100,4,0,0,50,6.78
1.13,140,8,0,0,50,10.0
0.72,87,10,0,0,50,5.55
1.24,126,11,0,0,50,12.42
6.11,25,12,0,0,50,5.22
3.9,55,4,2,0,50,13.67
28.62,383,4,2,0,50,69.85
4.06,118,7,2,0,50,14.05
41.29,1014,8,2,0,50,147.88
31.94,442,4,3,0,50,84.53
33.31,500,8,3,0,50,98.23
1.96,133,6,6,0,50,15.0
15.95,337,7,6,0,50,53.32
14.09,358,8,6,0,50,52.58
7.61,4,5,0,0,50,8.9
9.47,147,5,0,0,50,41.4
1.99,122,7,0,0,50,11.9
43.71,1052,8,0,0,50,152.47
2.2,33,2,1,0,50,5.35
4.2,142,3,1,0,50,21.85
17.76,574,7,1,0,50,67.1
15.59,391,2,2,0,50,63.93
6.52,358,4,2,0,50,57.77
37.35,712,8,2,0,50,90.8
47.33,106,9,2,0,50,26.4
14.68,88,10,2,0,50,28.47
13.34,136,2,3,0,50,26.27
2.08,171,3,3,0,50,20.83
2.33,176,4,3,0,50,14.88
3.86,65,5,3,0,50,5.43
4.68,73,7,3,0,50,16.63
36.89,605,8,3,0,50,91.27
2.3,139,5,4,0,50,21.58
130.28,713,7,4,0,50,146.05
15.43,390,2,0,0,50,58.17
1.73,64,3,0,0,50,9.6
28.0,628,3,1,0,50,82.5
4.15,304,5,1,0,50,42.53
4.08,242,6,1,0,50,32.32
7.97,16,11,1,0,50,12.75
27.92,573,3,2,0,50,88.8
9.52,682,9,2,0,50,65.82
22.91,430,3,3,0,50,73.43
38.35,927,7,3,0,50,156.48
12.69,296,1,4,0,50,41.1
21.66,351,2,4,0,50,62.72
0.65,32,5,4,0,50,7.67
32.48,845,7,4,0,50,102.35
12.86,178,10,4,0,50,31.58
6.3,115,6,0,0,50,15.85
36.57,823,9,0,0,50,154.98
3.19,342,13,0,0,50,24.67
2.09,208,10,1,0,50,25.07
0.85,45,2,2,0,50,5.23
24.52,334,3,2,0,50,67.2
57.12,1229,8,2,0,50,196.73
2.85,284,12,2,0,50,33.83
8.98,256,1,3,0,50,39.9
27.5,422,2,3,0,50,66.45
37.26,217,4,3,0,50,36.82
1.41,134,9,3,0,50,14.7
44.07,656,9,3,0,50,120.13
59.24,622,1,4,0,50,101.35
29.43,583,5,4,0,50,96.65
4.54,176,7,4,0,50,15.97
19.8,289,10,0,0,50,48.2
37.8,602,1,2,0,50,113.25
71.14,1718,6,2,0,50,306.75
48.58,286,2,3,0,50,54.95
21.65,614,6,3,0,50,91.33
33.68,517,2,4,0,50,87.77
27.15,379,9,4,0,50,69.72
6.94,114,2,0,0,50,24.22
20.22,567,9,0,0,50,98.27
0.97,143,11,0,0,50,7.57
0.95,148,13,0,0,50,9.45
8.8,172,1,1,0,50,27.95
26.8,447,2,1,0,50,84.92
15.9,535,8,1,0,50,63.68
8.29,303,10,1,0,50,40.92
5.08,255,11,1,0,50,55.58
10.04,194,2,2,0,50,47.05
2.56,181,4,2,0,50,24.52
29.48,290,5,2,0,50,52.43
3.25,96,8,2,0,50,6.12
16.05,588,8,2,0,50,83.55
10.57,317,10,2,0,50,64.63
1.42,45,11,2,0,50,6.63
14.88,368,2,2,0,50,46.87
7.17,576,4,2,0,50,68.88
31.68,833,7,2,0,50,145.87
11.0,249,3,3,0,50,36.55
32.95,582,7,3,0,50,128.5
5.56,200,3,5,0,50,44.92
0.8,59,4,6,0,50,7.92
9.88,330,23,1,0,50,56.25
9.07,115,1,2,0,50,46.5
7.16,104,11,2,0,50,10.58
6.04,360,3,5,0,50,71.5
12.82,894,5,5,0,50,121.67
8.24,528,0,6,0,50,89.92
9.07,402,1,6,0,50,87.25
12.35,906,5,6,0,50,117.83
4.77,236,9,3,0,50,46.18
12.98,115,14,5,0,50,22.75
4.3,46,22,5,0,50,8.5
12.91,97,5,2,0,50,25.67
5.04,86,13,2,0,50,14.58
5.32,86,15,6,0,50,14.58
5.49,71,14,3,0,50,12.5
5.66,86,17,3,0,50,15.42
3.92,143,1,5,0,50,21.42
1.54,118,11,5,0,50,15.67
3.73,146,13,5,0,50,18.83
3.83,92,15,5,0,50,14.08
21.47,281,5,1,0,50,65.92
30.79,703,5,2,0,50,123.33
7.44,228,2,4,0,50,43.75
3.42,105,13,4,0,50,16.33
17.94,789,13,4,0,50,140.5
3.29,93,16,4,0,50,19.25
4.08,128,1,5,0,50,21.5
4.03,103,10,1,0,50,19.88
8.92,365,2,4,0,50,58.58
1.99,69,12,4,0,50,11.58
0.69,43,13,4,0,50,8.0
6.47,232,12,5,0,50,38.02
7.83,231,0,4,0,50,38.47
6.83,460,1,1,0,50,75.45
5.95,191,2,1,0,50,36.58
1.23,106,8,1,0,50,11.58
16.64,987,3,2,0,50,178.27
6.42,294,9,5,0,50,44.33
0.71,53,12,6,0,50,7.0
4.95,104,13,6,0,50,15.12
7.49,237,5,2,0,50,35.75
7.21,94,10,2,0,50,25.25
18.27,222,13,2,0,50,49.03
28.93,815,14,2,0,50,152.4
11.34,445,6,1,0,50,68.57
17.0,64,0,1,0,50,31.28
24.5,606,8,1,0,50,102.13
10.02,65,12,1,0,50,21.3
10.77,145,14,1,0,50,27.77
17.98,93,0,2,0,50,28.32
18.36,103,9,2,0,50,34.02
17.9,150,0,3,0,50,45.97
22.57,142,0,0,0,50,44.12
21.92,408,8,0,0,50,78.62
20.96,85,0,1,0,50,32.58
24.32,93,1,2,0,50,38.27
22.49,215,9,2,0,50,52.28
19.55,419,1,3,0,50,88.42
20.86,182,3,3,0,50,38.97
23.44,77,9,3,0,50,32.18
24.02,218,10,3,0,50,46.5
21.23,109,0,0,0,50,37.47
8.12,360,2,0,0,50,54.43
2.69,81,5,0,0,50,18.35
1.08,74,5,0,0,50,10.72
16.55,155,8,0,0,50,34.57
23.35,371,10,0,0,50,79.97
22.28,125,0,1,0,50,39.13
41.79,181,6,1,0,50,50.85
45.14,627,9,1,0,50,115.38
17.85,71,0,2,0,50,27.43
18.86,303,2,2,0,50,55.77
19.47,293,6,2,0,50,72.9
17.89,223,10,1,0,50,42.42
17.71,133,23,1,0,50,40.83
1.32,91,5,2,0,50,13.5
8.67,112,6,6,0,50,42.52
10.59,439,7,6,0,50,112.17
1.28,108,13,6,0,50,11.33
5.42,150,13,6,0,50,28.83
20.54,527,6,1,0,50,99.73
17.78,269,23,1,0,50,58.75
45.4,2190,5,3,0,50,288.17
2.3,30,11,3,0,50,7.33
7.19,471,23,3,0,50,74.0
16.73,236,12,4,0,50,62.12
20.54,412,9,6,0,50,107.37
24.18,487,12,6,0,50,118.0
2.98,133,22,6,0,50,15.5
2.01,120,22,6,0,50,14.58
19.47,360,12,1,0,50,72.83
72.86,2023,23,1,0,50,290.55
8.23,286,4,2,0,50,51.52
17.3,162,11,2,0,50,36.25
38.22,1257,23,2,0,50,180.75
7.88,163,9,3,0,50,27.67
13.76,313,13,3,0,50,54.92
3.26,110,10,4,0,50,18.33
22.36,363,11,4,0,50,92.18
22.3,325,7,5,0,50,82.92
2.72,103,9,5,0,50,16.5
5.72,124,10,5,0,50,29.83
14.99,94,11,5,0,50,24.42
2.99,98,11,5,0,50,16.92
18.36,195,23,6,0,50,49.5
2.76,33,0,0,0,50,7.08
2.69,188,2,0,0,50,29.5
13.63,678,2,0,0,50,132.75
4.22,111,5,0,0,50,15.42
7.02,226,7,0,0,50,37.67
7.53,115,8,0,0,50,20.42
18.33,204,12,0,0,50,46.17
4.04,108,23,0,0,50,15.83
1.28,42,23,0,0,50,12.75
2.69,49,23,2,0,50,9.67
49.95,1793,5,3,0,50,271.92
18.38,262,11,3,0,50,47.05
17.27,168,23,3,0,50,40.83
19.28,263,10,4,0,50,55.83
16.0,72,23,6,0,50,28.83
0.99,73,23,6,0,50,9.33
6.6,242,10,0,0,50,50.33
22.7,305,12,0,0,50,74.0
31.96,846,23,0,0,50,145.75
1.17,47,23,1,0,50,6.77
16.43,210,13,2,0,50,48.7
2.38,32,23,2,0,50,7.67
1.21,88,11,3,0,50,13.5
1.33,21,23,3,0,50,5.75
16.62,183,13,4,0,50,39.5
1.25,23,5,5,0,50,9.83
16.75,128,5,5,0,50,33.28
17.52,238,12,5,0,50,83.75
15.92,103,15,0,0,50,34.75
32.98,1085,23,0,0,50,167.32
1.07,45,23,3,0,50,6.83
11.87,455,23,3,0,50,74.33
0.54,41,4,4,0,50,5.0
0.68,55,5,4,0,50,7.42
4.34,384,9,6,0,50,51.25
13.87,123,11,6,0,50,29.25
3.16,71,11,6,0,50,19.83
18.07,195,23,6,0,50,39.17
0.72,50,4,0,0,50,6.75
2.65,114,13,1,0,50,16.83
1.32,59,6,2,0,50,12.5
4.94,221,8,2,0,50,44.0
4.22,219,11,2,0,50,39.58
16.66,185,11,3,0,50,46.0
1.11,44,23,3,0,50,7.67
11.36,621,23,3,0,50,83.5
3.49,136,14,2,0,50,22.08
5.45,125,15,2,0,50,34.5
2.42,106,11,6,0,50,26.17
15.54,116,1,0,0,50,32.5
2.67,103,11,1,0,50,14.92
15.06,536,0,2,0,50,75.93
10.72,381,2,2,0,50,73.58
15.39,331,5,2,0,50,49.5
16.96,557,6,2,0,50,82.17
0.85,34,14,2,0,50,5.52
1.52,133,1,3,0,50,15.88
17.94,241,12,3,0,50,51.67
1.44,50,23,3,0,50,8.67
1.46,60,23,3,0,50,11.0
2.65,27,5,4,0,50,6.75
22.92,539,5,4,0,50,100.92
6.54,308,11,4,0,50,51.33
15.38,129,13,4,0,50,32.5
19.47,458,11,5,0,50,88.75
2.97,48,23,6,0,50,15.0
35.81,1930,23,6,0,50,266.58
30.44,1456,4,0,0,50,203.92
21.27,692,12,0,0,50,114.25
3.52,277,14,0,0,50,34.92
3.09,288,9,1,0,50,35.53
4.22,174,2,0,0,50,48.1
4.3,96,5,0,0,50,27.42
11.52,336,6,0,0,50,72.17
3.85,147,9,0,0,50,24.25
11.72,637,7,1,0,50,107.75
21.49,374,10,1,0,50,81.92
8.18,223,3,2,0,50,40.67
8.44,368,4,2,0,50,66.0
1.72,54,6,2,0,50,9.83
14.31,367,10,3,0,50,66.92
8.26,101,5,0,0,50,42.92
10.55,627,9,1,0,50,85.58
55.22,1550,6,5,0,50,261.73
6.06,169,11,5,0,50,26.75
30.82,534,14,5,0,50,149.2
22.01,354,16,5,0,50,105.37
5.07,56,19,5,0,50,24.25
11.21,324,14,0,0,50,69.77
3.85,77,22,0,0,50,12.42
6.77,132,17,1,0,50,22.83
8.25,160,20,1,0,50,29.33
8.07,88,10,2,0,50,21.33
2.21,22,12,2,0,50,5.33
12.53,417,12,2,0,50,70.72
9.09,596,14,2,0,50,73.75
3.47,57,23,4,0,50,9.83
4.82,90,1,6,0,50,15.17
11.4,572,2,6,0,50,95.82
3.81,75,2,0,0,50,14.25
5.8,222,3,0,0,50,39.1
12.03,396,7,3,0,50,69.58
1.24,116,10,3,0,50,14.5
6.02,101,12,4,0,50,15.82
5.84,167,3,6,0,50,32.75
2.06,140,13,6,0,50,20.92
7.86,50,10,4,0,50,15.67
12.96,143,11,4,0,50,32.0
79.96,268,4,5,0,50,100.58
73.18,187,7,5,0,50,86.75
15.24,124,0,1,0,50,44.92
10.35,343,10,1,0,50,62.25
19.28,152,0,2,0,50,48.58
21.51,128,10,2,0,50,59.83
19.2,162,0,3,0,50,50.08
9.72,75,1,4,0,50,29.17
7.44,107,10,4,0,50,27.68
19.39,179,0,1,0,50,53.17
7.86,28,10,1,0,50,15.75
20.09,224,0,2,0,50,64.08
8.07,42,10,2,0,50,16.33
12.91,82,10,2,0,50,28.5
19.57,290,0,3,0,50,69.25
10.21,135,12,3,0,50,31.83
17.22,327,0,1,0,50,68.25
10.48,231,10,1,0,50,49.5
9.99,87,1,2,0,50,26.0
20.38,276,0,3,0,50,73.17
9.27,143,10,3,0,50,33.67
12.47,103,11,3,0,50,28.08
19.01,167,0,4,0,50,46.17
12.36,222,10,4,0,50,46.5
18.77,208,0,1,0,50,53.33
7.72,174,11,1,0,50,37.75
18.6,181,0,2,0,50,50.92
12.06,169,10,2,0,50,39.42
1.98,33,13,4,0,50,17.28
1.82,13,15,4,0,50,13.87
0.69,5,6,5,0,50,6.67
5.46,31,7,5,0,50,41.88
0.84,11,11,5,0,50,7.92
1.72,10,4,6,0,50,14.87
0.88,17,11,0,0,50,5.58
1.2,24,0,3,0,50,10.7
132.7,202,13,2,0,50,133.75
97.62,292,15,2,0,50,125.58
3.73,187,18,2,0,50,25.17
6.42,108,20,2,0,50,23.5
0.62,62,18,3,0,50,7.33
4.51,138,22,3,0,50,19.25
20.2,1097,9,4,0,50,180.6
232.15,347,13,4,0,50,246.65
130.26,134,13,2,0,50,119.0
96.35,214,15,2,0,50,110.33
13.04,475,1,3,0,50,138.58
17.17,393,4,3,0,50,91.25
18.86,596,7,3,0,50,101.75
43.36,777,1,1,0,50,166.07
29.86,384,4,1,0,50,87.58
5.41,169,10,1,0,50,33.23
1.71,52,10,1,0,50,9.58
0.78,52,12,1,0,50,5.82
12.84,393,13,1,0,50,66.37
47.91,1083,4,4,0,50,232.63
17.51,220,8,4,0,50,49.17
12.71,224,9,4,0,50,51.28
7.34,436,10,4,0,50,59.67
11.91,220,13,4,0,50,48.33
21.55,377,21,4,0,50,71.67
17.37,246,13,5,0,50,64.33
1.0,57,2,6,0,50,7.5
9.83,140,2,6,0,50,37.25
4.37,105,3,6,0,50,15.5
60.57,1298,4,6,0,50,270.75
0.76,38,9,6,0,50,5.33
9.29,219,13,4,0,50,23.55
9.29,219,21,4,0,50,23.55
21.08,1351,2,5,0,50,131.47
21.08,1351,10,5,0,50,131.47
1.15,133,13,5,0,50,8.1
11.35,331,13,5,0,50,25.73
1.15,133,21,5,0,50,8.1
11.35,331,21,5,0,50,25.73
11.31,1778,8,6,0,50,109.08
10.54,209,12,6,0,50,31.82
11.31,1778,16,6,0,50,109.08
10.54,209,20,6,0,50,31.82
15.62,837,0,0,0,50,59.93
15.62,836,8,0,0,50,59.93
12.97,565,1,1,0,50,41.65
13.99,1701,3,1,0,50,96.47
3.08,458,5,1,0,50,23.98
1.54,172,7,1,0,50,11.93
32.23,5051,7,1,0,50,266.8
5.46,630,12,1,0,50,36.65
3.08,458,13,1,0,50,23.98
1.54,172,15,1,0,50,11.93
32.23,5051,15,1,0,50,266.8
15.41,762,4,2,0,50,50.63
15.41,762,12,2,0,50,50.63
13.71,777,23,2,0,50,65.6
4.33,241,1,3,0,50,17.47
24.15,1144,2,3,0,50,109.58
19.87,1992,5,3,0,50,134.37
22.93,1461,10,3,0,50,112.53
17.69,1049,12,3,0,50,64.48
17.85,1276,13,3,0,50,97.23
22.93,1461,18,3,0,50,112.53
17.69,1049,20,3,0,50,64.48
52.04,1892,2,4,0,50,180.18
1.91,403,6,4,0,50,22.23
21.94,903,8,4,0,50,72.35
52.04,1893,10,4,0,50,180.18
1.91,403,14,4,0,50,22.23
21.94,903,16,4,0,50,72.35
12.09,711,2,5,0,50,48.47
10.56,423,6,5,0,50,47.13
9.01,406,8,5,0,50,33.02
2.88,300,9,5,0,50,30.32
2.63,482,10,5,0,50,28.0
14.0,974,11,5,0,50,79.38
10.56,423,14,5,0,50,47.13
9.01,406,16,5,0,50,33.02
2.88,300,17,5,0,50,30.32
2.63,482,18,5,0,50,28.0
14.0,974,19,5,0,50,79.38
13.71,774,23,5,0,50,60.02
13.71,774,7,6,0,50,60.02
23.27,1458,2,0,0,50,121.85
6.96,699,6,0,0,50,44.52
9.1,673,9,0,0,50,56.48
11.48,253,11,0,0,50,25.5
6.96,699,14,0,0,50,44.52
9.1,673,17,0,0,50,56.48
11.48,253,19,0,0,50,25.5
42.19,570,6,0,0,50,122.83
3.52,23,8,0,0,50,5.6
42.19,570,14,0,0,50,122.83
3.52,23,16,0,0,50,5.6
2.65,487,2,1,0,50,24.7
12.82,511,6,2,0,50,55.48
14.27,957,7,2,0,50,109.85
3.22,426,9,2,0,50,28.23
12.82,511,14,2,0,50,55.48
14.27,957,15,2,0,50,109.85
3.22,426,17,2,0,50,28.23
5.24,559,1,3,0,50,38.43
7.1,306,2,3,0,50,28.52
9.15,257,3,3,0,50,36.77
31.01,1594,5,3,0,50,122.28
5.24,559,9,3,0,50,38.43
7.1,306,10,3,0,50,28.52
9.15,257,11,3,0,50,36.77
31.01,1594,13,3,0,50,122.28
17.63,357,5,4,0,50,47.82
11.01,1683,6,4,0,50,109.82
16.35,1002,9,4,0,50,76.93
17.63,357,13,4,0,50,47.82
11.01,1683,14,4,0,50,109.82
16.35,1002,17,4,0,50,76.93
22.96,558,23,4,0,50,63.62
17.88,1220,2,5,0,50,86.75
31.17,2097,4,5,0,50,197.07
2.25,323,13,5,0,50,12.05
10.64,278,14,5,0,50,19.83
2.25,322,21,5,0,50,12.05
10.64,278,22,5,0,50,19.83
72.11,1078,3,0,0,50,140.77
85.66,4340,5,0,0,50,368.53
237.55,448,9,1,0,50,151.83
31.16,26,15,1,0,50,19.57
237.55,448,17,1,0,50,151.83
31.16,26,23,1,0,50,19.57
3.39,31,16,5,0,50,19.8
9.43,52,18,1,0,50,29.17
8.99,50,20,1,0,50,44.83
6.45,60,16,5,0,50,37.83
9.98,52,20,5,0,50,53.4
4.71,37,23,0,0,50,37.43
4.98,22,15,4,0,50,22.68
5.81,86,16,4,0,50,58.23
5.16,64,18,4,0,50,40.5
28.4,185,10,0,0,50,126.07
27.96,195,17,0,0,50,128.17
7.95,11,21,0,0,50,10.52
9.48,47,18,1,0,50,41.12
4.23,75,12,1,0,50,37.63
1.64,34,13,1,0,50,12.77
19.94,107,11,5,0,50,66.73
4.38,44,18,5,0,50,47.1
21.46,97,8,0,0,50,81.57
3.49,3,11,0,0,50,8.35
1.75,9,12,0,0,50,12.22
18.76,62,16,0,0,50,95.27
11.1,45,8,5,0,50,29.93
89.24,59,20,5,0,50,171.53
4.16,54,10,1,0,50,49.73
1.48,16,15,1,0,50,10.22
1.33,39,17,1,0,50,8.07
3.94,76,18,1,0,50,30.78
28.83,108,13,3,0,50,110.05
0.69,20,17,3,0,50,7.43
2.54,17,20,3,0,50,7.7
1.73,34,13,4,0,50,16.48
0.75,28,14,4,0,50,8.07
1.32,91,21,5,0,50,12.2
2.09,81,9,0,0,50,21.18
3.75,43,13,0,0,50,21.52
2.08,7,21,0,0,50,7.08
5.88,55,13,2,0,50,24.65
9.83,52,15,3,0,50,51.23
6.73,21,13,4,0,50,19.38
4.71,81,16,5,0,50,40.77
4.37,10,18,5,0,50,19.02
5.28,42,14,6,0,50,47.12
0.68,13,19,6,0,50,7.68
103.53,83,12,1,0,50,170.7
12.41,44,16,1,0,50,95.6
60.45,36,19,1,0,50,90.3
711.37,162,22,1,0,50,573.78
1.08,47,10,3,0,50,10.92
3.82,45,12,4,0,50,44.97
3.26,33,20,6,0,50,28.15
3.77,30,8,0,0,50,41.9
7.71,39,9,0,0,50,41.07
1.99,40,15,2,0,50,21.8
0.87,18,11,5,0,50,10.33
6.33,117,18,2,0,50,54.32
18.87,95,7,2,0,50,105.75
4.15,14,9,3,0,50,40.55
13.71,74,23,3,0,50,69.33
14.2,78,6,4,0,50,71.73
17.33,91,6,5,0,50,92.55
4.82,14,4,5,0,50,23.55
4.59,18,8,5,0,50,23.98
2.15,4,2,1,0,50,16.23
16.85,61,10,3,0,50,82.25
5.27,31,12,6,0,50,18.23
4.6,16,13,6,0,50,32.8
2.1,2,0,1,0,50,5.18
11.6,37,6,1,0,50,56.17
13.29,13,7,3,0,50,22.0
2.62,13,5,4,0,50,16.55
4.82,16,8,4,0,50,22.05
0.75,15,5,5,0,50,7.82
10.51,17,11,1,0,50,43.23
6.14,19,12,1,0,50,22.77
4.21,18,7,2,0,50,20.93
3.76,262,9,1,0,50,27.4
3.06,204,11,1,0,50,17.95
6.38,397,11,1,0,50,52.33
7.0,457,14,1,0,50,49.83
5.08,333,3,2,0,50,33.57
1.88,317,6,2,0,50,17.47
5.04,295,7,2,0,50,27.27
3.58,182,10,2,0,50,22.67
18.15,1345,12,2,0,50,147.53
5.84,446,9,3,0,50,45.47
15.27,322,10,3,0,50,51.87
16.01,201,4,4,0,50,41.63
0.98,91,5,4,0,50,9.53
3.64,269,6,4,0,50,27.63
22.64,2117,5,6,0,50,185.9
8.67,469,8,6,0,50,50.27
10.06,736,10,6,0,50,62.83
2.97,440,5,0,0,50,32.33
8.56,627,12,0,0,50,60.88
6.23,763,16,0,0,50,46.53
19.04,526,7,1,0,50,76.22
18.15,896,10,1,0,50,87.77
5.61,280,9,2,0,50,33.58
7.18,758,11,2,0,50,70.5
5.17,352,6,3,0,50,30.33
15.09,225,7,3,0,50,31.3
17.54,970,10,4,0,50,104.5
5.34,228,3,5,0,50,22.63
6.88,447,6,5,0,50,61.9
9.52,392,9,5,0,50,40.9
8.97,728,10,5,0,50,54.9
10.03,435,9,6,0,50,42.77
9.31,479,13,6,0,50,48.5
5.85,341,3,0,0,50,32.03
7.28,354,6,0,0,50,50.7
4.18,140,7,0,0,50,14.9
19.36,605,0,1,0,50,72.5
24.54,1100,3,1,0,50,121.23
3.65,343,9,1,0,50,26.37
14.96,200,9,1,0,50,35.93
8.46,354,13,1,0,50,40.3
20.51,678,10,2,0,50,85.17
20.56,983,12,2,0,50,112.63
20.38,1118,8,3,0,50,106.57
19.42,428,3,4,0,50,61.3
6.69,793,8,4,0,50,76.4
7.77,1234,12,4,0,50,84.73
5.06,280,9,5,0,50,21.93
2.2,48,11,5,0,50,12.9
11.28,592,12,5,0,50,65.5
4.24,213,3,0,0,50,20.0
10.81,456,7,0,0,50,46.3
10.46,1025,9,0,0,50,109.23
11.16,1592,12,0,0,50,94.0
27.91,3085,14,0,0,50,240.27
6.39,452,10,1,0,50,42.2
2.79,321,11,1,0,50,32.37
8.87,619,12,1,0,50,62.87
2.38,200,15,1,0,50,22.27
11.76,1047,7,2,0,50,88.17
4.0,119,4,3,0,50,22.83
15.54,120,4,3,0,50,39.83
6.14,103,8,3,0,50,27.17
4.22,181,22,3,0,50,34.92
15.13,124,23,3,0,50,31.5
19.29,791,1,4,0,50,131.33
6.0,105,4,4,0,50,19.65
9.22,347,4,4,0,50,81.17
10.52,308,8,5,0,50,57.0
10.11,290,13,5,0,50,60.25
5.36,210,6,6,0,50,45.75
12.93,507,5,0,0,50,81.5
3.21,107,6,0,0,50,30.37
21.4,317,4,1,0,50,76.35
17.86,268,7,1,0,50,65.0
4.83,72,1,4,0,50,17.83
1.02,65,2,4,0,50,10.67
5.29,120,4,4,0,50,25.67
8.74,483,10,4,0,50,90.58
0.72,7,12,4,0,50,5.33
4.14,77,1,5,0,50,14.0
2.67,86,10,5,0,50,15.08
4.29,58,16,5,0,50,11.67
2.95,59,5,2,0,50,16.33
7.73,348,6,2,0,50,69.5
4.04,85,12,2,0,50,16.0
2.82,81,20,3,0,50,19.5
39.81,300,21,3,0,50,68.33
3.99,144,23,3,0,50,22.08
89.7,1073,1,4,0,50,219.97
72.93,315,23,5,0,50,100.5
4.18,133,2,6,0,50,22.17
2.39,21,4,6,0,50,10.67
0.59,40,4,6,0,50,5.75
55.83,1197,5,6,0,50,274.08
1.42,91,8,1,0,50,15.17
19.13,798,9,1,0,50,142.0
3.3,150,9,2,0,50,29.83
3.41,154,12,2,0,50,21.08
6.03,196,11,3,0,50,37.08
5.99,147,14,3,0,50,22.75
6.6,103,17,3,0,50,16.0
5.22,285,18,3,0,50,53.92
5.89,77,9,6,0,50,15.83
8.65,222,11,6,0,50,42.17
3.29,118,6,0,0,50,17.92
2.87,199,16,0,0,50,29.17
3.98,173,12,1,0,50,31.17
5.79,240,2,2,0,50,33.67
6.63,234,3,2,0,50,49.58
5.11,145,9,2,0,50,27.75
11.66,760,11,2,0,50,124.0
11.1,502,14,2,0,50,88.0
4.76,238,18,2,0,50,38.83
4.96,10,21,2,0,50,6.5
10.64,388,23,2,0,50,85.92
6.26,374,8,3,0,50,70.3
6.86,233,12,3,0,50,59.75
4.56,147,13,3,0,50,24.83
4.2,46,1,4,0,50,11.75
1.23,87,2,4,0,50,13.0
22.48,1005,4,4,0,50,191.0
13.58,327,10,4,0,50,59.25
10.35,591,11,1,0,50,86.35
4.51,172,8,2,0,50,40.25
18.12,1374,13,2,0,50,159.25
16.34,415,0,3,0,50,68.5
3.16,189,3,3,0,50,32.08
5.77,203,8,3,0,50,32.75
15.81,813,9,3,0,50,135.25
8.39,189,11,3,0,50,32.42
7.23,176,4,4,0,50,36.25
8.74,254,5,4,0,50,52.33
11.52,354,4,5,0,50,74.5
3.47,180,9,5,0,50,34.08
8.42,350,16,5,0,50,66.75
13.75,429,4,6,0,50,65.42
13.45,250,8,6,0,50,64.0
11.71,443,9,6,0,50,104.17
14.35,286,4,0,0,50,60.5
10.84,146,7,0,0,50,47.83
11.31,257,12,0,0,50,47.42
8.16,267,4,1,0,50,48.0
7.2,283,7,1,0,50,44.92
9.5,486,8,1,0,50,78.25
11.51,501,1,3,0,50,72.92
2.81,65,5,3,0,50,10.83
1.64,67,5,3,0,50,11.58
7.42,159,6,3,0,50,38.75
21.78,1315,0,4,0,50,236.17
0.7,40,5,4,0,50,5.17
4.67,99,7,4,0,50,15.67
5.75,297,8,4,0,50,44.17
8.94,534,8,5,0,50,94.92
3.3,292,12,5,0,50,39.42
0.95,52,13,5,0,50,7.0
7.43,107,17,5,0,50,21.92
7.46,142,3,6,0,50,41.83
9.07,282,9,6,0,50,44.42
14.59,547,10,6,0,50,88.08
12.63,713,16,6,0,50,120.25
8.16,259,10,1,0,50,40.75
11.22,704,11,1,0,50,95.0
15.05,1062,11,2,0,50,139.08
4.58,310,22,2,0,50,45.58
4.35,164,23,2,0,50,23.08
3.68,159,2,3,0,50,24.58
73.18,424,3,3,0,50,112.33
50.54,930,5,3,0,50,188.67
168.43,176,7,6,0,50,138.42
848.12,183,9,6,0,50,557.5
77.11,9,19,6,0,50,44.92
832.9,236,13,2,0,50,536.83
687.09,131,22,2,0,50,455.67
607.14,429,6,3,0,50,461.75
11.13,16,14,3,0,50,11.33
3.76,245,11,0,0,50,18.47
1.31,237,10,1,0,50,15.57
3.41,373,11,1,0,50,40.63
62.68,2885,23,1,0,50,292.77
30.1,777,23,3,0,50,92.63
15.29,696,8,4,0,50,64.83
18.99,706,23,6,0,50,89.12
12.68,497,8,0,0,50,53.37
4.86,404,9,0,0,50,44.53
17.46,808,23,1,0,50,79.57
22.41,1099,23,6,0,50,119.3
13.75,641,11,0,0,50,62.85
44.53,2290,5,1,0,50,250.1
35.47,661,22,2,0,50,151.67
110.12,699,1,3,0,50,196.17
38.88,625,5,3,0,50,148.25
141.16,428,10,3,0,50,172.58
2.15,133,13,3,0,50,19.75
4.94,167,14,3,0,50,35.08
8.25,174,4,4,0,50,33.58
11.59,374,6,4,0,50,79.0
7.21,275,9,6,0,50,35.12
1.14,58,10,6,0,50,6.25
10.42,361,13,6,0,50,62.5
5.03,432,23,6,0,50,51.58
6.77,408,3,0,0,50,60.08
6.75,220,13,0,0,50,45.58
3.65,89,23,0,0,50,23.5
6.45,356,2,1,0,50,57.08
5.61,275,11,1,0,50,35.0
7.01,179,3,2,0,50,34.33
10.94,475,6,2,0,50,75.98
1.13,119,10,3,0,50,9.7
2.98,91,1,4,0,50,13.5
2.05,43,4,4,0,50,7.58
4.61,99,12,4,0,50,26.08
15.38,623,12,4,0,50,121.28
4.56,396,3,5,0,50,39.73
26.89,2599,6,6,0,50,225.83
17.56,1923,5,4,0,50,155.37
9.99,721,7,4,0,50,59.83
1.85,68,9,4,0,50,5.6
4.93,348,7,3,0,50,31.37
3.05,6,13,2,0,50,19.87
19.87,12,7,4,0,50,30.23
4.76,7,8,4,0,50,18.55
34.16,7,9,4,0,50,28.12
5.06,16,14,0,0,50,30.68
1.37,12,23,0,0,50,11.7
5.68,13,14,1,0,50,21.93
3.66,12,0,2,0,50,26.47
3.1,8,10,2,0,50,12.85
3.63,2,11,2,0,50,11.77
3.25,53,12,5,0,50,13.2
1.09,80,17,6,0,50,9.65
19.96,432,19,6,0,50,96.95
2.32,6,2,2,0,50,11.9
2.89,9,3,2,0,50,22.58
5.23,20,7,2,0,50,33.62
1.07,4,1,3,0,50,12.18
1.32,8,1,4,0,50,14.17
0.98,2,5,5,0,50,5.93
1.55,8,15,5,0,50,14.12
4.71,14,2,6,0,50,34.05
5.94,28,4,6,0,50,60.5
12.43,17,0,3,0,50,60.07
0.92,75,9,6,0,50,8.28
6.11,333,22,0,0,50,40.38
1.1,83,9,1,0,50,8.23
0.59,65,22,1,0,50,5.73
3.72,301,13,2,0,50,41.0
2.45,69,1,3,0,50,11.23
5.83,451,14,5,0,50,67.72
4.09,169,8,6,0,50,26.63
2.32,109,16,6,0,50,16.27
4.09,127,14,1,0,50,23.22
4.25,326,9,4,0,50,45.87
2.31,75,8,4,0,50,8.63
1.98,185,13,4,0,50,22.1
150.46,265,15,4,0,50,149.98
1.27,7,15,2,0,50,9.45
1.38,5,1,3,0,50,6.83
1.31,16,0,4,0,50,5.5
2.84,8,7,5,0,50,10.0
1.65,8,1,0,0,50,7.62
2.13,10,15,0,0,50,6.67
1.74,13,1,1,0,50,8.13
3.2,18,11,2,0,50,12.22
1.83,20,15,2,0,50,12.4
1.73,10,1,3,0,50,9.23
1.65,13,15,3,0,50,14.22
1.66,7,1,4,0,50,7.67
15.42,23,11,4,0,50,28.12
1.67,6,0,0,0,50,7.98
1.45,5,15,0,0,50,5.38
1.23,7,1,1,0,50,5.07
1.51,7,15,1,0,50,5.18
1.7,10,15,4,0,50,6.92
1.63,9,5,5,0,50,8.13
1.25,10,1,1,0,50,6.1
2.01,21,15,1,0,50,16.25
2.65,32,12,4,0,50,24.02
7.83,67,14,4,0,50,40.63
5.14,76,5,5,0,50,47.43
1.25,5,1,3,0,50,6.63
2.04,14,14,3,0,50,15.77
16.84,22,12,2,0,50,41.83
18.34,76,17,2,0,50,66.78
16.28,156,5,4,0,50,32.17
16.1,476,9,4,0,50,50.07
19.21,81,23,1,0,50,77.98
7.25,24,11,2,0,50,25.55
0.9,14,0,3,0,50,9.75
4.85,18,2,3,0,50,12.17
0.82,9,3,3,0,50,9.13
2.53,31,4,3,0,50,17.9
4.1,21,8,4,0,50,30.52
6.39,50,12,4,0,50,52.53
5.03,24,13,4,0,50,25.25
6.5,56,7,5,0,50,66.77
2.62,20,12,5,0,50,19.98
1.07,14,15,5,0,50,11.55
0.81,7,4,6,0,50,8.78
7.93,54,7,6,0,50,79.52
18.08,43,9,6,0,50,30.78
32.3,59,10,6,0,50,79.6
16.81,51,23,6,0,50,69.48
16.8,41,9,0,0,50,125.45
2.42,7,23,0,0,50,10.32
15.27,35,23,0,0,50,48.28
8.73,15,9,1,0,50,16.53
3.04,20,10,1,0,50,28.58
19.71,38,23,1,0,50,49.83
16.03,45,10,2,0,50,68.08
1.92,10,14,2,0,50,10.32
4.53,26,23,3,0,50,24.52
7.34,21,0,4,0,50,12.38
4.53,22,9,4,0,50,13.53
7.04,1,10,4,0,50,8.4
11.24,6,10,4,0,50,5.92
5.69,16,14,2,0,50,11.58
22.13,47,2,6,0,50,65.55
19.1,33,3,6,0,50,37.12
2.42,3,23,6,0,50,7.1
1.06,9,0,1,0,50,10.45
7.88,18,13,1,0,50,20.17
16.31,31,8,5,0,50,62.52
8.93,16,12,5,0,50,18.12
1.85,7,13,0,0,50,8.05
8.69,31,14,0,0,50,25.1
7.02,20,13,2,0,50,32.4
8.23,40,0,3,0,50,48.5
39.1,47,2,5,0,50,116.83
30.25,28,5,5,0,50,54.08
8.72,30,7,5,0,50,29.73
5.69,20,8,5,0,50,27.57
7.43,31,0,4,0,50,51.2
8.57,38,12,6,0,50,35.17
14.39,136,13,2,0,50,33.98
15.03,200,1,3,0,50,41.68
2.7,147,10,3,0,50,17.63
8.24,53,13,3,0,50,12.97
14.79,140,0,4,0,50,37.85
14.43,184,14,4,0,50,32.73
7.54,3850,10,0,0,50,38.42
2.03,783,11,0,0,50,9.93
2.11,1212,11,0,0,50,14.17
6.44,3695,0,1,0,50,38.17
14.39,136,13,2,0,50,33.98
15.03,200,1,3,0,50,41.68
2.7,147,10,3,0,50,17.63
8.24,53,13,3,0,50,12.97
14.79,140,0,4,0,50,37.85
14.43,184,14,4,0,50,32.73
7.54,3850,10,0,0,50,38.42
2.03,783,11,0,0,50,9.93
2.11,1212,11,0,0,50,14.17
6.44,3695,0,1,0,50,38.17
11.21,34,12,1,0,50,43.33
11.34,38,12,2,0,50,56.05
12.1,88,23,2,0,50,71.82
11.52,41,13,3,0,50,47.9
12.74,96,23,3,0,50,73.38
5.75,31,10,4,0,50,44.3
29.88,0,13,4,0,50,19.95
35.82,1,14,4,0,50,23.8
45.49,22,14,4,0,50,46.98
42.11,68,1,5,0,50,136.58
15.37,21,9,5,0,50,24.7
24.22,57,10,5,0,50,75.45
8.36,0,8,6,0,50,9.9
42.29,7,9,6,0,50,36.37
11.26,68,23,6,0,50,60.7
38.28,36,11,0,0,50,44.68
13.12,96,23,0,0,50,70.5
11.75,38,13,1,0,50,46.42
1.27,7,23,1,0,50,12.53
11.21,54,23,2,0,50,74.73
13.25,59,12,3,0,50,46.87
12.75,76,23,3,0,50,92.65
3.72,90,10,4,0,50,23.62
4.71,53,8,5,0,50,41.55
14.13,47,9,5,0,50,71.23
0.58,21,4,6,0,50,6.37
3.44,63,14,1,0,50,34.6
5.39,30,10,2,0,50,31.95
10.46,86,4,4,0,50,32.15
3.51,77,6,4,0,50,36.88
3.16,49,4,6,0,50,33.3
31.68,51,5,6,0,50,42.1
4.78,105,9,1,0,50,43.93
2.75,37,0,2,0,50,22.72
1.83,9,1,2,0,50,13.08
1.35,14,2,2,0,50,13.08
4.67,134,1,3,0,50,38.2
2.33,13,2,3,0,50,5.57
17.63,22,3,6,0,50,18.17
6.48,10,12,2,0,50,16.18
13.81,128,7,3,0,50,99.37
30.08,49,9,3,0,50,21.13
24.5,29,11,4,0,50,47.3
2.52,36,2,5,0,50,29.48
7.16,47,1,3,0,50,58.7
1.47,32,6,3,0,50,11.97
9.34,79,4,5,0,50,41.98
19.22,18,7,5,0,50,27.58
15.6,35,1,0,0,50,66.6
17.55,22,2,0,0,50,51.42
0.94,28,4,0,0,50,10.83
4.41,3,13,0,0,50,5.12
2.98,26,15,0,0,50,11.75
5.41,64,5,1,0,50,28.53
9.57,104,8,2,0,50,63.0
41.11,156,3,3,0,50,185.82
1.38,49,3,4,0,50,13.68
0.59,18,7,4,0,50,6.2
6.1,18,11,4,0,50,13.73
3.67,47,8,2,0,50,29.77
0.86,93,9,2,0,50,8.23
3.65,335,23,3,0,50,40.72
2.41,172,2,4,0,50,26.62
10.97,220,4,4,0,50,44.12
1.82,126,5,4,0,50,12.67
1.54,92,4,5,0,50,8.75
3.31,90,5,5,0,50,9.03
4.9,82,1,0,0,50,14.75
1.28,38,4,1,0,50,14.82
5.95,516,5,1,0,50,53.95
6.98,143,7,1,0,50,25.72
11.83,138,8,1,0,50,21.78
5.94,302,12,1,0,50,37.13
5.31,26,15,1,0,50,8.18
4.73,149,3,2,0,50,22.7
6.15,148,4,2,0,50,25.65
12.22,130,10,2,0,50,36.78
310.47,45,12,2,0,50,175.95
55.37,55,23,2,0,50,41.93
1.71,31,4,5,0,50,10.45
1.94,68,5,5,0,50,9.42
1.22,122,12,5,0,50,9.15
1.63,33,2,6,0,50,7.87
7.14,50,10,1,0,50,7.32
3.43,48,9,3,0,50,14.45
2.77,57,12,3,0,50,11.47
4.28,48,2,0,0,50,10.72
2.81,65,17,0,0,50,11.63
1.48,48,10,1,0,50,8.83
1.78,41,13,2,0,50,6.58
4.62,220,10,3,0,50,21.83
3.36,72,13,3,0,50,10.97
1.78,26,8,4,0,50,10.78
0.89,48,5,6,0,50,6.43
6.78,99,6,6,0,50,32.3
1.42,33,9,0,0,50,9.15
3.46,54,13,0,0,50,7.4
3.14,45,13,0,0,50,6.33
3.71,24,1,1,0,50,7.95
4.71,39,2,1,0,50,9.7
3.88,45,1,2,0,50,12.03
4.73,47,2,2,0,50,9.78
3.24,50,10,2,0,50,15.37
2.16,55,4,5,0,50,8.07
2.79,100,12,5,0,50,17.62
2.14,45,7,6,0,50,8.02
5.13,55,10,6,0,50,13.43
9.78,135,11,6,0,50,28.87
13.03,107,9,0,0,50,30.82
3.91,125,7,1,0,50,38.83
3.75,37,10,1,0,50,12.85
3.0,59,11,1,0,50,9.53
1.99,25,7,2,0,50,6.43
1.14,50,8,2,0,50,5.53
1.56,58,12,2,0,50,7.25
521.15,58,13,2,0,50,273.47
773.94,132,18,2,0,50,418.8
2.06,114,2,3,0,50,14.68
9.81,126,2,3,0,50,30.2
14.5,204,3,3,0,50,51.78
4.83,74,9,5,0,50,25.95
2.38,69,10,5,0,50,18.37
11.54,277,12,5,0,50,42.92
8.25,181,1,6,0,50,32.02
8.18,117,23,6,0,50,26.37
39.97,241,7,0,0,50,54.1
17.79,567,8,0,0,50,90.72
0.86,92,10,0,0,50,8.6
15.82,346,11,0,0,50,58.45
2.66,106,6,1,0,50,20.75
69.8,446,7,1,0,50,170.92
45.29,402,13,1,0,50,121.07
25.23,435,13,2,0,50,90.85
16.06,570,15,2,0,50,69.67
9.51,67,16,2,0,50,20.13
2.33,62,7,3,0,50,12.38
25.65,318,8,3,0,50,87.4
6.86,141,9,3,0,50,16.08
33.68,295,12,3,0,50,62.98
14.22,278,13,3,0,50,50.13
11.99,239,23,3,0,50,38.23
9.79,207,7,4,0,50,51.43
9.52,454,9,4,0,50,74.42
28.57,117,11,4,0,50,40.93
34.6,162,10,5,0,50,47.03
6.1,89,11,5,0,50,17.73
7.4,222,12,5,0,50,25.22
97.32,1156,6,6,0,50,282.28
9.63,235,6,0,0,50,53.77
2.39,117,9,0,0,50,12.73
4.67,166,10,0,0,50,28.88
1.91,103,11,0,0,50,16.93
9.4,283,22,0,0,50,44.9
179.96,960,3,1,0,50,324.2
39.3,568,9,1,0,50,135.9
4.08,85,10,2,0,50,14.22
9.11,156,11,2,0,50,34.68
12.45,330,11,3,0,50,74.75
6.98,224,13,3,0,50,29.73
42.26,375,22,4,0,50,89.97
1.15,90,0,5,0,50,10.23
10.54,261,7,5,0,50,42.37
2.71,57,3,6,0,50,11.1
2.14,131,3,6,0,50,11.27
9.1,29,5,6,0,50,10.75
19.22,282,6,6,0,50,85.9
23.99,675,7,6,0,50,118.83
10.16,305,5,0,0,50,48.72
1.9,100,8,0,0,50,15.4
29.1,390,12,0,0,50,96.63
3.68,256,4,1,0,50,36.25
1.46,85,8,1,0,50,11.18
6.14,51,11,1,0,50,10.63
19.91,280,12,1,0,50,54.2
10.72,212,13,1,0,50,38.1
7.21,224,14,1,0,50,24.27
7.09,66,7,2,0,50,22.73
21.4,392,9,2,0,50,90.87
9.3,185,22,2,0,50,41.48
12.31,326,11,3,0,50,43.63
10.17,76,21,3,0,50,22.23
9.9,82,7,4,0,50,27.17
6.62,309,10,4,0,50,42.38
9.63,75,21,4,0,50,15.55
10.01,107,8,5,0,50,22.02
3.1,48,9,5,0,50,15.22
2.77,143,10,5,0,50,19.83
10.12,137,20,5,0,50,35.23
6.23,223,6,6,0,50,32.3
5.24,272,8,6,0,50,35.3
10.2,41,21,6,0,50,14.02
10.03,111,7,0,0,50,44.85
1.36,49,11,0,0,50,6.38
13.74,173,11,0,0,50,33.98
11.53,136,12,0,0,50,19.48
11.88,177,21,0,0,50,31.57
11.01,164,7,1,0,50,28.53
23.19,307,10,1,0,50,31.73
4.84,217,2,2,0,50,31.37
2.39,88,4,2,0,50,14.12
7.33,292,4,2,0,50,41.17
8.28,566,5,2,0,50,89.53
15.54,377,7,2,0,50,62.13
6.01,34,8,2,0,50,7.85
6.36,38,11,2,0,50,6.53
7.26,27,12,2,0,50,7.22
1.04,123,13,2,0,50,8.5
7.45,32,21,2,0,50,19.15
11.77,295,7,3,0,50,52.68
30.04,238,11,3,0,50,42.02
30.75,346,12,3,0,50,101.15
11.8,101,20,3,0,50,22.92
2.88,94,21,3,0,50,14.52
0.54,82,8,4,0,50,6.35
2.1,97,9,4,0,50,13.28
0.93,41,11,4,0,50,5.78
10.73,2,11,4,0,50,8.02
5.21,117,12,4,0,50,13.28
10.43,95,23,4,0,50,21.42
1.32,108,0,5,0,50,9.52
14.77,547,7,5,0,50,97.48
11.14,28,9,5,0,50,11.08
30.74,199,9,5,0,50,35.7
1.16,107,10,5,0,50,10.7
9.47,596,5,6,0,50,59.97
4.87,146,10,6,0,50,22.97
1.97,132,4,0,0,50,17.52
3.05,31,8,0,0,50,6.57
21.57,544,8,0,0,50,78.83
6.44,107,0,1,0,50,27.4
13.9,392,4,1,0,50,53.22
15.53,255,7,1,0,50,72.78
0.88,53,9,1,0,50,5.58
2.12,30,11,1,0,50,6.57
42.92,323,5,2,0,50,95.73
64.13,192,7,2,0,50,92.0
25.48,159,8,2,0,50,44.4
5.44,284,9,2,0,50,36.6
3.9,74,11,2,0,50,11.9
3.69,74,11,2,0,50,5.83
1.91,86,1,3,0,50,12.63
2.6,83,5,3,0,50,12.07
2.77,101,6,3,0,50,11.53
1.18,78,9,3,0,50,7.05
7.37,181,9,3,0,50,27.13
1.87,38,0,4,0,50,7.97
14.48,56,0,4,0,50,26.0
23.68,197,3,4,0,50,40.35
6.76,25,5,4,0,50,10.58
6.04,41,7,4,0,50,10.68
18.52,150,11,4,0,50,36.4
3.16,75,0,5,0,50,11.38
14.14,191,0,5,0,50,32.27
14.39,103,6,5,0,50,22.2
28.91,181,7,5,0,50,29.27
6.88,188,8,5,0,50,35.53
14.63,104,11,5,0,50,43.7
164.33,40,1,6,0,50,99.83
12.78,257,2,6,0,50,50.15
0.95,40,6,6,0,50,7.48
5.25,51,11,6,0,50,9.05
91.28,11,12,6,0,50,53.75
9.66,27,1,0,0,50,11.23
3.13,120,1,0,0,50,14.27
45.45,207,4,0,0,50,54.32
9.11,671,5,0,0,50,105.53
49.55,390,8,0,0,50,107.6
5.3,436,10,0,0,50,51.12
1.15,145,11,0,0,50,11.23
12.8,26,12,0,0,50,13.45
5.95,158,12,0,0,50,19.0
9.53,89,5,1,0,50,17.28
126.52,56,6,1,0,50,80.55
150.73,28,8,1,0,50,100.47
10.53,284,10,1,0,50,38.4
3.71,259,0,2,0,50,27.75
3.09,166,11,2,0,50,16.97
2.07,127,0,3,0,50,16.22
21.45,748,2,3,0,50,114.57
9.42,327,5,3,0,50,44.45
0.74,105,6,3,0,50,7.63
13.28,225,8,3,0,50,38.0
1.66,217,0,4,0,50,16.7
7.35,375,1,4,0,50,61.85
3.17,124,3,4,0,50,16.73
4.94,44,3,4,0,50,8.1
17.29,463,4,4,0,50,103.57
12.66,594,7,4,0,50,68.27
0.78,104,9,4,0,50,9.23
6.42,382,10,4,0,50,44.85
5.74,35,11,4,0,50,7.95
9.12,112,4,5,0,50,27.72
1.09,103,6,5,0,50,7.33
15.49,356,0,6,0,50,58.35
0.85,68,2,6,0,50,9.27
1.44,112,2,6,0,50,8.33
16.67,213,3,6,0,50,47.5
4.17,30,5,6,0,50,9.03
74.06,531,5,6,0,50,130.95
23.54,75,9,6,0,50,28.2
5.24,116,10,6,0,50,12.72
13.85,237,11,6,0,50,39.18
27.09,628,5,0,0,50,98.17
8.58,177,7,0,0,50,19.58
2.66,146,8,0,0,50,17.05
20.95,241,9,0,0,50,59.62
6.61,10,10,0,0,50,6.6
7.26,101,3,2,0,50,23.95
4.84,19,4,2,0,50,8.28
16.36,92,4,2,0,50,30.27
64.43,307,7,2,0,50,102.37
1.89,60,1,3,0,50,5.58
15.33,259,5,3,0,50,66.4
3.07,174,8,3,0,50,18.03
10.93,231,10,3,0,50,46.58
3.63,134,3,4,0,50,19.08
21.21,687,6,4,0,50,91.2
7.41,424,8,4,0,50,49.43
1.41,58,9,4,0,50,8.02
4.19,252,1,5,0,50,30.47
4.96,154,3,5,0,50,29.52
36.25,197,5,5,0,50,44.17
8.34,125,6,5,0,50,28.82
3.63,257,7,5,0,50,25.15
38.85,259,0,6,0,50,67.93
3.38,153,2,6,0,50,17.0
19.03,72,2,6,0,50,15.78
12.01,99,9,6,0,50,28.02
1.41,50,10,6,0,50,5.18
7.02,66,1,0,0,50,14.9
9.54,72,7,0,0,50,17.62
11.01,121,9,0,0,50,26.98
60.91,66,10,0,0,50,30.5
13.0,274,6,1,0,50,53.27
8.63,135,0,2,0,50,18.8
1.32,60,2,2,0,50,15.57
0.9,45,3,2,0,50,6.6
11.24,71,6,2,0,50,15.87
2.04,46,6,2,0,50,8.83
2.1,34,8,2,0,50,10.82
27.35,16,11,2,0,50,22.63
8.95,31,11,2,0,50,8.42
2.75,211,12,2,0,50,28.27
3.36,116,3,3,0,50,17.27
17.2,358,5,3,0,50,51.65
36.73,136,6,3,0,50,56.95
45.0,388,7,3,0,50,101.37
2.08,271,9,3,0,50,20.63
1.07,36,11,3,0,50,5.28
0.91,52,12,3,0,50,5.08
2.86,97,1,4,0,50,10.17
22.15,233,7,4,0,50,65.97
18.27,918,7,5,0,50,80.9
1.51,60,9,5,0,50,7.6
9.09,86,5,6,0,50,24.27
17.37,400,6,6,0,50,70.68
0.86,50,9,6,0,50,9.43
1.01,69,9,6,0,50,5.5
8.51,148,11,6,0,50,22.85
0.9,49,9,0,0,50,9.15
0.94,111,1,1,0,50,7.75
3.8,204,3,1,0,50,26.73
3.64,351,3,1,0,50,41.58
1.88,68,6,1,0,50,13.68
0.64,97,7,1,0,50,7.48
1.05,167,11,1,0,50,10.38
3.24,39,11,1,0,50,10.37
0.63,90,7,2,0,50,7.53
5.72,173,2,3,0,50,20.05
1.22,123,3,3,0,50,10.42
0.63,138,4,3,0,50,7.4
8.44,386,7,3,0,50,39.07
11.77,690,9,3,0,50,70.2
1.0,173,10,3,0,50,8.67
3.02,156,11,3,0,50,24.93
827.88,69,0,4,0,50,534.95
6.15,4,11,4,0,50,6.08
4.37,216,0,5,0,50,21.02
271.78,379,1,5,0,50,276.82
304.41,140,6,5,0,50,281.57
8.3,7,11,5,0,50,10.4
16.16,21,12,5,0,50,18.6
8.57,159,1,6,0,50,36.48
7.68,174,2,6,0,50,28.37
3.6,25,5,6,0,50,8.58
1.28,104,5,6,0,50,12.92
15.67,397,7,6,0,50,59.4
1.54,82,9,1,0,50,6.17
13.58,647,2,2,0,50,68.32
12.93,199,7,2,0,50,38.17
1.24,95,3,3,0,50,7.82
0.78,132,3,3,0,50,8.33
4.31,374,7,3,0,50,36.65
1.31,82,8,3,0,50,11.13
0.67,38,9,3,0,50,5.63
3.79,314,9,3,0,50,29.15
5.02,395,10,3,0,50,39.97
107.46,163,0,4,0,50,116.9
104.51,85,2,4,0,50,80.32
11.59,0,5,4,0,50,7.08
73.11,6,9,4,0,50,53.6
381.02,52,1,5,0,50,237.18
20.78,569,5,5,0,50,93.95
0.95,170,6,5,0,50,9.6
10.65,279,10,5,0,50,49.92
31.96,123,10,5,0,50,46.45
1.26,230,11,5,0,50,13.95
116.29,0,12,5,0,50,59.92
33.97,85,9,6,0,50,39.18
10.22,197,10,6,0,50,26.92
1.12,144,11,6,0,50,7.3
1.31,194,11,6,0,50,10.42
1.77,25,11,1,0,50,6.95
3.47,68,1,2,0,50,13.65
1.35,119,1,2,0,50,10.0
20.98,315,8,2,0,50,99.32
15.74,296,12,2,0,50,58.75
2.06,132,0,3,0,50,8.07
4.52,130,1,3,0,50,22.3
0.74,116,1,3,0,50,6.68
0.55,73,6,3,0,50,5.85
17.35,404,6,3,0,50,84.8
5.37,300,7,3,0,50,20.38
4.87,146,8,3,0,50,35.23
0.58,79,9,3,0,50,6.35
2.36,61,9,3,0,50,12.42
1.15,103,11,3,0,50,7.67
1.59,17,11,3,0,50,16.53
11.03,76,12,3,0,50,32.0
0.72,98,1,4,0,50,6.3
14.48,232,8,4,0,50,60.55
4.15,87,10,4,0,50,20.73
19.61,416,12,4,0,50,59.97
0.78,37,4,5,0,50,7.8
2.13,67,5,5,0,50,7.13
0.62,143,5,5,0,50,6.52
13.03,124,12,5,0,50,30.8
5.71,206,12,5,0,50,26.0
1.48,39,3,6,0,50,6.82
2.27,336,6,6,0,50,25.62
2.86,56,11,6,0,50,12.15
0.67,100,0,0,0,50,5.43
5.43,72,8,0,0,50,21.98
15.26,211,9,0,0,50,37.25
1.62,240,9,0,0,50,15.55
4.76,44,11,0,0,50,11.9
11.94,47,12,0,0,50,23.3
0.79,90,12,0,0,50,6.67
1.86,31,12,0,0,50,9.33
0.77,111,12,0,0,50,6.55
17.38,187,7,1,0,50,62.67
3.99,36,12,1,0,50,9.93
2.37,49,12,1,0,50,9.6
1.27,95,11,1,0,50,10.53
2.56,169,3,2,0,50,26.58
1.19,81,3,3,0,50,6.95
0.59,80,7,3,0,50,6.38
0.97,107,8,3,0,50,6.92
1.88,180,9,3,0,50,13.02
0.98,71,11,3,0,50,6.2
4.5,122,0,4,0,50,16.6
1.0,25,1,4,0,50,5.0
5.42,134,1,4,0,50,19.43
0.76,100,1,4,0,50,6.02
21.16,235,7,4,0,50,71.37
5.91,227,10,4,0,50,26.15
14.2,123,12,4,0,50,47.85
0.91,158,6,5,0,50,8.32
6.61,440,6,5,0,50,62.78
3.24,85,7,5,0,50,9.65
12.64,152,5,6,0,50,31.87
10.82,269,6,6,0,50,42.23
0.79,170,7,6,0,50,8.42
1.62,103,0,0,0,50,9.25
5.53,440,2,0,0,50,44.18
1.35,97,11,0,0,50,7.18
1.11,139,1,1,0,50,6.78
7.98,80,1,2,0,50,28.33
10.7,115,2,2,0,50,42.12
15.59,133,4,2,0,50,31.43
19.02,102,5,2,0,50,31.83
3.78,91,8,2,0,50,13.72
4.44,187,10,2,0,50,26.15
1.28,134,11,2,0,50,8.87
1.81,220,11,2,0,50,15.38
1.72,56,12,2,0,50,13.7
0.87,98,1,3,0,50,5.57
16.33,103,1,3,0,50,42.93
16.32,94,2,3,0,50,36.22
10.16,453,7,3,0,50,54.22
2.04,27,9,3,0,50,8.38
1.2,158,9,3,0,50,13.3
1.22,108,11,3,0,50,6.82
2.75,116,11,3,0,50,11.77
16.2,74,0,4,0,50,27.62
2.19,168,0,4,0,50,13.52
10.06,154,12,4,0,50,35.47
1.0,152,6,5,0,50,10.03
1.06,9,1,6,0,50,7.77
5.28,280,8,6,0,50,29.38
3.69,89,9,6,0,50,14.75
2.09,114,11,6,0,50,18.9
14.54,97,1,0,0,50,33.23
0.95,97,3,0,0,50,6.35
14.54,42,3,0,0,50,21.6
0.68,139,3,0,0,50,7.62
11.33,267,4,0,0,50,40.72
14.92,72,4,1,0,50,33.38
5.78,76,4,1,0,50,23.18
0.57,89,5,1,0,50,6.22
13.28,135,8,1,0,50,40.33
4.0,108,8,1,0,50,23.43
2.3,229,9,1,0,50,16.82
0.85,145,10,1,0,50,7.83
1.51,61,1,2,0,50,7.72
2.0,154,2,2,0,50,13.5
1.18,51,10,2,0,50,7.68
0.71,66,1,3,0,50,5.03
14.36,66,1,3,0,50,37.0
17.48,145,9,3,0,50,35.48
14.51,117,1,4,0,50,37.32
14.89,140,10,4,0,50,38.97
0.77,97,10,4,0,50,7.18
9.72,413,1,5,0,50,49.23
34.29,331,1,5,0,50,66.82
0.9,148,3,5,0,50,8.27
17.74,125,6,6,0,50,31.33
17.31,169,8,6,0,50,33.8
0.61,89,8,6,0,50,5.75
1.07,190,9,6,0,50,10.58
2.18,275,11,6,0,50,19.5
14.39,108,1,0,0,50,43.87
2.1,279,1,3,0,50,16.0
3.77,329,6,3,0,50,31.42
3.89,258,8,3,0,50,28.35
6.33,170,10,3,0,50,19.22
21.8,338,1,4,0,50,77.45
0.56,79,2,4,0,50,5.03
22.26,579,8,4,0,50,85.73
3.45,167,4,5,0,50,20.88
4.25,235,3,6,0,50,28.55
3.45,100,8,6,0,50,17.57
5.81,113,8,6,0,50,11.98
0.97,72,8,6,0,50,8.85
0.8,35,7,0,0,50,8.63
1.61,80,9,0,0,50,8.15
1.44,100,10,0,0,50,9.75
14.77,177,1,1,0,50,38.75
11.91,89,8,1,0,50,32.62
1.37,95,9,1,0,50,10.25
1.19,73,8,2,0,50,6.67
1.58,85,9,2,0,50,13.43
2.64,156,1,3,0,50,24.42
3.06,112,2,3,0,50,16.82
2.17,34,3,3,0,50,7.65
0.72,92,5,3,0,50,8.35
7.79,61,1,4,0,50,18.9
6.46,161,1,4,0,50,20.67
0.56,112,1,4,0,50,5.85
6.64,389,10,4,0,50,60.67
0.75,125,12,4,0,50,8.27
3.45,61,12,4,0,50,14.47
3.38,26,12,4,0,50,12.03
1.64,124,3,5,0,50,12.27
1.2,87,4,5,0,50,7.72
1.12,161,9,5,0,50,10.35
3.55,130,10,5,0,50,26.28
1.29,141,10,5,0,50,13.87
4.88,428,1,6,0,50,58.18
14.57,126,3,0,0,50,34.82
6.74,155,3,0,0,50,17.8
7.21,169,13,6,0,50,27.25
7.29,332,14,6,0,50,61.25
0.87,47,20,0,0,50,6.25
12.05,340,7,1,0,50,54.67
1.26,60,17,1,0,50,6.92
1.52,60,21,1,0,50,14.42
1.91,42,17,2,0,50,18.17
0.82,37,18,2,0,50,6.02
6.9,435,20,2,0,50,68.57
144.89,404,19,3,0,50,159.23
5.86,131,7,4,0,50,23.67
0.67,31,12,4,0,50,5.75
2.73,35,11,1,0,50,16.17
1.88,88,15,1,0,50,21.4
10.76,311,16,1,0,50,79.92
34.05,172,8,3,0,50,74.92
6.39,362,15,0,0,50,63.42
6.58,260,16,1,0,50,60.67
4.74,374,7,4,0,50,36.77
8.26,334,0,5,0,50,42.17
1.38,38,6,5,0,50,6.33
6.82,184,9,5,0,50,23.73
8.36,448,11,5,0,50,57.17
11.78,195,23,5,0,50,31.47
6.94,283,6,6,0,50,44.57
19.91,507,7,6,0,50,73.93
8.52,206,11,6,0,50,29.2
1.21,79,13,6,0,50,8.8
10.39,183,0,0,0,50,30.37
11.6,525,10,0,0,50,71.03
9.67,73,0,2,0,50,18.3
7.14,139,6,2,0,50,27.1
20.58,371,7,2,0,50,75.23
11.72,495,10,2,0,50,49.38
7.28,796,11,2,0,50,79.9
20.72,356,10,3,0,50,68.9
1.66,135,11,5,0,50,11.73
5.91,454,13,5,0,50,38.73
65.94,446,0,6,0,50,92.27
34.61,190,4,6,0,50,57.33
94.9,470,6,6,0,50,125.07
1.73,185,10,6,0,50,13.37
1.79,119,12,6,0,50,9.93
3.48,180,8,0,0,50,18.57
4.02,249,10,0,0,50,35.5
1.33,126,11,0,0,50,7.0
1.16,77,0,1,0,50,8.97
3.18,247,1,1,0,50,19.47
3.45,172,10,1,0,50,19.9
4.05,261,0,2,0,50,28.37
5.14,276,10,2,0,50,29.0
1.72,107,12,2,0,50,7.93
3.31,200,0,3,0,50,14.2
4.19,172,10,3,0,50,22.67
34.19,3016,10,3,0,50,288.0
1.98,227,15,3,0,50,16.37
3.6,225,0,4,0,50,20.83
7.67,619,9,4,0,50,58.17
5.71,501,1,5,0,50,44.23
6.1,522,15,5,0,50,44.03
5.42,293,11,6,0,50,26.3
4.42,216,16,6,0,50,28.77
3.11,132,1,2,0,50,26.22
24.37,16,0,5,0,50,32.83
193.56,166,1,5,0,50,164.5
1.41,128,12,5,0,50,16.08
1.14,55,7,5,0,50,12.43
1.14,55,15,5,0,50,12.43
1.45,58,13,2,0,50,11.75
2.79,120,1,3,0,50,19.25
3.73,48,13,3,0,50,7.67
1.24,50,1,4,0,50,8.08
5.42,227,14,4,0,50,40.33
3.47,117,2,5,0,50,28.5
23.51,589,5,5,0,50,131.1
4.17,206,22,3,0,50,37.25
5.32,243,5,5,0,50,45.78
5.32,243,13,5,0,50,45.78
10.57,170,17,5,0,50,36.13
1.66,35,9,2,0,50,5.58
2.66,96,9,2,0,50,12.75
2.96,138,8,3,0,50,19.93
6.93,129,18,4,0,50,34.33
3.81,76,9,5,0,50,13.5
0.62,64,11,5,0,50,6.2
8.22,134,14,5,0,50,37.57
8.19,364,10,6,0,50,63.75
15.54,617,12,6,0,50,90.18
17.54,963,18,6,0,50,159.15
2.54,89,8,0,0,50,12.28
0.81,47,18,0,0,50,5.83
4.02,176,19,0,0,50,32.02
2.11,85,20,0,0,50,17.07
3.47,124,21,1,0,50,20.0
0.91,42,23,2,0,50,5.0
24.64,1196,23,2,0,50,192.63
3.33,107,8,3,0,50,18.0
4.34,143,21,3,0,50,26.83
3.35,107,8,4,0,50,18.25
6.98,284,21,4,0,50,49.08
0.79,39,13,5,0,50,5.05
10.77,774,14,5,0,50,113.88
2.41,160,18,1,0,50,23.75
6.02,147,21,1,0,50,29.87
3.68,221,8,2,0,50,25.92
0.7,41,17,2,0,50,7.08
2.55,82,17,2,0,50,11.5
3.0,78,9,3,0,50,16.83
6.06,212,21,3,0,50,31.82
3.69,121,8,4,0,50,29.73
30.52,847,18,4,0,50,199.35
2.73,108,9,5,0,50,18.83
3.75,222,10,5,0,50,39.82
0.63,51,12,5,0,50,5.75
3.71,123,12,5,0,50,24.02
8.44,2336,0,3,0,50,22.37
6.86,1393,14,3,0,50,13.55
5.29,1903,1,4,0,50,22.05
2.18,619,1,6,0,50,6.73
39.63,4238,7,6,0,50,47.62
23.28,3421,13,6,0,50,46.77
8.16,1859,1,0,0,50,30.18
3.77,712,14,0,0,50,7.47
6.34,1407,0,1,0,50,15.38
52.12,5919,10,1,0,50,67.98
60.52,3671,12,1,0,50,55.15
4.15,2038,13,1,0,50,16.22
1.26,1046,14,1,0,50,9.15
10.4,3162,15,1,0,50,45.4
6.83,1769,0,2,0,50,24.03
7.14,1533,14,2,0,50,20.68
6.66,1395,0,3,0,50,13.42
2.79,545,1,3,0,50,8.15
9.44,2391,13,3,0,50,21.67
8.05,2195,1,4,0,50,26.27
7.49,1835,10,4,0,50,31.63
1.14,639,4,5,0,50,10.83
1.67,576,23,5,0,50,13.95
0.81,599,1,0,0,50,6.6
8.74,3003,10,0,0,50,37.92
0.97,860,10,2,0,50,10.17
3.1,2005,11,2,0,50,16.82
7.87,2612,12,2,0,50,21.73
5.16,4060,13,2,0,50,23.8
2.39,587,1,3,0,50,14.07
6.45,3309,2,3,0,50,28.92
4.8,1580,3,3,0,50,19.13
8.47,2856,4,3,0,50,30.88
7.73,1940,14,3,0,50,22.92
3.0,76,0,4,0,50,16.67
5.64,1149,14,4,0,50,14.1
19.86,3519,6,5,0,50,36.13
2.15,503,3,6,0,50,11.65
1.27,1055,7,6,0,50,9.28
4.92,1354,13,6,0,50,14.85
5.84,1443,0,1,0,50,13.57
5.18,1288,14,2,0,50,13.7
1.96,182,12,3,0,50,10.3
6.19,1883,0,4,0,50,19.37
5.68,2346,1,4,0,50,22.77
1.82,561,2,5,0,50,6.6
4.5,3826,2,5,0,50,38.98
2.17,2616,3,5,0,50,22.13
0.87,533,4,5,0,50,5.75
6.83,2221,0,6,0,50,24.6
22.68,5550,8,6,0,50,65.95
9.1,1895,23,6,0,50,24.23
3.0,1335,1,0,0,50,19.33
7.24,1864,14,0,0,50,17.85
10.72,3007,0,2,0,50,32.65
1.74,859,9,2,0,50,7.93
5.96,1439,12,2,0,50,15.58
6.55,1983,13,3,0,50,21.15
7.71,1786,0,4,0,50,21.37
21.2,2128,15,4,0,50,36.8
0.92,250,8,6,0,50,6.33
6.13,1495,0,0,0,50,15.17
1.56,593,10,0,0,50,10.85
3.22,1039,13,1,0,50,11.17
7.07,1709,0,2,0,50,19.25
2.67,1110,0,3,0,50,13.2
9.83,2508,1,3,0,50,25.6
6.8,1206,14,3,0,50,14.5
5.14,2422,7,5,0,50,25.83
6.13,37,16,5,0,50,14.25
9.75,1413,2,0,0,50,14.9
1.89,466,7,1,0,50,12.93
1.33,786,0,2,0,50,8.33
57.24,6326,2,2,0,50,78.33
75.9,14596,5,2,0,50,154.78
1.67,351,14,2,0,50,5.15
16.11,1706,15,2,0,50,22.12
0.84,608,4,3,0,50,6.62
6.67,1834,0,5,0,50,20.62
2.69,668,13,5,0,50,6.7
3.01,881,1,6,0,50,9.38
7.15,1956,12,6,0,50,22.82
5.48,1262,1,0,0,50,14.87
3.7,1265,10,0,0,50,22.1
5.5,1466,1,1,0,50,17.45
4.47,1619,12,2,0,50,18.67
4.38,2947,1,3,0,50,28.23
7.73,1792,0,4,0,50,23.0
7.54,2221,9,4,0,50,33.18
3.61,3110,1,5,0,50,33.15
4.83,2175,2,5,0,50,21.23
9.06,2346,0,6,0,50,29.3
5.16,1494,0,1,0,50,14.53
0.63,716,9,1,0,50,6.27
8.12,1917,0,2,0,50,19.5
2.32,301,2,5,0,50,8.87
11.69,1240,5,6,0,50,15.7
6.38,1949,1,0,0,50,22.88
6.05,1417,12,0,0,50,14.4
7.49,1491,0,1,0,50,14.9
10.7,2784,8,1,0,50,27.32
10.63,2738,9,1,0,50,34.9
5.32,1619,0,3,0,50,16.97
42.3,682,10,4,0,50,122.4
1.94,197,13,4,0,50,18.97
25.01,156,15,4,0,50,25.65
25.74,646,16,4,0,50,83.08
5.58,167,15,2,0,50,33.82
1.7,88,16,2,0,50,9.95
80.69,418,15,2,0,50,117.25
4.07,313,18,2,0,50,32.92
11.05,173,13,1,0,50,41.88
23.59,606,15,1,0,50,77.97
1.96,84,18,2,0,50,15.98
7.86,213,10,3,0,50,33.5
1.0,60,11,3,0,50,11.08
32.81,550,12,3,0,50,92.27
34.02,625,18,3,0,50,106.52
7.88,393,12,4,0,50,41.02
18.76,512,13,4,0,50,41.37
13.47,541,15,4,0,50,85.27
1.46,108,16,4,0,50,10.3
14.81,707,12,5,0,50,119.42
11.22,832,15,5,0,50,73.28
0.98,79,17,5,0,50,5.4
3.08,151,18,5,0,50,24.57
10.44,356,19,6,0,50,25.17
1.72,50,9,2,0,50,15.97
21.55,316,9,2,0,50,41.43
3.52,511,10,2,0,50,41.32
39.99,243,12,2,0,50,70.62
1.79,89,15,2,0,50,17.17
3.49,192,16,4,0,50,23.7
2.5,84,17,4,0,50,9.45
0.59,99,18,4,0,50,6.48
5.04,115,14,2,0,50,19.5
83.76,245,15,2,0,50,77.07
21.26,4,21,2,0,50,11.38
7.04,168,5,3,0,50,38.05
292.68,68,6,3,0,50,182.92
1.53,50,10,3,0,50,9.03
22.76,160,10,4,0,50,41.33
2.49,58,15,4,0,50,15.32
3.52,194,17,4,0,50,19.0
0.75,68,18,4,0,50,7.67
2.68,126,19,4,0,50,17.87
2.71,65,5,5,0,50,30.62
366.1,877,6,5,0,50,396.83
10.33,133,20,6,0,50,49.25
6.45,82,22,6,0,50,20.88
17.17,168,11,2,0,50,37.45
6.62,3,12,2,0,50,7.4
407.63,200,13,2,0,50,306.65
3.79,49,19,2,0,50,17.0
46.45,320,19,2,0,50,70.68
2.96,67,21,2,0,50,15.62
0.67,72,5,3,0,50,6.33
524.08,235,6,3,0,50,320.87
0.6,54,14,3,0,50,6.08
4.28,265,15,3,0,50,35.95
18.77,112,15,2,0,50,40.08
2.37,82,13,5,0,50,25.42
5.76,273,18,5,0,50,61.58
0.92,23,14,6,0,50,5.17
28.13,939,15,6,0,50,201.33
23.67,36,20,6,0,50,17.2
9.2,533,15,6,0,50,76.42
4.8,92,13,6,0,50,19.25
5.32,169,15,6,0,50,23.08
0.69,57,12,1,0,50,8.08
1.48,40,16,1,0,50,5.58
10.57,574,15,6,0,50,82.42
7.07,389,18,4,0,50,71.72
6.69,322,20,4,0,50,72.27
3.43,133,16,4,0,50,20.33
5.37,616,13,6,0,50,45.67
12.32,843,20,0,0,50,109.17
1.11,107,12,6,0,50,12.27
6.81,664,13,6,0,50,60.52
36.11,343,14,6,0,50,68.52
8.69,834,18,1,0,50,84.45
2.39,126,19,1,0,50,9.32
5.0,160,18,4,0,50,25.47
2.77,139,15,5,0,50,15.58
1.51,127,6,6,0,50,9.1
16.91,35,7,6,0,50,17.52
86.59,374,11,6,0,50,147.37
4.88,211,14,6,0,50,31.13
5.01,244,16,6,0,50,28.27
14.82,897,15,0,0,50,144.53
17.92,441,16,4,0,50,74.47
16.19,272,19,4,0,50,44.82
9.96,685,16,0,0,50,95.47
10.16,484,17,0,0,50,72.38
80.22,499,16,1,0,50,130.12
1.84,53,19,1,0,50,8.82
37.45,136,21,1,0,50,56.33
9.1,552,23,1,0,50,76.32
1.49,78,0,5,0,50,8.2
15.64,813,0,5,0,50,86.72
4.99,281,4,5,0,50,29.42
2.47,254,11,5,0,50,23.88
28.81,154,12,5,0,50,40.0
7.52,113,13,5,0,50,19.18
5.19,454,9,5,0,50,53.53
21.06,58,14,5,0,50,26.58
16.38,1079,14,5,0,50,136.28
0.83,74,0,5,0,50,6.2
0.67,82,8,5,0,50,7.4
1.53,47,9,5,0,50,7.05
0.72,69,9,5,0,50,6.5
0.67,42,6,6,0,50,7.33
4.1,407,10,6,0,50,43.3
5.68,136,0,5,0,50,24.3
4.26,325,12,5,0,50,50.95
3.79,105,14,5,0,50,13.1
7.62,1115,12,3,0,50,29.27
7.25,1140,3,4,0,50,21.08
4.45,460,10,4,0,50,37.17
0.66,163,3,5,0,50,7.22
3.03,33,3,5,0,50,10.53
4.48,65,11,5,0,50,20.7
7.21,122,13,5,0,50,18.18
11.61,778,14,5,0,50,109.67
1.93,78,16,5,0,50,12.43
2.19,253,6,6,0,50,21.43
3.29,239,2,1,0,50,16.1
3.78,447,2,2,0,50,37.5
2.68,186,13,2,0,50,21.35
0.61,95,14,2,0,50,5.17
2.67,224,1,3,0,50,19.07
3.85,374,7,5,0,50,30.97
4.63,514,11,0,0,50,39.78
3.68,372,2,1,0,50,24.13
3.12,236,3,1,0,50,19.02
1.67,171,5,1,0,50,9.13
3.69,215,13,1,0,50,19.2
2.58,190,12,2,0,50,10.9
3.13,279,3,4,0,50,18.17
0.6,85,4,4,0,50,6.63
4.53,291,13,4,0,50,23.07
3.18,401,4,5,0,50,25.57
51.19,1408,12,5,0,50,155.57
2.78,240,2,0,0,50,16.23
3.52,267,12,0,0,50,19.65
3.67,291,4,1,0,50,32.4
3.76,332,11,1,0,50,26.17
3.28,393,3,2,0,50,23.38
3.29,330,12,2,0,50,18.5
3.13,361,0,3,0,50,22.98
3.83,308,2,3,0,50,21.77
3.16,222,11,3,0,50,22.82
6.07,546,13,3,0,50,56.13
3.89,355,0,4,0,50,31.22
3.13,178,11,4,0,50,14.72
9.31,377,13,5,0,50,46.98
3.5,169,1,6,0,50,18.13
3.42,263,13,6,0,50,23.33
1.14,141,1,1,0,50,7.03
3.27,348,13,1,0,50,23.58
3.14,216,14,1,0,50,19.77
4.13,330,2,2,0,50,26.07
4.18,213,3,2,0,50,18.08
2.44,89,13,2,0,50,15.4
3.14,205,13,2,0,50,17.63
2.79,234,0,3,0,50,19.53
3.65,276,3,3,0,50,21.73
2.22,249,1,4,0,50,16.1
3.3,178,3,4,0,50,17.57
3.95,276,13,4,0,50,33.97
5.08,163,23,4,0,50,20.02
8.13,81,1,5,0,50,14.95
6.41,529,4,5,0,50,68.55
17.35,1078,7,5,0,50,137.45
4.53,103,11,5,0,50,17.0
13.59,22,12,5,0,50,19.98
9.62,19,13,5,0,50,8.98
21.18,150,15,5,0,50,37.83
2.47,117,12,6,0,50,7.37
3.7,303,0,0,0,50,22.02
2.16,438,14,0,0,50,22.97
3.18,259,2,1,0,50,18.83
3.42,270,4,2,0,50,27.9
3.35,185,14,2,0,50,22.07
3.29,265,0,3,0,50,23.48
3.66,300,1,3,0,50,24.23
4.5,451,0,4,0,50,37.97
0.7,73,21,4,0,50,7.42
18.55,79,22,4,0,50,19.73
5.41,80,23,4,0,50,20.57
3.58,18,1,5,0,50,10.05
21.11,21,14,6,0,50,26.37
1098.34,457,13,4,0,50,643.63
13.14,230,8,6,0,50,50.03
1204.92,406,12,6,0,50,657.13
4.92,141,1,0,0,50,20.25
1.69,42,3,2,0,50,9.48
1.89,39,6,2,0,50,7.73
40.33,1051,7,5,0,50,160.35
9.68,634,11,6,0,50,60.78
25.77,300,4,0,0,50,68.8
17.67,84,5,2,0,50,18.52
1.66,45,7,2,0,50,17.1
16.49,100,9,2,0,50,56.57
46.08,284,0,5,0,50,183.17
46.74,543,6,5,0,50,215.18
10.31,172,14,3,0,50,17.8
127.71,52,15,3,0,50,108.45
165.33,67,17,3,0,50,96.23
785.84,120,19,3,0,50,454.68
4.63,113,3,4,0,50,24.63
3.26,375,9,4,0,50,38.5
6.73,548,10,4,0,50,58.3
1.99,86,13,4,0,50,22.92
2.94,167,14,4,0,50,16.48
8.13,344,4,5,0,50,48.35
4.15,92,9,5,0,50,11.15
2.32,60,3,5,0,50,5.48
13.18,368,4,5,0,50,37.92
18.24,96,9,5,0,50,54.82
5.0,187,4,6,0,50,17.15
6.91,574,5,6,0,50,54.2
4.55,71,6,6,0,50,17.58
1.33,65,13,6,0,50,10.08
6.69,314,2,0,0,50,54.25
5.39,237,3,0,0,50,50.33
4.69,160,5,0,0,50,35.42
3.38,209,10,0,0,50,31.33
9.38,260,11,0,0,50,43.12
2.29,60,12,0,0,50,14.5
2.23,102,3,1,0,50,18.75
1.07,61,6,1,0,50,8.0
5.73,207,7,1,0,50,31.75
10.51,290,7,1,0,50,59.57
7.8,504,5,2,0,50,89.43
14.22,768,7,2,0,50,151.0
2.23,121,11,2,0,50,18.25
1.72,88,4,3,0,50,12.1
2.32,56,5,3,0,50,13.67
11.5,466,9,3,0,50,109.0
4.81,327,11,3,0,50,47.02
2.07,109,2,4,0,50,14.67
3.04,166,4,4,0,50,34.17
3.39,272,5,4,0,50,37.33
9.8,83,7,4,0,50,9.33
1.82,95,7,5,0,50,9.63
18.31,962,8,5,0,50,100.5
15.04,175,13,5,0,50,22.93
3.67,421,8,0,0,50,33.92
3.91,276,10,0,0,50,19.13
3.02,241,13,0,0,50,24.97
2.2,160,14,0,0,50,14.5
18.35,993,3,1,0,50,94.42
12.62,348,7,1,0,50,42.93
4.29,517,8,1,0,50,34.33
2.0,266,11,1,0,50,17.3
2.75,143,12,1,0,50,14.68
5.99,238,12,1,0,50,33.55
15.45,620,3,3,0,50,73.47
0.81,130,13,3,0,50,8.73
0.98,197,23,3,0,50,11.72
31.14,385,23,3,0,50,56.07
15.56,680,0,4,0,50,78.2
9.35,665,9,4,0,50,67.83
3.78,491,13,4,0,50,44.97
1.69,92,3,5,0,50,9.7
1.84,177,4,5,0,50,12.58
2.56,410,11,5,0,50,29.07
13.73,855,12,5,0,50,73.47
8.14,623,13,5,0,50,47.02
6.65,511,8,6,0,50,55.62
2.89,166,10,6,0,50,12.57
2.6,144,10,6,0,50,11.83
3.56,571,13,6,0,50,41.77
1.91,140,10,0,0,50,11.12
2.75,212,13,0,0,50,21.77
1.82,185,3,1,0,50,14.4
5.12,370,6,1,0,50,32.2
3.62,259,8,1,0,50,20.55
4.7,134,10,1,0,50,17.33
1.95,110,10,1,0,50,8.57
2.45,201,11,1,0,50,20.27
2.02,253,13,1,0,50,18.7
7.94,541,10,2,0,50,72.93
2.66,319,13,2,0,50,23.63
3.23,138,8,3,0,50,13.63
4.11,257,8,3,0,50,26.33
2.78,172,11,3,0,50,16.9
5.97,218,4,4,0,50,25.22
6.81,396,10,4,0,50,43.07
4.04,542,13,4,0,50,39.23
15.88,898,8,5,0,50,84.77
16.84,625,13,5,0,50,69.85
4.21,324,14,5,0,50,19.13
4.64,431,19,5,0,50,48.5
3.07,320,8,6,0,50,21.5
2.73,191,9,6,0,50,15.22
2.63,196,10,6,0,50,17.4
1.83,117,11,6,0,50,11.7
1.96,182,13,6,0,50,13.33
3.55,224,10,0,0,50,17.8
2.33,210,10,0,0,50,16.52
1.91,151,3,1,0,50,19.17
6.61,304,5,1,0,50,34.2
3.09,268,9,1,0,50,20.6
4.6,321,12,2,0,50,35.2
2.91,167,3,3,0,50,25.12
2.93,231,8,3,0,50,18.27
2.77,225,10,3,0,50,17.6
3.6,169,12,3,0,50,19.75
3.43,280,13,3,0,50,19.37
9.75,902,1,4,0,50,92.47
3.52,195,2,4,0,50,30.98
0.77,91,3,4,0,50,5.43
5.86,256,10,4,0,50,39.6
2.99,220,11,4,0,50,23.97
3.16,265,9,5,0,50,22.4
1.77,125,5,6,0,50,10.37
6.14,282,6,6,0,50,29.07
2.45,332,8,6,0,50,23.23
10.13,1012,11,6,0,50,90.13
8.03,539,3,0,0,50,50.57
15.98,584,5,0,0,50,60.43
18.83,1275,6,0,0,50,130.97
1.32,211,0,1,0,50,13.6
47.79,1832,1,1,0,50,208.73
25.81,1669,5,2,0,50,155.5
1.07,128,8,2,0,50,11.53
3.75,330,9,2,0,50,35.48
4.01,232,8,3,0,50,19.5
13.45,638,13,3,0,50,79.53
3.29,132,0,4,0,50,17.9
12.81,933,4,4,0,50,87.63
2.65,217,8,4,0,50,14.07
3.57,394,13,4,0,50,29.27
3.52,210,13,4,0,50,23.7
5.89,445,3,5,0,50,40.63
6.81,358,10,5,0,50,35.0
7.47,898,11,5,0,50,87.47
5.38,596,14,5,0,50,48.33
3.45,332,12,6,0,50,32.33
9.59,1401,13,0,0,50,102.03
2.85,167,23,0,0,50,12.77
7.8,692,0,1,0,50,84.2
4.38,175,6,1,0,50,20.73
1.95,180,7,1,0,50,17.57
3.07,129,8,1,0,50,16.07
3.72,250,11,1,0,50,20.73
4.62,157,0,2,0,50,22.63
7.21,424,2,2,0,50,48.05
2.85,155,5,2,0,50,14.6
3.24,232,5,2,0,50,17.4
71.5,1273,10,2,0,50,135.97
3.56,653,14,2,0,50,41.3
3.28,157,23,2,0,50,14.93
13.16,1015,2,3,0,50,78.78
4.92,223,7,3,0,50,17.32
3.28,226,9,3,0,50,16.43
1.23,121,11,3,0,50,7.9
6.09,751,6,4,0,50,56.3
6.7,291,11,4,0,50,27.67
2.89,291,12,4,0,50,21.17
3.95,156,13,4,0,50,13.63
24.99,1228,1,5,0,50,116.8
27.7,1055,13,5,0,50,114.7
18.5,944,3,6,0,50,121.07
1.82,221,6,6,0,50,15.57
2.57,153,6,6,0,50,18.33
5.54,632,11,6,0,50,58.8
6.27,634,12,6,0,50,53.17
25.88,223,0,0,0,50,56.2
17.5,200,1,2,0,50,39.47
23.26,735,2,2,0,50,98.67
4.23,241,5,2,0,50,22.53
2.77,159,8,2,0,50,19.15
5.55,238,11,2,0,50,36.0
3.89,260,3,3,0,50,16.1
2.15,140,8,3,0,50,11.03
2.81,269,9,3,0,50,20.77
13.26,1201,12,3,0,50,130.43
3.34,146,5,4,0,50,19.37
5.32,317,6,4,0,50,26.95
12.75,1184,9,4,0,50,112.98
3.87,251,6,5,0,50,23.37
6.27,487,8,5,0,50,45.2
1.77,181,12,5,0,50,14.9
10.5,1232,12,5,0,50,120.6
4.41,211,14,6,0,50,23.13
4.15,253,23,6,0,50,21.3
2.29,107,8,0,0,50,11.2
2.58,199,10,0,0,50,18.17
5.34,462,13,0,0,50,45.17
1.21,109,0,1,0,50,13.6
4.98,341,6,1,0,50,30.97
5.0,261,7,1,0,50,23.75
5.07,290,14,1,0,50,33.28
3.41,225,23,1,0,50,16.93
2.71,192,8,2,0,50,15.0
2.42,153,10,2,0,50,16.97
2.83,191,13,2,0,50,17.77
4.0,276,23,2,0,50,25.4
27.13,464,23,3,0,50,77.67
26.05,177,8,4,0,50,50.93
9.51,951,14,4,0,50,89.83
3.71,260,2,5,0,50,21.97
7.7,160,5,5,0,50,31.87
13.56,182,7,5,0,50,27.83
3.5,148,11,5,0,50,12.9
6.99,387,1,6,0,50,32.9
11.56,388,3,6,0,50,45.8
5.13,541,12,6,0,50,42.43
3.63,187,23,6,0,50,17.53
2.16,110,6,0,0,50,10.73
2.62,154,8,0,0,50,13.47
1.93,153,10,1,0,50,11.47
3.77,313,14,2,0,50,25.93
1.2,44,23,2,0,50,6.33
6.4,521,2,3,0,50,50.7
2.9,217,13,3,0,50,18.87
2.64,321,23,3,0,50,26.1
7.65,267,6,4,0,50,44.9
6.75,658,9,4,0,50,59.88
5.16,551,10,4,0,50,37.6
2.55,334,11,4,0,50,26.13
6.86,405,7,5,0,50,41.43
2.1,108,10,5,0,50,10.7
16.36,733,2,6,0,50,71.67
12.81,485,7,6,0,50,55.63
4.27,300,8,6,0,50,44.37
1.34,66,10,6,0,50,5.23
4.05,239,23,6,0,50,25.0
2.13,193,7,0,0,50,11.13
2.42,192,9,0,0,50,16.57
2.78,130,10,0,0,50,14.08
4.14,379,23,0,0,50,35.63
1.62,102,8,1,0,50,12.5
2.32,240,9,1,0,50,17.07
4.26,370,13,1,0,50,30.43
3.47,300,23,1,0,50,26.2
14.35,1747,0,2,0,50,160.0
2.49,152,9,2,0,50,12.8
3.23,177,10,2,0,50,17.95
3.73,321,13,2,0,50,24.93
6.54,468,23,2,0,50,56.0
5.02,526,8,3,0,50,45.23
1.77,188,0,4,0,50,19.07
2.78,228,6,4,0,50,19.42
2.75,335,8,4,0,50,22.53
8.05,362,19,4,0,50,74.57
4.73,475,8,5,0,50,33.1
3.38,289,1,6,0,50,30.42
3.06,187,3,6,0,50,13.23
2.04,67,4,6,0,50,12.75
11.48,998,13,6,0,50,86.37
4.59,238,0,1,0,50,24.27
2.78,133,2,1,0,50,16.13
2.91,149,9,1,0,50,16.3
8.8,560,10,1,0,50,63.45
5.67,397,23,1,0,50,24.8
2.59,160,8,3,0,50,14.07
2.73,206,10,3,0,50,18.73
10.09,909,13,3,0,50,77.6
5.39,447,0,4,0,50,46.17
8.17,930,1,4,0,50,80.83
2.87,180,3,4,0,50,31.77
2.07,135,6,4,0,50,13.23
2.64,177,0,5,0,50,9.9
22.4,888,0,5,0,50,104.27
19.9,856,6,5,0,50,91.13
2.64,215,9,5,0,50,18.07
2.82,153,10,5,0,50,15.27
3.75,350,12,5,0,50,24.47
8.74,232,8,6,0,50,29.57
7.65,481,13,6,0,50,44.0
8.49,667,23,6,0,50,68.43
2.42,168,2,0,0,50,14.25
2.73,113,8,0,0,50,13.27
2.47,107,10,0,0,50,11.8
5.49,724,14,0,0,50,61.8
2.45,186,23,0,0,50,20.8
6.8,359,2,3,0,50,36.03
5.79,349,5,3,0,50,28.33
14.49,769,1,4,0,50,79.05
18.84,1348,5,4,0,50,135.77
4.68,441,11,4,0,50,29.97
5.77,526,12,4,0,50,40.9
2.74,216,11,5,0,50,16.57
1.49,111,12,5,0,50,9.87
3.67,206,8,0,0,50,24.62
3.15,175,12,0,0,50,22.53
1.45,109,8,2,0,50,8.77
5.85,723,23,2,0,50,66.83
3.71,481,1,3,0,50,40.97
3.6,245,9,3,0,50,24.4
5.95,376,23,3,0,50,44.07
5.04,407,5,4,0,50,36.83
3.72,280,10,4,0,50,20.37
3.52,261,14,4,0,50,25.07
3.39,363,5,6,0,50,27.13
4.53,471,8,0,0,50,43.6
5.32,400,23,0,0,50,50.95
4.66,310,6,1,0,50,30.57
2.54,195,8,1,0,50,17.0
3.13,290,10,1,0,50,31.2
5.25,451,11,1,0,50,47.13
3.13,269,10,2,0,50,24.17
81.2,301,1,3,0,50,80.03
79.8,310,1,4,0,50,76.93
4.23,294,7,4,0,50,27.63
2.05,55,9,4,0,50,12.3
5.99,492,12,4,0,50,50.93
3.04,292,2,6,0,50,16.0
2.77,184,7,6,0,50,14.5
3.48,282,9,6,0,50,31.43
2.94,161,14,6,0,50,14.23
3.43,290,5,0,0,50,22.5
4.1,322,2,0,0,50,31.52
2.6,174,8,0,0,50,17.03
4.44,229,10,0,0,50,33.23
1.72,93,10,0,0,50,9.6
3.11,206,3,1,0,50,17.58
3.5,275,7,1,0,50,23.87
2.76,197,8,1,0,50,23.68
2.82,247,9,1,0,50,22.67
3.55,227,10,1,0,50,19.53
19.23,602,23,1,0,50,70.78
16.02,130,6,2,0,50,25.9
3.26,281,7,2,0,50,23.02
2.84,273,9,2,0,50,18.13
3.23,201,8,3,0,50,18.23
3.4,271,23,3,0,50,25.23
4.83,316,6,4,0,50,33.97
2.2,242,9,4,0,50,14.7
4.01,294,10,4,0,50,19.65
2.58,247,23,4,0,50,17.23
0.82,169,0,5,0,50,9.4
14.82,522,0,5,0,50,42.82
3.84,241,4,6,0,50,22.77
5.49,257,8,6,0,50,28.73
9.01,855,9,6,0,50,86.9
7.28,859,11,6,0,50,81.3
3.72,391,23,6,0,50,25.93
2.95,569,9,0,0,50,30.35
2.86,232,7,1,0,50,17.65
3.28,422,8,1,0,50,30.73
5.55,264,10,1,0,50,26.63
4.3,313,23,1,0,50,27.73
2.21,128,8,2,0,50,11.83
3.73,228,9,2,0,50,26.4
3.99,303,14,2,0,50,23.8
5.63,429,23,2,0,50,30.87
4.06,229,14,3,0,50,17.72
4.48,307,23,3,0,50,26.9
1.86,86,6,4,0,50,9.5
1.78,90,8,4,0,50,12.1
2.69,171,3,6,0,50,14.47
3.52,261,4,6,0,50,18.37
3.5,351,7,6,0,50,34.53
4.76,378,23,6,0,50,32.83
6.11,349,9,0,0,50,26.23
3.47,258,12,0,0,50,26.78
2.73,230,6,1,0,50,17.95
3.08,221,7,1,0,50,17.13
2.95,209,10,1,0,50,19.23
4.07,375,14,1,0,50,28.53
4.46,350,23,1,0,50,25.78
0.93,82,0,2,0,50,5.8
3.43,340,12,2,0,50,24.43
5.64,302,23,2,0,50,29.95
2.63,149,8,3,0,50,17.72
2.96,250,9,3,0,50,22.77
4.08,297,14,3,0,50,24.1
4.48,374,23,3,0,50,32.17
1.87,125,7,4,0,50,13.2
1.87,97,9,4,0,50,15.45
2.82,203,0,5,0,50,16.37
14.36,864,2,5,0,50,86.07
8.59,464,6,5,0,50,36.67
1.19,251,6,6,0,50,13.57
3.49,405,12,6,0,50,28.7
4.12,352,23,6,0,50,36.47
2.59,190,8,0,0,50,15.23
3.57,331,9,0,0,50,31.97
2.56,162,10,1,0,50,19.5
2.59,223,10,1,0,50,19.97
3.68,265,13,1,0,50,20.23
3.66,270,23,1,0,50,21.63
4.43,293,5,2,0,50,27.62
1.9,153,8,2,0,50,14.67
2.72,196,10,2,0,50,17.32
5.75,581,14,2,0,50,62.53
3.62,320,23,2,0,50,25.57
3.47,282,14,3,0,50,20.28
6.25,381,23,3,0,50,39.12
6.98,525,6,4,0,50,53.53
2.91,328,8,4,0,50,28.4
15.32,644,10,4,0,50,71.73
9.09,718,3,5,0,50,71.1
5.82,545,7,5,0,50,41.9
2.84,176,6,6,0,50,21.78
3.21,312,8,6,0,50,26.6
3.56,285,14,6,0,50,22.7
3.77,238,23,6,0,50,18.65
3.48,280,10,0,0,50,23.2
3.83,238,23,0,0,50,20.37
2.75,163,7,1,0,50,15.15
2.84,186,8,1,0,50,14.63
13.71,637,10,1,0,50,84.38
4.4,360,12,1,0,50,31.67
14.71,1235,1,2,0,50,148.03
3.86,279,14,2,0,50,25.77
2.64,237,8,3,0,50,15.37
3.21,189,9,3,0,50,14.9
3.38,226,13,3,0,50,16.98
3.68,243,23,3,0,50,22.15
1.84,74,6,4,0,50,9.97
1.83,91,8,4,0,50,9.8
14.42,1654,10,4,0,50,172.33
3.47,265,1,5,0,50,20.6
2.59,143,6,5,0,50,14.92
2.85,268,8,5,0,50,23.23
4.66,484,11,5,0,50,35.0
14.92,752,8,6,0,50,67.7
15.26,619,10,6,0,50,64.37
0.83,168,11,6,0,50,8.73
5.89,457,23,6,0,50,33.95
26.8,1869,1,0,0,50,159.02
2.66,187,8,0,0,50,16.07
2.89,299,10,0,0,50,21.2
2.85,143,10,1,0,50,15.53
2.74,192,10,1,0,50,26.65
4.6,311,0,2,0,50,24.97
2.66,141,9,2,0,50,13.48
2.77,182,10,2,0,50,15.6
3.38,247,12,2,0,50,18.9
3.79,260,0,3,0,50,17.13
3.64,189,14,3,0,50,17.12
32.76,3849,15,3,0,50,355.87
16.03,1191,21,3,0,50,140.23
13.49,1063,0,4,0,50,90.3
9.98,500,2,4,0,50,51.32
7.17,333,5,4,0,50,35.8
1.93,174,7,4,0,50,14.82
1.84,213,9,4,0,50,19.57
2.99,282,9,4,0,50,27.08
1.98,99,11,4,0,50,10.15
1.39,64,0,5,0,50,6.87
13.06,401,1,5,0,50,39.42
17.92,530,5,5,0,50,74.45
3.47,181,4,6,0,50,17.63
2.69,177,10,6,0,50,14.17
3.24,262,11,6,0,50,17.53
3.42,251,12,6,0,50,20.5
4.19,225,23,6,0,50,21.72
2.94,163,6,1,0,50,16.17
2.97,201,7,1,0,50,15.72
2.67,195,10,1,0,50,19.73
2.31,128,10,1,0,50,14.9
3.58,284,14,1,0,50,21.3
3.98,246,23,1,0,50,23.35
3.36,324,11,2,0,50,22.62
3.8,232,23,2,0,50,22.17
84.69,505,6,3,0,50,131.72
2.64,185,14,3,0,50,15.5
3.49,183,0,4,0,50,18.08
12.98,845,1,4,0,50,76.17
1.14,221,3,4,0,50,13.63
11.91,475,3,4,0,50,59.27
3.76,173,6,4,0,50,16.63
3.58,293,4,0,0,50,22.27
1.69,120,6,0,0,50,8.57
2.25,141,8,1,0,50,11.7
6.48,362,8,1,0,50,28.17
8.13,567,0,2,0,50,55.87
3.29,218,14,2,0,50,25.67
4.5,501,0,3,0,50,50.73
3.54,246,9,3,0,50,20.48
5.27,171,23,3,0,50,17.47
1.17,115,4,4,0,50,6.5
5.08,333,7,4,0,50,26.2
1.95,111,10,4,0,50,9.2
8.96,705,11,4,0,50,85.3
6.0,545,10,5,0,50,44.33
25.03,1994,0,6,0,50,179.4
22.1,1728,6,6,0,50,137.5
4.57,373,11,6,0,50,25.7
2.62,170,5,1,0,50,11.58
5.44,325,6,1,0,50,27.45
3.34,186,23,1,0,50,17.07
3.37,250,14,2,0,50,17.83
3.8,264,23,2,0,50,18.75
3.37,236,8,3,0,50,18.47
3.6,281,23,3,0,50,27.6
3.71,212,5,4,0,50,18.43
81.08,867,23,4,0,50,174.38
24.11,1706,2,5,0,50,148.03
98.94,744,6,5,0,50,155.47
9.81,609,12,5,0,50,65.57
2.79,191,4,6,0,50,15.78
3.62,239,8,6,0,50,17.33
3.54,220,23,6,0,50,18.27
4.09,234,3,1,0,50,21.5
3.47,297,0,2,0,50,21.3
3.57,273,10,2,0,50,19.77
6.4,517,13,2,0,50,49.8
3.08,106,14,2,0,50,10.83
3.96,295,23,2,0,50,25.23
3.68,232,9,3,0,50,18.83
3.34,201,10,4,0,50,16.77
3.58,245,13,4,0,50,19.9
23.83,573,5,5,0,50,91.42
19.23,699,12,5,0,50,63.47
4.35,275,23,6,0,50,24.52
3.53,297,8,0,0,50,17.33
3.7,250,23,0,0,50,18.27
2.3,123,5,1,0,50,14.35
5.16,370,6,1,0,50,26.73
4.8,279,23,1,0,50,25.8
4.26,223,9,2,0,50,17.67
3.56,261,23,2,0,50,18.17
5.46,350,5,3,0,50,30.83
2.28,256,8,3,0,50,13.6
3.33,254,9,3,0,50,19.07
3.51,233,11,3,0,50,17.0
25.97,709,5,4,0,50,86.83
22.28,520,10,4,0,50,71.85
6.43,595,10,5,0,50,59.53
6.55,275,12,5,0,50,28.58
2.03,253,8,6,0,50,20.12
3.5,254,0,0,0,50,16.45
3.45,174,9,0,0,50,16.27
2.74,192,0,1,0,50,13.73
7.94,548,5,1,0,50,50.98
5.91,416,23,1,0,50,31.7
0.74,122,8,2,0,50,6.17
3.87,193,9,2,0,50,15.67
3.94,202,0,3,0,50,17.5
3.33,258,9,3,0,50,19.13
3.69,342,10,4,0,50,25.93
3.51,304,9,5,0,50,23.93
3.24,230,0,0,0,50,15.03
1.96,104,2,0,0,50,11.23
3.96,240,9,0,0,50,18.87
3.96,235,23,0,0,50,16.73
6.47,295,0,1,0,50,37.5
8.04,385,4,1,0,50,45.33
3.35,165,23,1,0,50,17.57
3.51,235,11,2,0,50,19.33
2.92,313,0,3,0,50,24.33
3.34,187,3,3,0,50,16.93
3.9,252,9,3,0,50,21.87
1.07,62,9,3,0,50,8.23
1.07,117,6,4,0,50,7.73
3.4,187,1,5,0,50,16.37
4.98,215,4,5,0,50,17.93
6.75,235,1,6,0,50,22.7
5.9,263,4,6,0,50,26.6
3.18,139,6,6,0,50,16.2
1.25,153,6,6,0,50,8.7
3.37,456,14,6,0,50,39.6
1.03,123,0,0,0,50,9.7
1.73,154,2,0,0,50,7.77
3.49,302,4,0,0,50,21.5
3.34,173,9,0,0,50,16.92
3.27,247,0,1,0,50,17.33
8.22,446,3,1,0,50,49.42
15.58,618,4,1,0,50,62.92
15.11,683,6,1,0,50,84.47
3.44,248,14,1,0,50,24.13
3.58,279,0,2,0,50,23.45
4.48,270,5,2,0,50,21.12
4.43,248,8,2,0,50,20.47
2.95,206,9,2,0,50,17.73
5.2,374,10,2,0,50,30.57
4.36,311,8,3,0,50,25.33
3.83,252,10,3,0,50,28.53
7.75,359,0,4,0,50,33.5
7.8,518,11,6,0,50,46.3
7.67,525,9,0,0,50,42.07
11.54,1268,10,0,0,50,119.07
7.98,450,2,1,0,50,48.42
7.77,426,4,1,0,50,45.97
3.42,241,10,1,0,50,24.58
3.53,270,12,1,0,50,19.42
7.69,544,23,1,0,50,43.6
6.25,173,4,2,0,50,19.07
2.03,93,5,2,0,50,7.2
7.13,241,23,2,0,50,32.9
8.72,719,3,3,0,50,54.68
7.09,211,23,3,0,50,22.93
6.85,441,5,4,0,50,33.37
3.33,211,10,5,0,50,21.53
3.47,262,13,5,0,50,19.33
6.02,376,23,5,0,50,34.77
7.07,464,2,6,0,50,36.83
1.21,185,9,6,0,50,12.57
1.48,182,14,6,0,50,10.5
1.2,149,10,0,0,50,13.8
1.25,179,14,0,0,50,10.2
1.13,125,11,1,0,50,10.1
1.46,234,14,1,0,50,14.7
3.51,295,12,2,0,50,19.83
3.77,352,13,2,0,50,22.48
1.2,153,10,3,0,50,11.23
1.29,167,13,3,0,50,11.83
12.94,467,2,4,0,50,49.63
12.8,545,4,4,0,50,49.0
0.9,61,11,5,0,50,7.93
1.22,49,12,5,0,50,7.22
3.02,217,2,6,0,50,17.83
4.28,206,4,6,0,50,24.13
6.13,578,6,6,0,50,49.57
4.81,713,7,6,0,50,55.53
7.38,837,0,0,0,50,78.0
4.42,348,2,0,0,50,33.13
39.39,566,9,0,0,50,83.02
38.82,407,11,0,0,50,74.62
4.76,292,0,1,0,50,23.8
6.38,396,5,1,0,50,33.9
4.02,315,7,1,0,50,30.78
5.13,327,7,1,0,50,29.92
21.48,487,11,1,0,50,67.13
21.51,336,13,1,0,50,53.87
3.69,261,0,2,0,50,23.03
3.44,262,12,2,0,50,22.13
3.56,288,0,3,0,50,19.73
3.85,268,8,3,0,50,19.37
3.63,195,0,4,0,50,23.95
5.14,254,6,4,0,50,24.47
1.79,156,10,4,0,50,12.43
7.62,649,10,4,0,50,48.93
3.54,374,12,4,0,50,24.92
3.37,286,8,5,0,50,19.37
17.88,772,10,5,0,50,85.45
12.73,285,6,6,0,50,47.0
5.88,446,9,6,0,50,48.67
2.56,167,12,6,0,50,13.07
4.14,245,0,0,0,50,24.22
5.86,399,6,0,0,50,35.5
4.75,378,6,0,0,50,29.07
4.14,215,9,0,0,50,19.87
3.77,209,0,1,0,50,18.23
3.58,169,7,1,0,50,17.23
4.13,252,0,2,0,50,24.13
3.33,220,9,2,0,50,17.63
3.57,223,0,3,0,50,17.8
3.5,423,13,3,0,50,30.83
6.08,697,0,4,0,50,58.6
6.35,301,5,4,0,50,31.05
3.22,231,9,4,0,50,21.13
23.5,1476,9,4,0,50,135.77
3.24,238,3,5,0,50,17.63
3.49,308,12,5,0,50,24.43
14.57,565,2,6,0,50,59.57
16.72,335,6,6,0,50,43.53
4.47,334,23,6,0,50,27.73
5.1,297,6,0,0,50,27.22
4.83,563,7,0,0,50,36.72
3.93,167,12,0,0,50,18.93
4.58,248,0,1,0,50,22.62
4.85,626,3,1,0,50,47.73
3.45,339,9,1,0,50,25.98
3.82,259,12,1,0,50,20.9
3.89,284,23,1,0,50,21.02
3.41,258,10,2,0,50,22.03
3.69,219,23,2,0,50,16.07
4.72,306,7,3,0,50,31.13
4.82,172,8,3,0,50,20.67
3.57,258,9,3,0,50,18.92
4.51,303,0,4,0,50,24.83
9.47,659,6,4,0,50,70.37
5.66,473,7,4,0,50,43.67
5.61,406,2,5,0,50,39.37
5.75,389,11,5,0,50,32.73
20.95,1065,1,6,0,50,120.12
7.79,658,4,6,0,50,53.07
4.89,208,7,6,0,50,26.03
1.5,180,10,6,0,50,10.83
7.62,322,11,6,0,50,31.07
14.81,1060,12,6,0,50,80.17
4.16,421,7,0,0,50,39.73
3.29,105,17,0,0,50,16.23
3.74,215,8,1,0,50,15.1
3.51,235,20,1,0,50,16.63
3.46,205,7,2,0,50,18.63
3.74,154,18,2,0,50,20.0
2.45,116,20,3,0,50,12.2
3.98,204,7,4,0,50,19.1
3.49,195,18,4,0,50,18.05
4.74,187,10,5,0,50,21.2
2.19,147,11,5,0,50,10.67
22.49,952,14,5,0,50,107.75
6.74,120,16,5,0,50,19.03
6.73,138,20,5,0,50,24.03
15.64,179,21,5,0,50,35.5
29.83,925,10,6,0,50,93.47
21.86,888,17,6,0,50,91.83
3.89,293,21,6,0,50,22.57
4.63,279,23,6,0,50,26.78
21.53,1327,6,0,0,50,133.53
6.11,416,9,0,0,50,45.42
7.56,645,14,0,0,50,55.63
4.26,248,23,0,0,50,25.38
23.1,973,5,1,0,50,109.4
4.42,319,8,1,0,50,26.5
3.47,185,9,1,0,50,18.6
3.41,300,0,2,0,50,17.6
3.22,211,14,2,0,50,15.03
3.54,209,23,2,0,50,17.83
9.85,70,1,3,0,50,14.8
8.52,66,2,3,0,50,11.72
21.08,1230,8,3,0,50,129.15
6.72,22,14,3,0,50,8.02
26.18,629,14,3,0,50,63.22
9.3,380,23,3,0,50,41.58
3.84,284,9,4,0,50,27.9
5.27,411,1,5,0,50,28.37
3.19,223,2,5,0,50,23.57
24.65,997,9,5,0,50,102.47
14.24,899,13,5,0,50,74.23
1.38,267,6,6,0,50,14.27
20.65,1253,7,6,0,50,119.33
15.16,560,12,6,0,50,62.18
2.55,180,4,0,0,50,13.1
1.98,203,6,0,0,50,16.37
2.28,301,14,0,0,50,22.1
5.21,216,2,1,0,50,26.88
5.37,353,2,1,0,50,25.25
42.92,1365,6,1,0,50,164.07
3.82,285,0,2,0,50,21.97
3.38,195,12,2,0,50,20.93
2.98,224,21,2,0,50,15.53
20.75,579,22,2,0,50,89.95
6.58,163,3,3,0,50,21.03
1.53,20,11,3,0,50,6.95
6.14,249,7,4,0,50,33.98
5.11,689,21,4,0,50,42.83
3.48,302,3,5,0,50,22.03
2.42,156,9,5,0,50,13.5
5.53,251,9,5,0,50,27.25
3.58,372,3,6,0,50,24.87
41.28,468,23,6,0,50,85.83
34.02,88,0,2,0,50,36.07
3.43,263,2,2,0,50,17.7
16.23,565,5,2,0,50,61.17
3.36,369,8,2,0,50,36.77
4.94,458,11,2,0,50,36.07
39.6,1451,13,2,0,50,138.7
3.62,247,2,3,0,50,18.83
5.57,407,4,3,0,50,38.78
18.05,878,2,4,0,50,77.07
19.88,964,6,4,0,50,115.17
5.79,292,10,4,0,50,31.93
18.52,550,2,5,0,50,72.12
15.79,825,8,5,0,50,87.03
53.22,648,12,5,0,50,120.92
4.73,292,1,6,0,50,17.13
4.41,447,4,6,0,50,38.73
15.62,319,13,6,0,50,64.17
16.81,659,3,0,0,50,87.85
1.41,62,5,0,0,50,5.63
4.13,334,6,0,0,50,30.82
5.29,286,9,0,0,50,41.6
8.76,528,0,1,0,50,72.82
3.64,175,3,1,0,50,16.7
4.3,271,4,1,0,50,21.08
4.68,328,5,1,0,50,27.42
4.01,261,6,1,0,50,28.05
21.64,627,23,1,0,50,95.8
723.41,1059,5,2,0,50,418.37
2.2,253,9,3,0,50,14.93
4.27,639,13,3,0,50,47.87
4.03,466,2,4,0,50,36.57
4.18,574,4,4,0,50,40.43
18.86,676,0,5,0,50,76.17
140.23,108,2,5,0,50,76.0
21.18,249,11,5,0,50,51.27
7.7,331,7,6,0,50,32.1
15.79,935,12,6,0,50,84.87
3.82,345,9,0,0,50,26.9
15.33,320,13,0,0,50,58.73
19.51,266,22,0,0,50,31.33
8.31,56,23,0,0,50,14.6
1.1,155,4,1,0,50,10.07
11.37,449,5,1,0,50,43.53
15.25,552,4,2,0,50,58.62
2.29,374,5,2,0,50,19.43
17.46,545,10,2,0,50,62.95
9.97,85,19,2,0,50,16.33
24.68,183,19,2,0,50,54.95
56.45,312,21,2,0,50,92.17
44.64,249,3,3,0,50,68.77
9.65,130,4,3,0,50,33.9
1.88,176,5,3,0,50,12.77
9.59,675,2,4,0,50,55.23
5.39,496,3,4,0,50,64.1
8.16,497,5,4,0,50,44.62
7.68,984,6,4,0,50,84.32
18.25,669,12,4,0,50,67.57
0.91,57,5,5,0,50,9.1
9.64,249,9,6,0,50,22.17
26.8,613,12,6,0,50,89.13
3.32,231,3,0,0,50,19.32
17.81,646,9,0,0,50,71.32
11.78,64,18,0,0,50,17.17
40.96,473,19,0,0,50,124.62
51.9,271,2,1,0,50,95.62
3.05,127,1,3,0,50,14.8
4.0,235,7,3,0,50,19.98
5.32,200,12,3,0,50,28.57
22.2,422,7,4,0,50,61.63
5.65,15,18,4,0,50,8.35
22.48,123,18,4,0,50,40.17
17.6,386,19,4,0,50,75.13
52.73,597,2,5,0,50,126.12
7.11,222,11,5,0,50,22.47
15.12,671,14,5,0,50,65.22
3.33,377,5,6,0,50,37.33
2.63,261,13,6,0,50,22.55
13.11,451,10,0,0,50,46.6
14.04,430,14,0,0,50,40.87
18.11,1058,1,1,0,50,121.78
6.35,141,10,1,0,50,20.37
6.67,278,13,1,0,50,31.5
12.38,1181,1,2,0,50,131.57
7.61,644,12,2,0,50,54.93
16.05,591,0,3,0,50,68.72
14.63,705,3,3,0,50,78.3
3.87,279,5,3,0,50,20.7
39.97,930,8,3,0,50,134.27
10.4,477,13,3,0,50,47.07
1.67,87,14,3,0,50,7.13
2.25,329,9,4,0,50,21.15
3.51,263,14,4,0,50,21.37
2.72,169,10,5,0,50,15.58
2.59,170,11,5,0,50,17.4
3.39,190,14,5,0,50,16.77
3.9,228,7,6,0,50,26.83
6.36,484,14,6,0,50,50.0
19.78,1002,1,0,0,50,88.57
9.68,736,3,0,0,50,62.43
1.64,187,9,0,0,50,19.6
20.56,679,11,0,0,50,91.0
17.2,574,6,1,0,50,58.05
15.0,684,8,1,0,50,66.57
3.82,269,14,1,0,50,19.43
4.33,188,0,2,0,50,22.88
0.58,109,12,2,0,50,6.87
4.08,210,14,2,0,50,29.98
2.97,253,2,3,0,50,21.43
3.58,250,11,3,0,50,24.97
3.11,170,1,4,0,50,18.92
2.57,150,10,4,0,50,26.33
6.56,322,10,4,0,50,42.02
3.36,172,13,4,0,50,20.37
13.42,667,6,5,0,50,59.37
20.77,861,9,5,0,50,84.07
13.03,573,13,5,0,50,54.27
12.86,633,5,6,0,50,66.9
5.15,330,7,6,0,50,38.03
8.65,396,11,6,0,50,46.33
6.86,297,1,0,0,50,25.4
9.61,548,1,0,0,50,54.47
1.73,150,7,0,0,50,9.67
6.99,366,7,0,0,50,46.43
3.38,226,9,0,0,50,19.47
3.13,259,11,0,0,50,23.4
3.5,294,0,2,0,50,28.73
7.91,335,5,2,0,50,33.97
9.52,743,6,2,0,50,62.92
3.2,232,7,2,0,50,20.4
3.89,242,0,4,0,50,18.33
13.4,525,5,4,0,50,49.48
10.77,433,6,4,0,50,50.73
6.96,293,9,4,0,50,40.58
5.13,304,10,4,0,50,28.33
3.98,211,3,5,0,50,26.13
2.24,69,12,5,0,50,8.4
0.84,60,2,6,0,50,5.0
3.38,305,0,0,0,50,22.6
1.3,144,14,0,0,50,10.63
3.58,235,23,0,0,50,17.23
4.85,201,4,1,0,50,13.03
7.72,490,13,1,0,50,43.37
3.04,179,23,1,0,50,15.93
2.7,214,0,2,0,50,23.48
5.98,277,8,2,0,50,36.7
2.72,208,23,2,0,50,12.48
4.78,310,3,3,0,50,54.63
3.47,236,23,3,0,50,19.17
2.17,123,4,4,0,50,13.4
5.63,423,4,4,0,50,32.2
14.3,724,6,4,0,50,83.97
5.59,337,10,4,0,50,32.17
7.21,329,13,4,0,50,34.32
22.82,911,2,5,0,50,114.07
17.6,188,12,5,0,50,45.97
3.99,293,1,6,0,50,28.83
2.32,190,2,6,0,50,25.67
13.08,356,6,6,0,50,63.03
12.63,672,8,6,0,50,53.87
23.65,377,11,6,0,50,65.77
5.03,3,8,2,0,50,16.63
17.54,13,5,4,0,50,66.38
25.45,19,10,4,0,50,84.33
59.68,15,11,5,0,50,58.43
28.34,2,14,5,0,50,27.72
14.28,9,15,5,0,50,15.98
2.01,4,4,0,0,50,8.45
3.87,14,5,1,0,50,26.32
1.54,2,9,1,0,50,12.92
1.72,8,10,1,0,50,8.57
3.0,13,1,5,0,50,31.67
17.4,1941,6,1,0,50,121.6
8.25,1242,11,1,0,50,77.95
12.21,458,14,1,0,50,53.05
11.57,770,1,4,0,50,52.65
6.87,234,5,4,0,50,24.0
13.68,424,12,5,0,50,42.83
8.98,389,23,5,0,50,38.43
3.84,385,4,6,0,50,40.42
192.43,1240,5,6,0,50,249.5
17.35,747,12,0,0,50,81.6
2.49,92,4,2,0,50,12.73
24.17,109,0,3,0,50,43.05
23.75,135,2,3,0,50,45.95
1.58,209,10,0,0,50,14.4
10.11,398,23,0,0,50,55.08
2.55,128,2,6,0,50,15.1
2.37,104,8,6,0,50,16.27
2.98,120,0,0,0,50,16.57
2.74,131,10,0,0,50,17.23
1.7,76,0,1,0,50,8.83
2.87,115,11,1,0,50,11.9
0.96,43,12,1,0,50,5.75
3.65,162,0,2,0,50,28.87
1.61,68,4,2,0,50,9.33
2.31,128,6,2,0,50,16.6
2.77,116,11,2,0,50,12.77
9.92,311,13,3,0,50,45.88
0.63,61,1,4,0,50,6.17
2.52,123,1,4,0,50,12.22
2.25,101,10,4,0,50,9.58
4.11,201,1,5,0,50,30.12
4.79,63,10,5,0,50,11.37
5.36,166,11,5,0,50,36.52
156.49,311,12,5,0,50,129.1
867.31,663,14,5,0,50,592.87
4.0,262,3,0,0,50,31.75
220.63,727,5,0,0,50,183.98
2.94,83,11,2,0,50,15.03
5.15,285,0,3,0,50,32.7
3.97,174,14,3,0,50,28.05
7.77,493,14,4,0,50,63.58
5.56,363,3,5,0,50,52.45
1.55,71,10,5,0,50,13.07
3.58,104,1,0,0,50,22.72
3.81,126,1,0,0,50,24.18
3.96,66,15,0,0,50,19.25
6.3,146,16,0,0,50,43.35
3.7,133,1,1,0,50,28.72
9.39,624,14,2,0,50,97.03
3.85,200,1,3,0,50,27.15
5.7,398,13,4,0,50,57.78
3.88,165,2,5,0,50,26.87
3.52,101,15,2,0,50,13.27
4.14,183,0,3,0,50,28.98
4.09,116,1,3,0,50,25.43
5.27,279,14,3,0,50,37.4
4.3,100,14,2,0,50,34.1
3.94,166,1,3,0,50,26.72
2.81,88,14,2,0,50,17.07
2.6,87,1,3,0,50,15.42
1.98,77,13,3,0,50,10.4
3.91,233,13,3,0,50,37.25
2.51,107,4,4,0,50,16.32
2.68,107,11,6,0,50,15.33
4.24,221,1,1,0,50,33.47
7.38,452,10,1,0,50,80.38
2.98,141,1,2,0,50,28.08
2.24,72,14,0,0,50,12.13
7.17,440,5,1,0,50,75.6
1.61,49,14,2,0,50,7.92
5.24,146,1,3,0,50,15.85
4.73,141,15,3,0,50,14.6
1.61,80,15,3,0,50,10.73
2.54,105,16,3,0,50,25.33
1.17,41,23,3,0,50,7.62
1.1,69,1,5,0,50,7.88
2.57,96,2,6,0,50,14.88
1.97,150,5,2,0,50,16.42
4.54,287,5,2,0,50,46.1
14.07,800,12,2,0,50,130.45
9.79,722,9,5,0,50,108.5
3.27,226,17,5,0,50,29.03
1.39,51,18,5,0,50,7.72
23.94,892,23,5,0,50,151.15
6.36,265,8,6,0,50,54.7
7.49,231,9,6,0,50,34.47
1.28,103,11,6,0,50,13.55
1.71,71,1,0,0,50,10.17
1.85,72,11,3,0,50,12.77
10.38,528,13,3,0,50,91.47
0.95,63,23,3,0,50,6.65
4.56,373,0,4,0,50,48.78
1.03,42,5,4,0,50,5.18
4.7,271,1,3,0,50,36.85
4.59,380,15,2,0,50,54.45
5.87,384,16,2,0,50,45.17
3.22,166,1,3,0,50,27.62
43.01,439,8,0,0,50,130.53
94.2,883,23,4,0,50,175.53
23.64,1606,2,5,0,50,204.02
113.89,159,8,5,0,50,119.33
6.76,417,14,4,0,50,62.08
2.91,114,15,6,0,50,17.87
2.22,123,23,6,0,50,24.75
0.79,51,23,6,0,50,5.32
2.26,102,1,0,0,50,16.45
5.33,12,10,4,0,50,47.83
4.85,9,14,4,0,50,16.62
21.64,106,10,4,0,50,14.37
3.43,283,10,4,0,50,33.08
5.04,127,13,4,0,50,26.75
4.79,382,2,5,0,50,47.45
15.96,359,5,5,0,50,53.95
5.53,139,8,5,0,50,20.07
4.3,234,2,2,0,50,28.82
4.18,270,4,2,0,50,31.92
22.63,87,12,4,0,50,38.55
2.88,98,1,5,0,50,14.62
19.64,379,3,5,0,50,46.75
0.86,39,5,5,0,50,6.87
1.88,199,6,5,0,50,19.28
6.8,397,9,5,0,50,55.67
5.35,253,14,5,0,50,26.52
31.85,145,4,3,0,50,40.52
3.87,176,4,4,0,50,26.88
21.66,443,5,4,0,50,75.1
1.26,116,7,4,0,50,10.32
22.03,591,7,4,0,50,90.72
28.77,753,9,4,0,50,97.63
0.86,106,4,5,0,50,7.03
4.42,357,9,6,0,50,43.7
2.01,241,12,1,0,50,20.9
2.98,470,14,1,0,50,27.33
0.59,77,16,1,0,50,5.08
2.8,252,10,2,0,50,20.27
1.08,135,17,3,0,50,8.37
1.69,181,16,6,0,50,12.97
1.05,98,2,1,0,50,11.62
1.23,173,17,1,0,50,11.23
0.96,112,1,3,0,50,11.33
1.16,175,1,4,0,50,12.08
1.11,133,15,5,0,50,9.0
1.52,231,16,1,0,50,13.58
0.77,110,2,2,0,50,7.38
1.41,204,16,2,0,50,12.7
1.6,169,1,3,0,50,11.6
4.92,74,16,3,0,50,10.87
1.02,136,2,4,0,50,7.18
1.04,110,15,4,0,50,9.13
0.96,114,16,4,0,50,9.98
12.59,65,5,6,0,50,15.95
1.83,185,2,0,0,50,13.8
1.6,199,15,0,0,50,13.38
1.53,219,2,1,0,50,12.87
1.18,187,1,2,0,50,12.85
1.18,188,1,2,0,50,11.42
1.68,191,15,2,0,50,13.33
1.16,147,2,3,0,50,7.18
1.64,208,15,4,0,50,14.53
1.7,178,14,5,0,50,12.08
1.28,157,5,6,0,50,10.78
1.21,165,14,0,0,50,11.48
1.29,143,2,1,0,50,8.45
1.34,191,12,1,0,50,10.97
1.39,152,2,2,0,50,12.08
1.22,171,15,3,0,50,10.57
0.63,64,2,4,0,50,6.27
1.31,193,17,4,0,50,14.32
1.13,134,1,0,0,50,12.48
2.16,189,15,0,0,50,12.43
1.36,169,2,2,0,50,13.0
1.28,217,9,2,0,50,13.87
1.41,232,15,2,0,50,15.98
1.39,206,9,3,0,50,13.15
1.41,183,13,3,0,50,11.88
1.51,211,2,4,0,50,17.33
2.01,212,13,4,0,50,18.03
1.24,166,15,5,0,50,11.93
1.27,166,6,6,0,50,10.93
1.18,136,9,6,0,50,10.27
2.04,74,15,6,0,50,8.02
1.84,206,15,0,0,50,18.32
1.32,203,2,1,0,50,13.07
0.98,113,15,3,0,50,8.22
1.39,172,2,4,0,50,12.08
1.81,193,15,5,0,50,13.58
1.1,144,1,0,0,50,11.38
2.67,354,1,0,0,50,19.22
3.84,513,14,2,0,50,31.1
2.13,323,0,3,0,50,13.72
3.07,283,0,4,0,50,16.12
23.39,1880,2,5,0,50,145.53
3.88,381,9,5,0,50,21.43
2.86,356,2,6,0,50,15.52
4.96,607,12,6,0,50,28.48
2.94,297,0,0,0,50,14.77
3.45,412,14,0,0,50,23.75
4.92,445,0,1,0,50,26.73
3.85,460,0,2,0,50,30.12
4.4,419,14,2,0,50,29.37
3.35,378,0,3,0,50,19.88
3.16,588,12,3,0,50,22.0
3.93,353,13,3,0,50,17.95
2.93,357,0,4,0,50,19.02
86.95,118,2,3,0,50,105.35
185.94,657,4,3,0,50,242.33
1729.83,1530,10,5,0,50,1095.0
3.65,451,13,0,0,50,22.08
3.74,374,0,1,0,50,22.73
3.89,460,13,1,0,50,26.22
0.91,135,0,2,0,50,9.15
3.14,284,0,2,0,50,17.97
3.49,319,14,2,0,50,19.17
3.86,538,0,3,0,50,32.88
4.69,550,13,3,0,50,26.03
3.51,395,0,4,0,50,22.33
3.22,403,14,0,0,50,18.05
4.73,448,13,1,0,50,27.68
3.24,307,0,2,0,50,17.53
10.54,277,6,2,0,50,33.35
3.58,501,12,2,0,50,23.67
2.94,377,0,3,0,50,15.72
3.63,599,14,3,0,50,27.27
7.44,705,8,5,0,50,37.4
3.97,379,14,5,0,50,19.95
1.48,198,9,6,0,50,9.38
3.35,337,14,6,0,50,19.08
3.67,329,0,0,0,50,26.07
3.42,364,12,0,0,50,21.48
3.29,493,14,1,0,50,31.25
3.43,374,0,2,0,50,19.7
3.34,362,0,3,0,50,18.73
0.85,211,14,3,0,50,7.77
3.37,480,0,4,0,50,25.98
3.6,320,3,6,0,50,19.05
1.82,265,11,6,0,50,11.22
3.4,366,0,0,0,50,19.53
2.61,190,13,0,0,50,9.87
3.38,323,0,1,0,50,20.3
0.87,278,13,1,0,50,9.62
1.29,279,0,2,0,50,8.92
2.94,277,12,2,0,50,19.5
3.36,368,0,3,0,50,17.13
3.32,330,13,3,0,50,20.8
4.11,380,0,4,0,50,18.38
3.36,400,11,4,0,50,23.88
2.56,455,0,5,0,50,23.18
10.65,1176,10,5,0,50,59.4
3.57,391,1,6,0,50,21.33
2.99,223,13,2,0,50,14.15
3.19,367,0,3,0,50,19.77
3.81,353,13,3,0,50,22.2
3.48,410,3,5,0,50,20.12
3.61,339,12,5,0,50,20.95
3.44,162,10,6,0,50,20.22
3.46,320,14,6,0,50,17.7
3.9,580,23,6,0,50,24.98
3.69,364,13,0,0,50,20.65
3.49,443,0,2,0,50,24.2
4.38,594,13,2,0,50,32.68
2.4,258,0,3,0,50,11.47
3.54,378,14,4,0,50,22.62
3.17,294,10,6,0,50,17.77
3.59,402,14,6,0,50,23.62
3.23,281,23,6,0,50,13.88
5.97,421,12,0,0,50,23.2
4.1,613,0,1,0,50,33.97
3.38,416,0,2,0,50,20.92
3.51,393,0,3,0,50,25.63
3.02,284,14,3,0,50,18.83
3.85,479,0,5,0,50,19.62
4.49,544,13,0,0,50,29.37
98.9,454,23,4,0,50,113.13
2.46,253,23,6,0,50,16.27
2.47,108,13,6,0,50,13.53
3.01,234,14,1,0,50,15.4
3.23,263,13,2,0,50,16.3
0.92,75,9,6,0,50,8.28
6.11,333,22,0,0,50,40.38
1.1,83,9,1,0,50,8.23
0.59,65,22,1,0,50,5.73
3.72,301,13,2,0,50,41.0
2.45,69,1,3,0,50,11.23
5.83,451,14,5,0,50,67.72
4.09,169,8,6,0,50,26.63
2.32,109,16,6,0,50,16.27
4.09,127,14,1,0,50,23.22
4.25,326,9,4,0,50,45.87
2.31,75,8,4,0,50,8.63
1.98,185,13,4,0,50,22.1
150.46,265,15,4,0,50,149.98
40.44,45,12,0,0,50,75.95
26.29,24,23,0,0,50,87.07
3.46,8,1,1,0,50,13.42
36.45,22,13,1,0,50,40.0
12.51,12,23,1,0,50,13.58
18.73,18,9,2,0,50,35.55
7.25,21,12,2,0,50,17.4
1.9,9,15,2,0,50,7.92
27.92,26,0,3,0,50,77.78
20.03,10,0,4,0,50,79.9
26.55,20,12,4,0,50,44.78
34.9,23,0,0,0,50,78.72
5.56,15,13,0,0,50,13.02
21.55,8,1,1,0,50,26.2
28.46,17,1,1,0,50,46.45
3.1,133,13,5,0,50,32.87
4.64,105,14,5,0,50,39.58
3.67,118,19,5,0,50,31.67
0.63,31,21,5,0,50,5.8
19.89,101,11,6,0,50,45.42
8.17,165,15,6,0,50,49.93
8.97,114,23,6,0,50,34.27
4.8,244,19,2,0,50,26.43
4.83,366,21,2,0,50,32.15
2.07,196,10,3,0,50,11.45
1.93,131,8,4,0,50,13.58
1.36,211,23,4,0,50,12.67
13.25,185,12,5,0,50,22.92
0.97,116,23,0,0,50,9.45
1.7,147,10,2,0,50,12.12
1.11,122,22,2,0,50,11.73
0.92,116,23,3,0,50,8.5
1.17,102,23,4,0,50,11.95
1.1,165,11,6,0,50,11.13
1.73,154,12,6,0,50,14.0
1.34,111,22,6,0,50,7.77
2.5,89,23,6,0,50,7.87
0.96,136,23,0,0,50,8.15
0.86,54,9,1,0,50,9.15
2.53,223,1,5,0,50,18.02
1.27,120,11,5,0,50,14.87
25.09,1052,19,5,0,50,223.12
2.42,155,13,6,0,50,10.75
1.73,91,15,0,0,50,8.8
1.29,146,15,1,0,50,8.93
1.21,215,1,2,0,50,12.15
0.71,69,15,3,0,50,7.32
1.08,58,2,4,0,50,9.75
1.25,196,1,5,0,50,14.02
22.79,408,2,5,0,50,66.03
7.7,57,4,5,0,50,17.07
6.57,178,12,5,0,50,37.4
4.72,178,20,5,0,50,19.98
1.58,210,1,2,0,50,12.05
1.35,213,1,3,0,50,12.02
6.97,191,15,3,0,50,14.08
27.2,619,6,4,0,50,80.9
25.94,339,11,4,0,50,54.52
3.03,252,15,4,0,50,18.05
1.2,209,2,5,0,50,13.03
0.64,61,15,5,0,50,5.02
0.62,103,1,1,0,50,5.83
0.9,181,16,2,0,50,9.93
2.01,274,14,0,0,50,21.58
1.11,199,0,1,0,50,12.78
7.57,1039,14,2,0,50,84.77
142.32,149,10,4,0,50,113.2
163.54,219,13,4,0,50,120.65
16.32,142,5,5,0,50,30.58
4.16,146,5,6,0,50,17.5
314.74,1000,7,6,0,50,291.43
2.67,593,15,0,0,50,31.73
1.06,145,0,1,0,50,11.47
1.06,169,5,6,0,50,12.5
1.92,225,1,0,0,50,15.53
1.24,211,15,1,0,50,13.23
0.57,99,1,2,0,50,6.3
0.87,119,0,3,0,50,10.37
5.45,556,15,3,0,50,45.37
1.07,143,6,4,0,50,9.92
0.87,119,2,5,0,50,8.03
3.72,436,14,5,0,50,41.33
3.79,396,19,5,0,50,38.8
1.13,168,2,4,0,50,12.55
1.27,261,17,4,0,50,15.23
6.35,442,1,5,0,50,41.87
3.9,189,12,5,0,50,15.8
1.09,161,2,0,0,50,11.87
1.26,170,2,1,0,50,11.4
1.93,222,5,1,0,50,16.57
0.98,196,15,1,0,50,11.57
1.25,212,2,2,0,50,14.9
1.25,214,15,2,0,50,14.73
2.9,194,11,3,0,50,17.6
5.68,204,2,6,0,50,28.2
6.37,311,5,6,0,50,42.77
24.91,1447,8,6,0,50,160.33
17.21,628,11,6,0,50,63.07
9.15,600,15,6,0,50,66.1
2.02,171,10,0,0,50,12.48
3.0,202,11,0,0,50,35.07
1.65,170,13,0,0,50,17.63
1.16,175,2,1,0,50,12.43
1.36,133,1,2,0,50,11.33
1.02,207,15,2,0,50,11.93
1.1,165,0,4,0,50,10.95
19.97,74,12,0,0,50,32.25
15.47,85,2,1,0,50,36.42
20.99,92,12,1,0,50,37.0
18.79,222,1,3,0,50,55.83
16.24,111,12,3,0,50,47.92
19.1,204,1,4,0,50,59.33
8.52,79,3,5,0,50,18.08
11.27,37,14,5,0,50,21.42
21.13,86,12,6,0,50,35.0
11.36,42,11,0,0,50,15.92
15.27,91,2,1,0,50,35.83
9.82,85,11,1,0,50,25.0
30.15,250,3,3,0,50,71.75
23.55,55,7,5,0,50,36.67
16.65,65,3,6,0,50,28.5
5.94,104,8,6,0,50,22.17
21.02,59,12,2,0,50,31.67
15.21,105,2,3,0,50,39.25
16.32,240,10,3,0,50,63.0
15.34,126,2,4,0,50,38.33
15.47,85,1,5,0,50,36.67
9.81,95,5,0,0,50,25.33
10.52,73,7,0,0,50,22.58
12.04,64,8,0,0,50,20.92
33.7,28,1,2,0,50,30.67
20.77,57,10,2,0,50,27.17
6.18,38,9,2,0,50,48.72
12.49,26,0,4,0,50,39.63
16.26,41,9,4,0,50,87.2
4.16,12,13,2,0,50,10.45
9.11,11,0,3,0,50,28.77
5.28,24,1,3,0,50,17.53
2.58,15,12,3,0,50,16.03
2.68,20,0,4,0,50,19.4
6.1,15,10,4,0,50,34.42
7.24,30,11,4,0,50,33.8
5.47,21,13,4,0,50,21.73
3.69,32,10,4,0,50,22.92
4.39,48,0,5,0,50,29.17
3.89,36,7,5,0,50,32.5
3.77,37,13,5,0,50,23.45
16.51,56,2,6,0,50,63.58
4.94,227,15,3,0,50,31.22
12.61,549,1,4,0,50,77.45
15.38,995,5,4,0,50,105.55
24.47,463,8,4,0,50,83.62
15.73,418,12,4,0,50,45.17
8.81,1241,14,4,0,50,86.8
1.97,133,2,5,0,50,12.08
20.75,722,3,5,0,50,81.83
4.43,216,0,4,0,50,24.3
26.81,112,6,4,0,50,50.23
5.66,454,14,4,0,50,39.85
4.89,601,13,5,0,50,44.27
4.28,170,4,0,0,50,23.28
4.13,249,4,0,0,50,23.57
2.82,161,4,1,0,50,16.28
2.44,61,4,3,0,50,7.33
1.93,61,5,3,0,50,8.92
4.83,278,9,5,0,50,25.87
1.81,263,12,5,0,50,19.73
4.31,271,1,6,0,50,27.92
8.98,650,23,3,0,50,64.73
6.35,107,6,5,0,50,23.55
9.44,293,13,5,0,50,33.02
5.2,140,4,6,0,50,22.53
2.96,179,5,6,0,50,18.17
4.68,139,6,6,0,50,14.13
2.08,117,10,0,0,50,11.42
0.6,89,3,1,0,50,5.5
10.3,340,9,3,0,50,43.67
16.96,2307,10,3,0,50,195.87
16.4,793,9,4,0,50,91.18
1.61,93,15,5,0,50,5.27
1.28,90,16,5,0,50,6.47
2.49,157,8,0,0,50,17.38
15.88,778,8,2,0,50,77.2
0.55,7,10,3,0,50,6.1
0.81,13,11,3,0,50,7.3
1.72,10,12,2,0,50,7.78
0.54,11,9,3,0,50,6.2
1.27,3,14,2,0,50,5.0
0.7,14,14,5,0,50,7.52
0.66,12,1,0,0,50,7.55
16.84,22,12,2,0,50,41.83
18.34,76,17,2,0,50,66.78
16.28,156,5,4,0,50,32.17
16.1,476,9,4,0,50,50.07
0.66,121,14,2,0,50,6.85
2.51,364,11,3,0,50,19.6
24.26,350,12,3,0,50,42.28
33.6,453,5,4,0,50,80.93
2.42,235,6,4,0,50,21.47
0.79,139,19,5,0,50,8.87
2.57,272,2,6,0,50,21.67
3.36,78,16,0,0,50,14.22
4.14,219,15,1,0,50,21.85
4.03,314,16,2,0,50,33.18
2.03,236,23,2,0,50,13.03
3.38,305,2,2,0,50,21.77
4.07,119,1,3,0,50,22.4
2.5,357,2,3,0,50,22.52
3.34,208,16,3,0,50,15.83
3.52,209,16,4,0,50,19.9
5.48,133,0,5,0,50,25.4
96.14,86,14,5,0,50,73.42
45.49,198,16,5,0,50,54.5
11.22,442,17,5,0,50,44.5
3.46,149,18,5,0,50,12.5
5.79,404,19,5,0,50,28.83
173.19,3155,1,6,0,50,343.22
58.42,50,19,6,0,50,38.33
59.68,217,0,0,0,50,61.23
13.14,241,14,5,0,50,51.27
28.96,653,12,0,0,50,106.0
22.63,218,0,1,0,50,44.83
34.86,1991,13,1,0,50,268.35
5.9,110,1,2,0,50,12.45
1.98,145,11,2,0,50,14.7
15.2,930,11,2,0,50,102.95
6.48,374,13,2,0,50,43.75
8.26,591,14,2,0,50,67.5
28.73,2245,16,2,0,50,269.0
22.43,241,1,3,0,50,46.25
23.25,302,14,0,0,50,50.55
19.31,151,0,2,0,50,30.0
22.88,206,14,2,0,50,47.83
22.29,186,0,3,0,50,39.27
22.85,218,13,3,0,50,47.52
22.3,159,1,4,0,50,38.93
18.1,172,12,4,0,50,33.18
4.27,81,13,4,0,50,19.2
24.21,255,14,6,0,50,50.2
22.45,160,0,0,0,50,40.17
33.41,860,12,0,0,50,155.43
11.13,230,20,0,0,50,52.7
3.99,320,23,0,0,50,44.35
22.19,151,0,1,0,50,39.63
10.96,168,13,2,0,50,34.73
9.61,81,13,4,0,50,19.85
39.96,2807,13,4,0,50,424.62
22.65,250,7,5,0,50,42.1
22.3,159,0,0,0,50,37.55
6.95,116,13,0,0,50,20.32
36.85,2457,13,0,0,50,380.67
2.14,122,20,0,0,50,19.05
4.28,170,22,0,0,50,29.18
23.5,145,0,1,0,50,37.47
46.83,2694,13,2,0,50,445.98
49.37,2251,13,3,0,50,411.93
3.51,215,22,3,0,50,35.88
16.02,149,13,4,0,50,31.47
13.32,483,14,4,0,50,90.93
29.43,771,2,5,0,50,126.88
18.88,868,4,5,0,50,150.68
20.53,573,7,5,0,50,118.45
2.11,75,10,5,0,50,9.03
14.44,146,13,5,0,50,35.5
17.88,357,14,5,0,50,70.38
22.89,233,0,2,0,50,42.7
19.0,132,0,3,0,50,29.78
7.69,62,5,5,0,50,16.6
3.1,145,11,5,0,50,21.48
7.54,92,12,5,0,50,17.57
9.07,142,13,5,0,50,33.7
0.77,44,12,0,0,50,5.43
7.28,113,12,0,0,50,18.48
22.69,203,0,1,0,50,40.27
14.4,508,17,1,0,50,88.55
19.67,191,13,3,0,50,46.72
21.84,216,0,4,0,50,44.87
22.67,187,13,4,0,50,39.93
6.65,95,13,5,0,50,18.35
22.43,138,5,6,0,50,41.77
22.27,148,13,0,0,50,38.18
22.03,103,1,3,0,50,35.88
2.42,55,12,4,0,50,10.78
44.8,1871,12,4,0,50,276.53
7.98,119,1,6,0,50,17.3
3.14,192,3,6,0,50,32.05
22.4,168,0,0,0,50,40.08
19.2,140,5,6,0,50,30.33
22.08,158,0,0,0,50,38.95
23.0,185,14,1,0,50,44.47
22.66,118,0,2,0,50,36.92
29.86,931,11,2,0,50,184.03
20.41,103,0,3,0,50,32.1
23.51,188,13,6,0,50,42.6
20.57,121,0,0,0,50,30.97
36.32,940,13,2,0,50,168.7
2.8,122,19,2,0,50,24.8
22.99,1106,13,4,0,50,175.85
26.41,609,3,5,0,50,96.57
7.54,105,21,3,0,50,23.82
4.0,158,22,3,0,50,38.25
7.25,221,22,4,0,50,23.47
11.69,105,11,5,0,50,22.55
6.28,214,13,5,0,50,27.08
1.57,248,17,5,0,50,13.55
17.35,96,18,5,0,50,29.33
31.03,137,19,5,0,50,19.67
1.88,136,19,5,0,50,15.85
8.24,65,22,0,0,50,19.27
7.43,184,18,1,0,50,32.18
1.33,197,19,1,0,50,11.82
6.4,98,21,1,0,50,15.4
3.76,210,20,2,0,50,20.35
22.97,125,22,2,0,50,45.5
6.41,44,10,5,0,50,27.63
1.8,92,12,6,0,50,6.27
9.67,196,12,6,0,50,38.17
8.64,265,12,0,0,50,30.62
31.44,1107,13,0,0,50,211.17
8.04,255,12,1,0,50,40.95
3.9,105,16,1,0,50,20.03
3.89,80,17,1,0,50,10.32
10.66,105,10,4,0,50,18.22
4.33,222,22,1,0,50,28.02
6.41,72,22,0,0,50,10.8
1.01,90,21,3,0,50,7.72
5.1,155,9,4,0,50,26.5
5.03,117,22,4,0,50,15.5
25.7,1243,15,5,0,50,120.37
2.18,209,17,5,0,50,21.98
0.64,107,20,5,0,50,7.63
6.21,123,23,3,0,50,19.18
3.63,173,7,4,0,50,24.47
11.71,6,8,4,0,50,6.42
4.34,252,17,6,0,50,24.05
12.37,277,19,6,0,50,65.23
15.11,563,21,6,0,50,103.4
16.63,76,6,0,0,50,23.28
4.32,162,19,2,0,50,36.42
1.46,91,20,2,0,50,7.42
0.61,70,23,0,0,50,6.18
1.39,169,0,1,0,50,10.4
0.96,82,1,1,0,50,8.77
0.83,78,1,1,0,50,5.72
0.66,120,2,1,0,50,7.77
9.63,87,10,5,0,50,49.15
17.0,254,11,5,0,50,55.68
19.89,750,15,5,0,50,86.75
4.08,68,18,6,0,50,16.57
0.69,77,9,2,0,50,5.18
0.89,134,23,2,0,50,9.27
0.93,101,23,3,0,50,8.85
0.94,88,9,4,0,50,10.38
17.08,773,23,0,0,50,76.02
7.6,343,7,1,0,50,31.97
8.67,479,8,1,0,50,42.07
0.97,71,9,1,0,50,5.13
17.57,929,10,1,0,50,81.63
2.82,325,12,1,0,50,25.5
3.0,120,14,1,0,50,16.4
9.78,750,23,1,0,50,68.57
1.25,143,11,2,0,50,11.37
12.79,588,14,2,0,50,58.5
10.54,480,10,3,0,50,49.17
9.67,362,13,3,0,50,38.9
16.32,141,12,4,0,50,34.6
8.32,294,11,5,0,50,31.13
7.59,96,12,5,0,50,20.63
3.83,333,12,6,0,50,36.45
25.4,1164,23,3,0,50,109.58
12.74,288,7,6,0,50,49.77
16.18,571,9,6,0,50,72.58
8.69,426,23,0,0,50,40.07
16.73,535,10,1,0,50,66.27
16.72,610,23,1,0,50,66.85
16.86,524,11,2,0,50,67.5
5.85,89,1,3,0,50,13.88
20.24,682,6,4,0,50,73.37
1.58,153,0,6,0,50,8.83
70.13,493,0,6,0,50,99.8
23.21,755,3,6,0,50,88.63
26.04,1054,5,6,0,50,126.33
16.82,555,23,6,0,50,71.18
15.51,604,10,0,0,50,67.63
3.18,135,14,0,0,50,17.13
40.84,572,0,1,0,50,106.95
187.55,146,2,3,0,50,155.97
45.15,1566,5,3,0,50,184.4
28.83,322,8,6,0,50,57.72
28.1,951,0,0,0,50,115.17
1.88,65,2,0,0,50,5.83
19.61,438,3,0,0,50,50.9
7.99,627,5,0,0,50,75.95
3.42,347,8,0,0,50,24.03
13.08,1,9,0,0,50,6.58
30.59,666,10,0,0,50,94.88
1.92,312,12,0,0,50,19.67
3.53,88,23,0,0,50,12.2
2.72,81,22,0,0,50,8.57
9.42,604,22,0,0,50,53.25
1.08,224,1,1,0,50,11.67
16.38,486,13,2,0,50,55.23
15.06,631,23,2,0,50,62.33
21.28,1086,9,4,0,50,105.27
1.08,106,3,5,0,50,9.07
24.27,3226,6,5,0,50,290.22
1.1,74,11,5,0,50,11.37
142.64,3249,0,6,0,50,408.67
129.24,1367,7,6,0,50,230.15
14.3,796,23,0,0,50,75.02
6.25,361,9,1,0,50,27.23
13.54,1339,10,1,0,50,143.77
5.62,82,12,1,0,50,14.63
22.4,586,13,2,0,50,67.77
13.88,430,22,2,0,50,52.87
9.9,521,10,3,0,50,45.5
8.62,301,23,3,0,50,25.07
1.16,228,0,4,0,50,13.17
0.52,113,2,4,0,50,5.67
1.41,183,3,4,0,50,10.2
5.05,652,6,4,0,50,43.3
15.81,917,9,4,0,50,86.27
18.75,751,23,4,0,50,71.08
13.84,456,7,5,0,50,56.25
15.95,1033,23,6,0,50,99.17
0.67,132,1,0,0,50,6.27
17.67,846,10,0,0,50,104.63
0.92,107,0,1,0,50,6.47
2.45,176,7,1,0,50,17.47
22.23,1546,10,1,0,50,173.73
0.87,84,0,2,0,50,6.4
0.89,62,23,2,0,50,5.07
16.77,856,23,2,0,50,86.47
5.18,483,8,3,0,50,41.63
206.95,273,9,3,0,50,140.63
982.23,635,11,3,0,50,738.87
6.21,392,7,4,0,50,35.8
4.6,277,8,4,0,50,30.15
6.86,371,4,5,0,50,38.53
37.24,1768,6,5,0,50,204.13
11.45,1071,0,6,0,50,131.5
6.05,691,2,6,0,50,57.8
10.77,761,4,6,0,50,67.1
16.45,1157,6,6,0,50,101.07
13.72,866,2,1,0,50,93.97
8.62,412,6,1,0,50,41.93
5.2,119,9,1,0,50,15.95
16.95,809,23,0,0,50,80.6
1.8,230,9,1,0,50,18.6
31.76,1210,4,2,0,50,153.27
16.88,727,23,2,0,50,76.83
0.64,110,10,3,0,50,6.22
2.13,189,12,3,0,50,21.37
9.53,735,23,3,0,50,72.5
2.44,122,10,4,0,50,11.53
15.9,523,23,4,0,50,65.1
4.64,413,6,5,0,50,35.05
5.32,125,23,6,0,50,19.77
1.22,178,0,0,0,50,12.33
5.81,465,2,0,0,50,59.18
12.21,226,6,0,0,50,41.23
7.41,449,8,0,0,50,67.57
11.12,715,23,0,0,50,70.9
8.04,125,4,1,0,50,19.97
19.01,879,10,2,0,50,91.93
13.54,720,23,2,0,50,73.47
6.88,216,2,3,0,50,26.6
0.73,143,3,3,0,50,7.77
20.87,1052,10,3,0,50,148.0
14.99,555,23,3,0,50,67.47
6.86,446,14,4,0,50,46.4
9.6,380,23,4,0,50,44.33
16.78,119,15,5,0,50,27.92
9.24,340,7,6,0,50,53.35
9.49,383,8,6,0,50,55.18
11.41,475,10,6,0,50,104.67
1.49,104,12,6,0,50,13.0
6.42,81,23,6,0,50,21.92
3.72,229,0,0,0,50,39.58
5.99,105,23,0,0,50,22.38
1.62,78,0,1,0,50,16.0
1.23,120,2,1,0,50,14.08
17.37,397,12,1,0,50,77.1
16.9,435,23,1,0,50,82.33
1.08,44,11,2,0,50,9.0
6.0,220,12,2,0,50,30.33
14.4,286,23,2,0,50,51.9
3.69,229,1,3,0,50,29.17
17.37,372,13,3,0,50,103.42
16.25,357,23,3,0,50,74.5
17.67,891,13,4,0,50,149.27
9.99,290,0,5,0,50,43.03
2.45,61,9,5,0,50,16.77
0.83,63,14,5,0,50,9.58
1.14,83,9,6,0,50,12.17
5.66,311,10,6,0,50,55.33
7.35,270,10,0,0,50,68.03
10.14,335,23,0,0,50,53.58
10.65,375,12,1,0,50,67.07
16.79,522,23,1,0,50,82.0
17.34,260,11,2,0,50,57.08
43.51,897,23,2,0,50,190.85
15.36,132,3,3,0,50,31.58
15.97,434,11,3,0,50,80.78
16.15,339,23,3,0,50,78.83
1.32,111,4,4,0,50,15.08
17.02,306,0,5,0,50,68.92
19.08,483,9,5,0,50,97.92
1.59,79,10,5,0,50,8.68
7.68,215,11,5,0,50,34.28
1.58,153,2,6,0,50,18.25
16.17,428,3,6,0,50,116.52
2.76,145,5,6,0,50,28.43
9.84,692,6,6,0,50,115.62
38.47,443,8,6,0,50,108.25
7.03,277,11,6,0,50,47.65
15.08,353,23,6,0,50,67.58
0.8,81,11,0,0,50,8.58
2.16,99,12,0,0,50,21.5
21.14,910,23,0,0,50,159.25
7.16,198,12,1,0,50,68.42
3.59,104,13,1,0,50,24.0
16.21,507,23,1,0,50,88.52
5.34,156,5,2,0,50,25.0
9.23,325,8,2,0,50,46.23
7.64,79,9,2,0,50,26.83
17.75,554,23,2,0,50,98.77
1.45,79,1,3,0,50,15.58
43.03,473,9,3,0,50,120.25
8.28,591,15,3,0,50,97.58
5.28,111,4,5,0,50,24.42
10.47,98,5,5,0,50,23.25
25.27,871,8,5,0,50,167.55
13.72,30,11,2,0,50,18.33
1.94,76,12,2,0,50,10.42
17.91,541,23,2,0,50,86.5
1.4,83,9,3,0,50,11.42
1.31,89,11,3,0,50,12.33
19.38,544,22,3,0,50,83.33
16.25,266,6,4,0,50,57.15
19.5,372,13,4,0,50,81.72
147.75,950,5,5,0,50,282.37
11.34,112,12,5,0,50,25.83
30.84,491,13,5,0,50,105.98
14.91,105,12,6,0,50,28.17
35.03,1194,16,0,0,50,226.58
5.44,86,0,1,0,50,15.83
0.73,45,1,1,0,50,7.25
0.8,71,1,1,0,50,9.5
14.98,420,23,1,0,50,74.97
1.8,138,1,2,0,50,19.25
4.03,264,14,2,0,50,38.35
5.73,121,0,3,0,50,22.0
2.06,144,1,3,0,50,21.08
0.52,44,3,3,0,50,5.75
8.79,380,4,3,0,50,68.83
13.39,389,11,3,0,50,77.17
21.51,1155,23,3,0,50,193.5
21.16,413,0,5,0,50,71.33
7.88,47,7,5,0,50,29.17
19.26,287,1,6,0,50,53.58
14.76,31,4,6,0,50,21.27
17.13,521,23,6,0,50,88.33
20.02,210,14,0,0,50,49.42
13.45,554,0,1,0,50,100.83
23.36,339,12,1,0,50,80.58
6.09,181,14,1,0,50,49.83
20.14,243,0,2,0,50,59.2
4.17,58,3,5,0,50,15.13
12.15,174,5,5,0,50,41.58
3.6,70,7,5,0,50,12.93
13.49,31,9,5,0,50,24.6
2.09,46,10,5,0,50,7.5
2.0,70,10,5,0,50,9.0
29.35,1662,5,6,0,50,264.85
52.52,636,4,0,0,50,275.42
1.65,35,11,1,0,50,7.92
16.23,136,11,2,0,50,34.67
14.84,179,0,3,0,50,42.58
16.07,103,11,4,0,50,35.08
189.38,1859,2,5,0,50,482.9
14.13,26,21,0,0,50,16.67
15.37,57,10,1,0,50,29.18
15.59,83,11,2,0,50,24.42
24.17,128,8,4,0,50,40.5
24.64,158,9,4,0,50,56.0
18.4,540,11,4,0,50,95.75
16.0,85,13,4,0,50,31.58
25.41,94,14,4,0,50,38.58
26.77,131,21,4,0,50,41.5
8.91,157,0,5,0,50,26.33
105.98,529,1,5,0,50,202.7
11.77,91,5,5,0,50,26.18
35.98,128,6,5,0,50,45.17
15.02,50,16,6,0,50,20.42
15.25,130,23,6,0,50,37.58
13.71,62,11,0,0,50,21.58
15.29,101,22,0,0,50,26.25
15.01,119,14,1,0,50,30.35
16.91,120,3,4,0,50,43.67
29.67,451,5,4,0,50,104.1
17.99,67,8,4,0,50,27.48
35.01,377,11,4,0,50,88.33
13.6,169,3,5,0,50,39.17
5.72,281,4,5,0,50,57.0
17.28,1017,8,5,0,50,185.5
16.37,58,14,6,0,50,22.5
14.92,69,10,0,0,50,23.42
13.11,42,11,1,0,50,19.67
38.93,232,14,1,0,50,68.08
14.79,57,22,1,0,50,21.83
15.31,59,15,2,0,50,20.58
13.88,42,22,2,0,50,17.25
14.56,220,1,4,0,50,45.5
16.52,311,9,5,0,50,72.58
4.73,57,23,5,0,50,11.25
9.53,132,4,6,0,50,31.75
106.27,331,22,4,0,50,170.08
13.27,98,12,5,0,50,30.92
11.72,105,14,5,0,50,22.95
13.97,258,5,6,0,50,51.83
5.3,97,7,6,0,50,20.25
12.78,42,8,6,0,50,24.0
29.53,238,13,6,0,50,59.58
16.97,77,15,6,0,50,29.67
14.89,67,22,6,0,50,23.02
47.15,224,0,0,0,50,75.93
75.26,195,8,0,0,50,88.6
16.85,65,13,0,0,50,26.67
14.63,156,0,1,0,50,45.83
14.64,66,1,5,0,50,24.75
12.34,60,3,6,0,50,19.83
13.58,91,5,6,0,50,29.18
23.87,506,7,6,0,50,86.5
12.39,59,14,0,0,50,18.5
4.79,226,15,0,0,50,29.83
14.92,59,22,0,0,50,19.42
11.43,81,2,4,0,50,31.58
11.59,136,5,4,0,50,39.0
34.18,168,13,4,0,50,66.0
17.08,173,1,6,0,50,44.27
13.67,27,22,0,0,50,16.0
15.42,75,11,1,0,50,23.5
12.33,102,10,2,0,50,26.58
3.97,55,12,2,0,50,11.92
15.39,49,12,4,0,50,23.58
4.25,52,1,5,0,50,14.5
10.92,105,2,5,0,50,32.08
15.4,49,11,5,0,50,21.5
7.03,124,1,6,0,50,32.17
6.55,78,3,6,0,50,16.17
11.74,138,20,6,0,50,30.0
7.19,31,22,6,0,50,9.67
8.83,85,22,6,0,50,14.37
8.59,272,16,5,0,50,48.5
57.56,94,18,5,0,50,44.58
49.56,337,0,6,0,50,94.33
26.51,118,14,0,0,50,31.92
20.95,105,17,0,0,50,29.08
6.05,121,12,4,0,50,24.67
7.3,43,16,4,0,50,12.92
5.2,170,5,5,0,50,27.58
5.22,28,8,6,0,50,9.75
7.96,163,10,6,0,50,34.33
17.89,153,10,6,0,50,36.5
21.55,118,8,5,0,50,33.33
24.31,65,23,4,0,50,41.25
49.73,468,0,5,0,50,97.43
11.64,948,3,5,0,50,103.75
34.38,217,3,6,0,50,71.95
17.95,182,11,4,0,50,46.58
4.42,48,23,4,0,50,10.35
74.26,413,1,5,0,50,144.0
78.39,579,6,5,0,50,157.58
6.18,139,9,5,0,50,23.68
17.23,155,9,0,0,50,51.33
8.6,312,11,0,0,50,62.87
14.18,229,12,0,0,50,46.0
134.44,93,23,2,0,50,151.17
13.52,136,1,5,0,50,30.92
9.66,144,4,5,0,50,27.42
16.84,173,3,6,0,50,51.33
10.76,244,4,6,0,50,43.08
12.15,213,13,4,0,50,38.08
88.55,485,1,5,0,50,166.42
96.24,290,8,5,0,50,139.33
13.41,257,12,5,0,50,45.58
18.38,125,21,5,0,50,34.58
14.43,50,0,3,0,50,25.42
22.27,140,4,6,0,50,42.67
18.27,102,10,6,0,50,34.67
13.3,787,12,2,0,50,124.08
9.72,53,15,2,0,50,21.0
1.96,21,3,5,0,50,8.5
5.55,136,4,5,0,50,26.42
16.05,118,6,5,0,50,31.97
2.24,88,6,5,0,50,11.07
11.91,123,8,5,0,50,36.95
14.03,192,11,5,0,50,47.98
3.32,98,5,6,0,50,14.47
18.25,196,6,6,0,50,53.08
1.04,47,7,6,0,50,6.17
16.58,326,7,6,0,50,58.47
14.54,53,22,1,0,50,22.02
15.46,172,9,3,0,50,45.17
2.9,81,11,3,0,50,15.03
3.46,64,14,3,0,50,16.67
14.54,74,22,3,0,50,23.42
15.96,66,12,4,0,50,24.83
5.93,287,5,5,0,50,49.07
6.48,414,6,5,0,50,56.87
9.74,423,11,5,0,50,76.5
6.02,286,13,5,0,50,43.62
33.13,270,1,6,0,50,83.15
19.44,264,6,6,0,50,60.08
12.48,75,7,6,0,50,25.45
4.69,53,8,6,0,50,11.43
14.55,108,0,0,0,50,34.18
14.45,100,0,1,0,50,34.33
32.37,86,12,1,0,50,43.42
14.75,129,12,4,0,50,38.17
14.38,144,14,4,0,50,33.08
7.42,74,14,2,0,50,29.17
4.89,25,13,5,0,50,22.18
1.6,27,14,5,0,50,11.85
7.5,59,6,2,0,50,63.17
6.84,8,11,2,0,50,12.23
6.02,55,6,3,0,50,20.75
7.32,99,6,1,0,50,53.0
5.47,46,17,2,0,50,36.73
4.2,40,20,2,0,50,15.97
5.91,38,6,3,0,50,29.68
7.04,10,21,3,0,50,6.55
21.34,19,17,4,0,50,16.65
10.57,74,20,4,0,50,54.03
0.77,8,22,4,0,50,5.32
8.49,61,16,0,0,50,50.72
14.03,41,4,6,0,50,87.22
16.13,364,0,3,0,50,68.78
11.8,277,2,3,0,50,51.08
7.03,120,8,4,0,50,34.92
9.37,456,12,4,0,50,70.78
7.96,357,22,0,0,50,54.17
5.08,293,9,1,0,50,45.0
10.01,441,10,1,0,50,94.25
6.93,247,1,2,0,50,45.83
3.06,183,2,2,0,50,27.95
5.67,317,3,2,0,50,58.75
1.51,91,4,2,0,50,10.92
2.9,188,2,5,0,50,24.58
2.21,91,4,5,0,50,14.33
8.25,440,22,6,0,50,72.92
7.43,361,23,0,0,50,47.92
7.63,167,7,1,0,50,30.0
6.3,169,22,2,0,50,27.17
11.94,311,7,3,0,50,51.87
7.7,342,22,3,0,50,33.4
7.15,428,13,4,0,50,44.63
6.82,282,3,5,0,50,27.1
21.78,1759,5,5,0,50,187.0
9.07,633,10,5,0,50,55.77
1.86,134,11,5,0,50,10.3
8.53,419,22,6,0,50,38.43
7.61,375,4,0,0,50,30.9
7.87,420,22,0,0,50,39.57
9.75,438,9,1,0,50,43.87
8.18,659,23,1,0,50,68.13
6.96,314,9,2,0,50,40.55
7.93,435,22,2,0,50,41.7
10.98,616,2,3,0,50,77.9
38.56,1471,4,3,0,50,176.25
5.81,361,23,3,0,50,29.5
7.77,465,9,4,0,50,65.07
20.34,1131,7,5,0,50,115.97
23.73,422,11,6,0,50,59.7
9.1,261,7,0,0,50,30.73
13.87,524,8,0,0,50,75.17
7.23,325,22,1,0,50,33.05
9.65,407,9,2,0,50,38.4
2.36,184,10,2,0,50,21.53
2.54,126,11,2,0,50,13.6
5.4,187,23,2,0,50,29.77
7.25,210,10,3,0,50,35.77
5.83,308,23,3,0,50,27.78
8.26,442,8,4,0,50,50.27
17.08,773,23,0,0,50,76.02
7.6,343,7,1,0,50,31.97
8.67,479,8,1,0,50,42.07
0.97,71,9,1,0,50,5.13
17.57,929,10,1,0,50,81.63
2.82,325,12,1,0,50,25.5
3.0,120,14,1,0,50,16.4
9.78,750,23,1,0,50,68.57
1.25,143,11,2,0,50,11.37
12.79,588,14,2,0,50,58.5
10.54,480,10,3,0,50,49.17
9.67,362,13,3,0,50,38.9
16.32,141,12,4,0,50,34.6
8.32,294,11,5,0,50,31.13
7.59,96,12,5,0,50,20.63
3.83,333,12,6,0,50,36.45
25.4,1164,23,3,0,50,109.58
12.74,288,7,6,0,50,49.77
16.18,571,9,6,0,50,72.58
15.31,382,2,1,0,50,54.15
4.91,147,5,1,0,50,20.27
8.53,250,6,1,0,50,38.15
10.84,281,4,4,0,50,39.15
29.34,433,4,5,0,50,63.4
0.77,102,6,5,0,50,6.5
3.33,274,6,5,0,50,23.17
4.65,266,9,5,0,50,33.58
13.27,360,10,5,0,50,51.62
12.67,378,11,6,0,50,49.25
6.55,244,4,0,0,50,36.65
33.39,418,22,1,0,50,54.3
8.7,316,1,2,0,50,36.53
5.59,234,23,2,0,50,39.05
7.04,305,3,3,0,50,25.65
1.69,53,23,1,0,50,11.23
0.67,87,0,2,0,50,5.92
5.14,256,10,2,0,50,29.53
1.74,161,14,2,0,50,14.62
1.82,91,15,2,0,50,8.82
12.88,402,22,3,0,50,61.78
10.36,385,0,4,0,50,44.0
2.77,26,8,4,0,50,16.97
12.32,375,9,4,0,50,66.05
1.01,118,1,5,0,50,9.85
2.76,116,4,5,0,50,14.73
1.2,232,5,5,0,50,12.73
27.65,158,7,5,0,50,27.97
14.83,402,2,1,0,50,54.27
5.51,251,4,1,0,50,26.28
7.82,373,9,1,0,50,47.9
2.73,324,12,2,0,50,20.73
4.86,134,0,3,0,50,15.7
9.12,15,1,3,0,50,5.18
14.65,869,23,2,0,50,113.67
14.23,234,2,3,0,50,40.73
2.73,323,4,3,0,50,29.77
18.46,120,6,3,0,50,34.3
1.53,275,7,3,0,50,15.6
7.65,387,23,3,0,50,41.53
18.33,1188,7,4,0,50,122.58
7.45,670,10,4,0,50,60.07
1.29,164,13,4,0,50,15.1
3.23,225,5,5,0,50,16.73
22.51,859,4,0,0,50,92.17
17.71,913,11,0,0,50,117.93
0.78,150,4,3,0,50,8.88
19.43,842,0,4,0,50,95.73
4.97,540,8,4,0,50,38.97
11.69,626,9,4,0,50,62.07
1.53,221,7,5,0,50,14.17
2.26,393,8,6,0,50,19.47
12.95,546,1,1,0,50,51.43
5.23,365,3,1,0,50,29.9
5.22,358,9,1,0,50,42.8
5.67,391,22,1,0,50,34.17
0.85,90,9,2,0,50,7.35
10.43,302,10,2,0,50,32.17
9.14,834,2,3,0,50,90.75
14.89,816,5,3,0,50,80.7
1.06,0,6,3,0,50,7.27
5.77,346,23,3,0,50,29.87
4.78,172,12,4,0,50,21.33
13.26,560,13,4,0,50,51.48
21.54,314,4,5,0,50,43.95
29.47,827,8,5,0,50,102.08
6.1,490,10,5,0,50,55.13
3.18,352,11,5,0,50,33.47
4.57,470,6,6,0,50,45.45
4.22,422,7,6,0,50,34.48
4.51,376,6,0,0,50,32.17
13.07,536,12,0,0,50,57.3
5.74,237,23,0,0,50,27.62
0.98,157,23,0,0,50,9.62
4.29,197,11,1,0,50,16.1
5.61,348,23,1,0,50,27.78
20.89,875,10,2,0,50,82.2
1.69,300,12,2,0,50,17.07
19.97,622,1,3,0,50,88.68
4.94,259,6,3,0,50,21.05
6.37,341,23,3,0,50,27.07
18.78,782,8,4,0,50,80.03
12.95,78,1,5,0,50,22.23
17.98,710,3,6,0,50,90.3
16.08,744,7,6,0,50,78.25
1.26,242,11,0,0,50,14.47
1.09,185,13,0,0,50,11.92
22.49,1409,2,1,0,50,147.3
5.34,340,8,1,0,50,36.03
3.21,224,23,1,0,50,21.48
17.71,844,9,2,0,50,90.77
1.17,134,14,2,0,50,11.6
12.77,508,4,3,0,50,58.83
10.32,791,8,3,0,50,82.55
0.52,81,9,3,0,50,6.13
3.56,319,10,3,0,50,32.12
5.09,209,23,3,0,50,26.67
21.83,1025,7,4,0,50,99.88
12.47,890,4,5,0,50,81.23
7.1,303,3,6,0,50,34.17
9.86,716,9,6,0,50,78.07
1.98,11,15,6,0,50,9.93
1.59,65,5,0,0,50,8.7
3.1,104,5,0,0,50,8.23
0.93,155,11,0,0,50,10.15
12.46,406,2,1,0,50,50.42
6.11,423,4,1,0,50,38.73
4.33,134,11,1,0,50,14.88
9.41,716,4,2,0,50,71.32
20.89,1019,9,2,0,50,97.57
0.65,97,4,3,0,50,5.93
13.73,535,4,3,0,50,63.13
5.5,329,9,3,0,50,33.0
5.25,295,13,3,0,50,24.2
6.18,422,1,4,0,50,29.83
17.32,650,7,4,0,50,91.4
2.96,379,3,5,0,50,26.73
7.69,262,6,5,0,50,36.17
9.93,820,8,5,0,50,89.23
1.25,173,11,5,0,50,13.83
1.23,46,9,6,0,50,6.5
16.3,1356,23,6,0,50,104.3
5.7,346,2,0,0,50,26.82
4.4,108,4,0,0,50,17.73
8.19,303,6,0,0,50,32.2
12.54,466,2,1,0,50,58.05
9.2,364,4,1,0,50,49.7
5.03,271,9,1,0,50,22.73
5.27,216,1,2,0,50,26.02
5.12,204,3,2,0,50,18.23
5.86,247,7,2,0,50,21.47
7.64,482,9,2,0,50,46.97
5.29,195,23,3,0,50,26.9
6.78,464,7,4,0,50,60.25
2.03,163,9,4,0,50,20.23
3.25,76,10,4,0,50,21.17
27.15,1142,0,5,0,50,118.6
48.74,2120,6,5,0,50,220.92
1.91,179,2,6,0,50,15.6
2.25,413,9,0,0,50,24.93
4.44,338,12,0,0,50,33.87
5.0,227,1,1,0,50,21.47
1.2,208,14,1,0,50,13.0
12.68,409,1,2,0,50,49.38
5.12,242,4,2,0,50,30.33
7.32,356,9,2,0,50,31.43
5.99,317,23,3,0,50,36.43
5.43,416,8,4,0,50,32.27
3.26,524,9,4,0,50,37.37
13.25,672,3,5,0,50,72.92
13.76,412,12,6,0,50,59.33
13.4,669,1,1,0,50,72.48
5.59,339,4,1,0,50,37.67
4.91,115,5,1,0,50,18.23
15.77,149,6,1,0,50,26.2
4.3,130,11,1,0,50,14.13
6.5,292,1,2,0,50,28.97
4.86,225,9,2,0,50,27.92
5.71,339,23,3,0,50,27.97
20.03,1044,8,4,0,50,131.57
4.81,685,3,5,0,50,56.35
1.88,205,5,5,0,50,14.9
13.26,555,7,0,0,50,64.03
5.7,229,23,0,0,50,24.63
6.3,144,0,1,0,50,16.2
10.09,522,3,1,0,50,62.7
6.15,401,1,2,0,50,50.6
4.72,237,10,2,0,50,27.2
4.07,506,1,3,0,50,39.27
5.81,243,23,3,0,50,20.72
18.08,1038,8,4,0,50,108.65
25.1,466,2,6,0,50,69.67
20.05,1054,3,6,0,50,105.9
12.93,489,11,0,0,50,51.08
2.2,98,0,1,0,50,8.13
1.3,20,0,1,0,50,10.7
11.69,385,11,1,0,50,57.63
12.98,620,0,2,0,50,58.17
6.91,437,9,2,0,50,36.87
2.52,143,3,3,0,50,12.62
5.1,297,23,3,0,50,30.8
6.63,365,8,4,0,50,33.2
13.15,604,9,4,0,50,66.93
2.46,286,8,6,0,50,21.77
2.58,119,9,6,0,50,13.62
12.55,369,5,0,0,50,46.93
5.58,108,0,1,0,50,21.18
2.9,49,7,2,0,50,7.72
2.35,22,12,2,0,50,8.2
4.9,70,13,2,0,50,12.4
6.24,284,2,3,0,50,33.13
3.59,331,3,3,0,50,24.63
5.53,119,23,3,0,50,19.9
15.29,775,8,4,0,50,77.03
4.18,173,9,4,0,50,24.33
1.85,50,11,4,0,50,10.17
2.38,168,10,5,0,50,13.43
7.64,310,7,6,0,50,31.15
3.21,298,9,6,0,50,25.72
13.81,541,1,0,0,50,66.27
5.79,175,23,0,0,50,20.58
15.76,631,11,1,0,50,83.88
4.52,132,15,1,0,50,11.38
15.83,508,1,2,0,50,59.65
2.87,102,9,2,0,50,17.1
14.65,442,11,2,0,50,52.2
1.46,197,3,3,0,50,14.37
61.79,329,1,4,0,50,88.9
64.85,326,4,4,0,50,94.53
2.46,211,6,4,0,50,23.63
2.01,53,9,4,0,50,7.27
1.79,148,10,4,0,50,17.3
1.49,202,11,4,0,50,13.2
0.95,65,5,6,0,50,6.13
3.08,222,6,6,0,50,24.97
16.79,649,23,6,0,50,79.23
6.5,502,1,0,0,50,46.35
1.15,136,2,0,0,50,8.8
4.39,56,0,1,0,50,12.93
1.0,68,0,1,0,50,6.77
3.68,227,23,1,0,50,21.67
4.89,105,4,2,0,50,20.03
6.09,280,10,2,0,50,37.93
1.83,240,2,3,0,50,19.43
2.84,96,23,3,0,50,8.73
5.61,78,23,3,0,50,12.47
15.07,607,7,4,0,50,87.55
3.09,76,7,0,0,50,14.52
2.93,133,9,0,0,50,18.83
3.74,59,12,0,0,50,21.08
4.07,38,18,0,0,50,16.92
3.21,101,2,1,0,50,19.17
1.4,47,4,1,0,50,7.23
2.13,66,5,1,0,50,8.5
1.07,53,5,1,0,50,10.08
5.52,84,5,0,0,50,19.73
4.12,92,7,0,0,50,17.45
43.94,1655,8,4,0,50,255.58
26.58,692,0,5,0,50,136.13
14.58,543,8,5,0,50,91.0
13.89,371,22,5,0,50,77.4
14.93,435,2,0,0,50,85.43
12.91,317,4,0,0,50,64.87
16.64,264,6,0,0,50,53.77
6.07,140,10,0,0,50,27.08
5.2,158,22,4,0,50,31.67
14.43,380,1,5,0,50,73.17
2.45,40,3,5,0,50,8.08
7.15,330,4,5,0,50,59.27
1.85,71,13,0,0,50,15.67
8.17,134,22,0,0,50,26.05
13.14,394,8,1,0,50,64.45
10.58,227,22,1,0,50,37.67
14.17,215,8,2,0,50,48.78
9.94,153,22,2,0,50,34.28
4.11,114,1,4,0,50,20.1
30.1,173,22,5,0,50,51.67
10.85,229,9,6,0,50,37.75
3.15,69,23,6,0,50,11.7
12.73,353,9,0,0,50,66.72
13.15,209,22,0,0,50,41.5
12.36,335,9,1,0,50,58.25
11.85,247,22,1,0,50,44.18
11.86,259,4,3,0,50,43.42
14.49,308,22,3,0,50,53.17
12.12,280,10,4,0,50,48.6
24.0,113,1,6,0,50,46.25
7.11,142,8,6,0,50,29.25
11.44,185,22,6,0,50,37.88
5.16,119,3,1,0,50,27.6
13.74,317,4,1,0,50,56.02
2.75,65,22,1,0,50,9.37
12.77,264,22,1,0,50,46.78
11.93,206,22,2,0,50,46.35
1.81,84,9,3,0,50,15.58
16.66,284,10,3,0,50,58.83
5.06,11,22,3,0,50,8.92
9.62,171,22,3,0,50,34.17
11.87,339,9,4,0,50,55.0
4.23,150,2,5,0,50,35.75
3.19,114,6,5,0,50,16.67
2.55,194,8,6,0,50,27.67
12.02,153,1,0,0,50,39.77
4.38,126,3,0,0,50,18.83
2.15,36,4,0,0,50,11.23
12.8,228,22,0,0,50,45.2
10.05,189,10,1,0,50,37.75
12.02,250,22,1,0,50,47.07
12.2,442,9,2,0,50,62.08
12.09,222,22,2,0,50,45.75
14.31,358,9,3,0,50,69.0
13.09,213,22,3,0,50,41.0
13.33,202,12,4,0,50,42.17
5.04,272,3,5,0,50,54.7
5.63,513,6,5,0,50,61.67
5.59,203,7,5,0,50,34.58
0.75,50,8,5,0,50,6.75
29.54,250,3,6,0,50,77.83
5.81,154,4,6,0,50,29.37
17.87,415,5,6,0,50,79.08
11.68,361,10,6,0,50,63.5
28.57,224,12,6,0,50,60.83
1.43,72,22,6,0,50,10.58
13.32,55,23,6,0,50,23.08
27.58,427,1,0,0,50,91.7
12.32,256,22,0,0,50,48.75
7.88,195,10,1,0,50,40.83
10.86,155,22,1,0,50,35.92
7.23,149,10,2,0,50,27.25
12.78,252,22,2,0,50,46.0
11.5,136,9,3,0,50,22.0
12.5,289,22,3,0,50,50.88
12.83,199,0,5,0,50,40.33
25.04,248,2,5,0,50,68.27
1.25,40,10,5,0,50,5.83
2.38,84,11,5,0,50,12.62
12.87,213,22,6,0,50,47.05
31.38,458,9,0,0,50,97.87
9.33,36,13,0,0,50,14.0
12.61,279,22,0,0,50,50.02
12.72,287,10,1,0,50,71.15
3.26,27,22,1,0,50,8.25
11.37,288,22,1,0,50,51.17
12.59,320,22,2,0,50,54.85
11.97,270,2,4,0,50,46.8
24.59,184,2,5,0,50,58.42
0.51,38,8,5,0,50,5.42
12.55,247,22,6,0,50,48.02
12.22,253,22,0,0,50,50.58
11.51,219,22,1,0,50,37.33
11.87,392,9,2,0,50,62.17
11.96,221,22,2,0,50,46.22
5.14,244,3,5,0,50,50.92
18.42,40,1,6,0,50,22.17
5.2,18,7,6,0,50,6.67
12.34,314,22,0,0,50,50.45
7.75,252,2,2,0,50,53.03
6.37,247,3,2,0,50,39.75
14.63,358,9,2,0,50,65.95
12.23,222,22,2,0,50,41.37
13.97,487,9,3,0,50,101.45
4.45,123,23,3,0,50,21.98
11.19,256,11,4,0,50,46.43
17.93,93,2,5,0,50,35.0
0.97,80,12,5,0,50,8.93
11.2,191,22,6,0,50,45.67
3.25,115,1,1,0,50,18.75
0.75,62,14,1,0,50,7.58
23.63,77,23,2,0,50,58.42
13.62,26,7,3,0,50,23.53
23.07,54,23,3,0,50,40.55
22.32,37,1,5,0,50,31.42
17.71,82,5,5,0,50,29.08
23.54,133,8,6,0,50,46.5
2.76,47,10,6,0,50,6.75
3.88,32,10,6,0,50,9.32
1.07,58,11,6,0,50,8.2
16.99,41,23,6,0,50,20.92
2.05,43,7,0,0,50,6.82
22.95,56,0,1,0,50,38.28
10.16,34,9,1,0,50,9.35
20.21,30,23,1,0,50,28.17
21.71,72,4,2,0,50,37.65
23.78,145,0,3,0,50,57.0
16.16,14,9,3,0,50,23.92
21.7,45,0,4,0,50,32.38
12.68,25,10,4,0,50,16.83
24.11,132,23,4,0,50,58.33
0.62,34,1,6,0,50,5.83
1.02,75,2,6,0,50,11.77
9.98,124,5,6,0,50,26.42
7.68,321,18,2,0,50,50.92
12.96,714,19,2,0,50,134.83
22.34,62,1,3,0,50,33.35
22.1,117,5,3,0,50,35.58
21.66,92,9,5,0,50,34.85
4.1,16,2,6,0,50,7.42
24.89,202,12,6,0,50,57.67
25.62,220,1,0,0,50,59.83
23.2,141,3,0,0,50,47.25
22.61,152,2,2,0,50,40.33
6.84,19,9,2,0,50,11.58
2.65,75,6,3,0,50,17.25
2.52,66,8,3,0,50,10.25
21.67,77,1,4,0,50,29.5
10.73,37,9,4,0,50,23.0
25.11,202,2,5,0,50,55.67
20.47,57,9,5,0,50,26.58
27.17,142,1,0,0,50,55.1
23.16,110,9,0,0,50,42.42
13.21,47,1,1,0,50,25.33
3.19,35,1,1,0,50,17.0
25.74,165,3,1,0,50,51.08
1.64,52,23,1,0,50,7.83
23.72,121,23,1,0,50,41.2
23.35,113,8,2,0,50,42.77
24.1,174,23,3,0,50,54.17
1.21,58,9,4,0,50,6.42
28.98,185,1,5,0,50,58.75
23.34,212,10,5,0,50,58.3
25.34,231,23,5,0,50,57.12
24.71,194,1,0,0,50,55.42
24.46,175,9,0,0,50,59.08
21.99,96,0,2,0,50,42.53
24.52,205,9,2,0,50,60.55
1.5,32,1,4,0,50,9.08
6.33,1,1,4,0,50,7.08
1.19,34,2,4,0,50,7.47
24.29,96,8,4,0,50,53.18
24.75,173,0,5,0,50,55.58
78.62,596,7,6,0,50,160.93
10.97,223,10,6,0,50,41.62
12.4,193,22,6,0,50,45.92
12.81,431,9,0,0,50,61.33
5.99,97,23,0,0,50,21.43
4.73,124,9,1,0,50,19.75
9.11,182,22,1,0,50,33.42
25.16,147,10,2,0,50,54.63
6.25,128,22,1,0,50,22.58
3.76,89,23,1,0,50,16.42
9.21,229,9,2,0,50,36.83
10.94,164,22,2,0,50,37.0
14.15,431,1,4,0,50,66.0
10.06,19,2,4,0,50,15.1
4.69,8,14,4,0,50,7.58
5.19,28,14,4,0,50,7.58
6.79,287,5,0,0,50,56.4
0.72,7,22,3,0,50,5.25
25.01,118,22,3,0,50,45.18
10.07,72,5,5,0,50,21.25
14.69,348,7,5,0,50,61.75
28.39,271,9,5,0,50,70.1
18.24,71,1,0,0,50,28.15
7.06,41,0,1,0,50,13.52
0.56,39,11,1,0,50,5.08
29.27,172,0,2,0,50,67.5
6.88,469,20,2,0,50,59.25
0.68,28,23,2,0,50,5.58
20.62,67,0,3,0,50,32.5
25.93,212,6,5,0,50,55.97
2.9,137,11,2,0,50,15.88
26.08,197,14,2,0,50,49.28
13.34,77,0,3,0,50,22.77
25.52,268,11,4,0,50,51.65
23.8,200,23,6,0,50,42.93
4.79,195,10,0,0,50,28.83
1.04,72,11,0,0,50,8.37
24.1,208,11,1,0,50,42.63
24.14,181,0,2,0,50,43.52
3.47,83,12,2,0,50,19.15
25.75,213,14,2,0,50,59.47
26.87,185,0,3,0,50,57.23
24.95,365,13,3,0,50,83.25
23.96,219,0,4,0,50,51.58
24.09,228,0,0,0,50,46.47
3.87,179,12,0,0,50,27.9
22.59,162,23,0,0,50,42.97
9.6,95,1,2,0,50,20.47
10.18,168,8,2,0,50,35.93
4.5,177,10,3,0,50,26.0
4.48,84,14,3,0,50,17.75
2.44,198,23,3,0,50,26.52
4.01,94,3,4,0,50,16.43
232.16,496,8,4,0,50,289.7
21.77,152,1,0,0,50,35.02
23.66,154,13,0,0,50,46.3
23.76,154,0,1,0,50,40.17
23.3,128,11,1,0,50,40.05
1.94,61,12,1,0,50,8.62
24.06,205,0,2,0,50,43.82
2.44,64,11,2,0,50,7.82
25.62,249,14,2,0,50,55.35
22.41,133,1,3,0,50,38.67
25.11,219,11,3,0,50,48.58
21.65,108,0,4,0,50,32.18
6.0,145,10,4,0,50,20.83
10.19,125,6,5,0,50,24.55
1.54,53,7,5,0,50,7.75
24.39,240,23,6,0,50,44.47
25.16,311,14,0,0,50,67.28
25.5,400,23,0,0,50,75.57
24.42,188,12,1,0,50,44.6
25.12,236,23,1,0,50,55.33
2.78,121,11,2,0,50,20.97
25.18,273,14,2,0,50,51.12
23.16,132,0,3,0,50,36.53
24.6,286,14,3,0,50,56.48
23.75,180,0,4,0,50,41.33
30.97,1230,10,4,0,50,211.15
9.36,84,23,6,0,50,17.28
7.83,99,11,0,0,50,20.93
2.34,102,13,0,0,50,26.83
22.72,131,0,1,0,50,36.32
23.78,186,11,1,0,50,41.33
23.65,144,0,2,0,50,40.45
2.71,142,11,2,0,50,25.38
26.45,587,12,2,0,50,125.08
23.75,187,0,3,0,50,40.97
26.15,203,10,3,0,50,47.78
17.29,94,1,4,0,50,28.1
1.16,81,11,4,0,50,12.57
23.93,183,0,6,0,50,42.2
24.7,176,11,6,0,50,43.57
24.12,166,0,0,0,50,42.67
23.29,188,10,0,0,50,44.67
42.1,106,0,0,0,50,134.17
3.23,15,5,0,0,50,13.47
14.01,7,6,3,0,50,15.35
17.48,27,1,5,0,50,41.12
22.02,37,11,6,0,50,43.52
0.77,12,12,6,0,50,5.17
9.46,28,14,6,0,50,53.08
11.75,8,15,6,0,50,22.18
14.62,20,2,0,0,50,29.73
2.62,8,14,4,0,50,25.57
1.25,8,2,5,0,50,11.18
3.62,130,10,4,0,50,20.07
7.51,376,12,5,0,50,36.35
5.82,302,23,5,0,50,23.35
6.84,482,7,6,0,50,69.27
3.29,146,12,6,0,50,18.8
5.92,209,13,6,0,50,34.25
7.06,150,23,6,0,50,25.47
7.28,160,9,0,0,50,34.22
20.92,566,10,0,0,50,109.67
2.34,38,12,1,0,50,5.92
20.1,779,0,2,0,50,110.12
1.69,241,3,2,0,50,19.07
19.82,930,10,2,0,50,117.75
1.55,92,2,4,0,50,7.2
0.62,87,2,4,0,50,5.93
1.95,97,9,4,0,50,7.97
2.23,157,9,4,0,50,12.4
0.89,51,10,4,0,50,5.23
1.71,115,10,4,0,50,10.05
17.59,442,22,5,0,50,76.93
17.14,320,9,6,0,50,49.0
1.88,75,23,6,0,50,15.77
29.14,182,8,0,0,50,40.72
2.01,164,9,0,0,50,12.92
6.72,267,23,0,0,50,29.25
7.67,325,10,1,0,50,27.27
1.83,91,11,1,0,50,8.3
1.31,95,0,2,0,50,15.42
0.76,78,10,2,0,50,6.87
1.95,112,11,2,0,50,9.02
4.89,226,23,2,0,50,20.62
7.05,209,11,3,0,50,31.73
6.99,348,8,4,0,50,30.27
0.98,92,9,4,0,50,8.02
5.13,183,4,5,0,50,27.8
3.12,202,6,5,0,50,29.97
12.04,644,6,5,0,50,91.47
1.41,111,8,5,0,50,8.38
2.17,181,6,6,0,50,23.47
0.83,57,7,6,0,50,9.05
6.87,171,7,6,0,50,12.7
1.3,86,7,6,0,50,13.48
2.92,7,11,4,0,50,14.87
1.36,3,10,0,0,50,6.88
1.37,8,10,0,0,50,10.2
11.42,7,3,1,0,50,17.47
5.08,7,4,2,0,50,16.78
7.82,10,11,2,0,50,31.5
2.3,5,10,4,0,50,8.57
3.31,8,11,4,0,50,12.82
12.51,8,7,5,0,50,37.68
11.4,12,10,5,0,50,32.63
6.74,10,11,0,0,50,14.58
3.97,7,11,1,0,50,13.23
12.14,10,2,2,0,50,28.23
16.03,25,11,2,0,50,58.42
4.92,11,12,2,0,50,13.85
12.64,9,1,3,0,50,32.95
13.34,12,10,3,0,50,40.53
5.75,3,11,4,0,50,23.38
8.37,2,7,5,0,50,24.08
10.46,12,8,5,0,50,26.18
12.49,5,11,0,0,50,34.4
11.59,7,1,2,0,50,27.2
14.42,56,12,2,0,50,26.62
117.52,580,1,3,0,50,256.58
3.08,29,0,4,0,50,13.07
4.65,16,1,5,0,50,17.37
19.35,115,8,5,0,50,38.2
12.96,34,4,0,0,50,18.67
13.39,52,11,0,0,50,22.07
13.1,39,3,1,0,50,24.97
13.4,64,11,1,0,50,23.58
13.03,122,0,2,0,50,57.92
13.45,56,10,3,0,50,43.97
5.91,31,4,4,0,50,11.77
13.49,138,11,4,0,50,55.02
1.3,33,2,5,0,50,5.15
1.62,32,2,5,0,50,6.78
6.5,199,11,5,0,50,27.05
19.05,91,6,6,0,50,47.2
5.67,81,11,6,0,50,17.42
12.57,101,12,6,0,50,34.33
3.44,34,7,5,0,50,9.03
8.05,71,7,5,0,50,18.87
4.9,17,8,5,0,50,8.62
92.87,594,8,5,0,50,217.78
13.19,11,11,1,0,50,22.82
12.11,9,10,2,0,50,38.63
3.13,2,0,6,0,50,15.6
9.76,22,7,6,0,50,53.22
19.74,26,11,6,0,50,48.95
12.99,7,19,0,0,50,17.92
3.26,0,9,2,0,50,6.28
156.3,144,7,5,0,50,171.75
12.07,12,10,5,0,50,17.45
21.56,21,11,5,0,50,30.97
37.53,34,12,5,0,50,43.87
48.95,39,13,5,0,50,66.92
75.56,116,14,5,0,50,130.25
6.28,11,17,5,0,50,16.17
14.2,25,18,5,0,50,46.05
4.25,9,19,5,0,50,11.23
18.43,23,13,6,0,50,59.1
123.91,184,14,6,0,50,218.92
59.59,42,19,6,0,50,52.5
13.63,11,4,0,0,50,23.93
8.18,8,11,0,0,50,18.02
12.75,10,1,1,0,50,28.25
13.47,10,15,1,0,50,18.62
2.87,4,2,2,0,50,6.8
17.17,15,11,2,0,50,45.9
10.84,5,23,3,0,50,19.68
2.56,3,11,4,0,50,7.95
2.87,6,11,4,0,50,14.0
11.42,5,1,0,0,50,23.13
13.86,12,11,0,0,50,23.87
13.42,11,4,1,0,50,21.15
16.38,11,11,1,0,50,40.15
12.85,10,11,3,0,50,19.23
79.74,214,6,4,0,50,83.67
150.76,270,8,4,0,50,128.38
28.44,37,0,6,0,50,116.57
12.77,13,4,6,0,50,47.9
1.37,3,1,0,0,50,6.58
3.05,8,3,0,0,50,18.13
2.45,6,6,0,0,50,11.0
4.17,11,13,0,0,50,38.0
1.86,3,0,1,0,50,8.03
3.92,3,5,3,0,50,7.75
1.82,6,10,3,0,50,6.83
1.69,3,14,4,0,50,8.55
2.16,5,4,6,0,50,9.9
2.03,6,14,3,0,50,10.18
3.08,6,1,4,0,50,14.83
3.8,10,1,2,0,50,20.0
3.18,7,13,1,0,50,22.02
4.28,10,1,2,0,50,26.92
3.14,9,13,0,0,50,18.3
1.54,3,0,1,0,50,6.12
3.06,6,14,1,0,50,17.13
3.05,8,12,3,0,50,12.97
4.4,15,5,4,0,50,29.32
3.2,7,14,0,0,50,19.53
2.95,10,0,3,0,50,22.17
3.44,10,5,4,0,50,30.02
3.11,5,7,4,0,50,25.22
14.35,20,13,1,0,50,37.48
3.89,3,13,2,0,50,10.93
2.8,7,0,3,0,50,19.78
15.71,17,13,3,0,50,46.97
10.89,89,21,3,0,50,25.78
2.54,96,22,3,0,50,10.77
1.83,2,0,4,0,50,6.18
3.17,160,8,4,0,50,25.32
16.34,120,21,4,0,50,44.43
26.0,215,9,5,0,50,40.23
3.54,5,20,5,0,50,5.1
10.11,99,21,5,0,50,22.95
3.94,148,8,0,0,50,24.17
16.55,151,21,0,0,50,43.02
2.0,14,21,1,0,50,12.62
2.52,21,8,2,0,50,26.07
15.74,68,21,2,0,50,49.87
2.48,19,8,3,0,50,22.77
2.9,18,22,3,0,50,14.52
2.7,44,9,4,0,50,15.3
14.86,90,21,4,0,50,64.45
2.75,29,22,0,0,50,14.07
2.13,14,21,1,0,50,12.93
4.39,61,9,2,0,50,20.25
2.88,26,22,2,0,50,14.98
8.57,46,9,3,0,50,28.17
15.96,57,21,3,0,50,49.58
15.12,82,9,4,0,50,39.0
2.22,9,23,4,0,50,13.3
1.81,23,12,5,0,50,16.37
22.26,79,12,5,0,50,52.42
5.78,36,22,5,0,50,23.38
13.83,39,9,6,0,50,34.23
4.56,10,10,6,0,50,5.77
15.22,24,22,0,0,50,33.77
2.58,36,8,1,0,50,17.87
15.34,34,22,1,0,50,33.65
2.84,49,7,2,0,50,24.92
4.4,17,21,2,0,50,16.83
2.62,16,8,4,0,50,12.55
10.63,11,9,4,0,50,8.87
42.84,41,15,4,0,50,38.63
4.92,15,16,4,0,50,14.6
93.1,75,16,4,0,50,90.87
2.96,37,22,2,0,50,17.05
2.69,16,7,3,0,50,24.32
1.37,29,19,3,0,50,12.38
1.37,12,19,3,0,50,9.7
13.58,19,9,4,0,50,37.57
5.77,32,8,5,0,50,28.5
1.34,20,12,6,0,50,11.58
3.06,26,23,6,0,50,13.65
1.94,6,9,0,0,50,6.58
3.06,42,21,0,0,50,22.22
2.8,24,9,1,0,50,15.43
2.15,14,12,1,0,50,14.08
3.03,51,9,2,0,50,19.63
2.81,14,22,2,0,50,14.22
12.79,29,2,6,0,50,23.77
11.97,20,15,6,0,50,40.68
45.72,44,22,0,0,50,35.77
20.01,56,11,1,0,50,125.08
15.24,69,22,3,0,50,55.05
6.81,80,9,4,0,50,59.77
2.66,44,23,4,0,50,15.97
1.89,55,13,5,0,50,11.63
1.93,18,14,5,0,50,15.33
15.83,59,22,6,0,50,34.98
2.34,17,9,0,0,50,18.35
3.12,28,9,1,0,50,19.43
2.31,14,23,1,0,50,17.7
2.65,13,22,2,0,50,17.53
9.69,37,8,3,0,50,19.32
1.9,22,22,3,0,50,15.18
2.12,9,22,4,0,50,13.35
3.15,21,22,0,0,50,23.3
80.15,23,11,1,0,50,81.0
2.3,8,23,4,0,50,18.57
9.43,20,17,4,0,50,14.32
1.85,33,9,5,0,50,19.67
0.77,31,16,1,0,50,6.7
1.25,32,14,2,0,50,8.03
8.24,8,16,2,0,50,19.18
13.06,84,17,2,0,50,75.6
5.8,58,9,4,0,50,39.53
1.17,34,12,5,0,50,11.5
5.6,37,11,0,0,50,40.75
0.66,12,16,1,0,50,5.68
1.88,65,11,4,0,50,18.33
1.63,83,15,4,0,50,14.53
2.99,10,17,4,0,50,14.1
0.9,35,12,5,0,50,9.87
9.95,44,15,6,0,50,24.53
0.56,15,10,0,0,50,5.57
1.16,28,8,1,0,50,10.97
2.52,51,18,1,0,50,25.88
1.23,33,12,2,0,50,11.35
1.53,47,8,3,0,50,12.18
1.29,49,8,4,0,50,12.67
10.87,14,18,4,0,50,23.48
0.51,13,14,6,0,50,5.17
2.01,8,9,3,0,50,9.55
3.48,49,10,3,0,50,36.33
1.71,65,9,4,0,50,19.63
2.53,100,10,4,0,50,26.3
0.68,17,12,4,0,50,5.73
4.23,23,13,4,0,50,8.88
13.39,37,9,1,0,50,42.53
0.6,17,10,1,0,50,6.05
24.06,110,16,1,0,50,105.27
1.41,38,15,5,0,50,16.42
2.29,37,10,2,0,50,11.95
5.95,11,22,2,0,50,25.98
7.01,18,8,3,0,50,9.43
1.84,59,8,4,0,50,20.58
3.36,40,17,4,0,50,23.53
2.1,30,14,3,0,50,17.57
2.01,7,16,3,0,50,13.42
1.97,18,19,3,0,50,10.2
18.21,55,8,4,0,50,54.73
7.3,27,13,4,0,50,16.82
38.31,305,14,4,0,50,322.88
0.89,22,9,5,0,50,6.9
11.61,64,8,0,0,50,44.02
13.02,75,15,0,0,50,54.35
3.64,31,16,0,0,50,36.6
6.69,105,13,1,0,50,49.83
3.22,44,15,1,0,50,16.23
0.68,26,8,2,0,50,5.83
3.54,28,8,2,0,50,17.02
11.93,94,17,2,0,50,105.35
3.76,23,15,3,0,50,22.42
3.46,14,18,3,0,50,12.4
0.89,17,19,3,0,50,9.93
6.47,8,8,4,0,50,15.58
34.94,222,13,4,0,50,177.67
15.61,163,13,6,0,50,106.83
11.72,25,8,0,0,50,37.8
11.93,77,17,0,0,50,38.23
4.15,10,17,1,0,50,20.38
0.55,2,8,0,0,50,5.77
5.53,13,13,0,0,50,33.35
5.63,60,16,0,0,50,33.82
12.06,15,8,1,0,50,8.53
12.4,89,16,1,0,50,53.72
3.95,15,7,5,0,50,21.43
4.08,36,8,5,0,50,24.58
4.69,149,8,5,0,50,53.87
21.88,138,14,5,0,50,109.02
1.19,17,18,0,0,50,9.22
11.96,35,8,1,0,50,42.2
0.96,49,8,0,0,50,11.0
9.28,81,8,0,0,50,34.92
10.82,11,16,0,0,50,27.17
37.64,59,17,1,0,50,31.13
11.08,17,18,1,0,50,47.37
3.63,26,15,6,0,50,18.5
1.0,9,16,6,0,50,8.88
12.86,88,8,0,0,50,54.53
0.86,32,8,1,0,50,5.32
14.55,29,11,1,0,50,21.57
1.29,31,13,1,0,50,13.27
3.91,33,7,2,0,50,44.58
3.55,49,14,2,0,50,27.9
0.92,40,0,5,0,50,8.25
12.52,71,4,5,0,50,43.73
17.54,34,0,0,0,50,32.08
4.08,23,1,0,0,50,21.4
13.09,78,6,0,0,50,58.53
6.95,97,11,0,0,50,29.93
5.52,54,6,2,0,50,43.98
5.07,23,7,2,0,50,38.83
4.18,30,4,4,0,50,30.35
3.55,28,0,5,0,50,24.4
3.48,25,0,6,0,50,19.15
4.06,33,9,6,0,50,32.33
40.66,272,1,0,0,50,439.33
11.73,67,11,0,0,50,50.08
2.16,12,8,2,0,50,6.63
6.34,32,8,2,0,50,13.88
2.86,9,0,5,0,50,9.2
4.37,33,8,5,0,50,33.82
3.04,13,9,5,0,50,34.63
4.27,34,2,5,0,50,30.13
4.0,23,0,6,0,50,22.97
2.68,25,6,6,0,50,15.6
2.44,42,1,0,0,50,23.3
4.04,13,0,5,0,50,18.23
3.31,27,1,5,0,50,19.13
0.98,61,1,5,0,50,9.08
3.58,20,23,5,0,50,20.88
3.94,26,8,6,0,50,34.57
5.04,20,8,4,0,50,26.8
3.46,26,0,0,0,50,21.4
2.19,32,3,0,0,50,13.1
10.11,49,10,5,0,50,29.78
17.86,113,0,0,0,50,48.12
3.77,2,2,0,0,50,11.48
2.58,20,2,0,0,50,18.7
0.84,1,5,2,0,50,5.83
7.37,90,8,5,0,50,49.93
2.18,17,13,6,0,50,14.67
21.6,2,13,6,0,50,10.98
10.67,164,2,1,0,50,25.27
6.01,198,5,2,0,50,26.22
2.77,40,11,2,0,50,11.47
2.93,471,0,5,0,50,26.98
6.99,134,10,5,0,50,18.52
8.67,261,7,0,0,50,29.1
0.91,100,8,0,0,50,5.72
10.25,361,0,6,0,50,31.22
1.88,267,7,6,0,50,17.05
5.28,304,7,4,0,50,33.47
1.14,173,13,5,0,50,10.67
1.65,151,17,5,0,50,10.63
0.92,106,11,3,0,50,7.27
5.97,713,9,6,0,50,66.9
1.91,185,13,6,0,50,20.3
3.78,143,5,3,0,50,40.37
17.76,505,14,3,0,50,109.65
0.82,125,18,3,0,50,8.1
1.74,127,20,3,0,50,16.35
1.32,9,8,5,0,50,5.95
5.32,175,19,5,0,50,22.42
1.1,8,9,0,0,50,8.23
1.37,58,13,0,0,50,8.15
1.12,108,14,0,0,50,6.25
3.37,137,8,3,0,50,17.18
25.33,40,13,3,0,50,18.05
13.85,76,15,3,0,50,7.53
38.45,98,7,0,0,50,21.6
17.88,156,9,0,0,50,40.7
7.42,61,11,0,0,50,13.6
1.61,108,13,1,0,50,9.32
1.61,53,13,1,0,50,18.37
27.35,159,2,2,0,50,36.45
3.72,244,7,2,0,50,28.35
20.35,579,7,4,0,50,69.63
4.54,205,18,5,0,50,31.45
7.77,123,17,6,0,50,37.63
2.25,174,7,0,0,50,17.27
0.61,120,8,0,0,50,5.8
2.16,33,17,0,0,50,9.3
1.06,162,18,0,0,50,9.1
0.76,64,11,3,0,50,6.52
2.01,224,18,4,0,50,15.03
42.33,293,7,0,0,50,38.23
1.39,137,18,5,0,50,10.9
2.29,225,20,5,0,50,13.52
16.58,468,12,0,0,50,73.08
12.61,189,7,2,0,50,16.68
0.85,172,8,2,0,50,9.03
2.22,104,7,1,0,50,20.1
34.74,133,8,1,0,50,32.68
3.45,85,7,2,0,50,15.32
33.25,569,13,3,0,50,174.22
6.0,110,18,3,0,50,69.08
8.1,91,19,3,0,50,33.4
1.24,24,4,4,0,50,5.98
26.54,219,5,4,0,50,79.0
4.21,167,18,4,0,50,39.2
0.96,16,15,6,0,50,7.88
3.69,23,1,0,0,50,10.8
1.16,134,7,6,0,50,10.33
10.53,131,9,6,0,50,20.98
10.81,19,9,6,0,50,7.35
1.62,132,13,3,0,50,14.48
1.75,245,8,4,0,50,15.78
0.77,91,19,4,0,50,7.57
2.45,364,9,5,0,50,24.33
2.62,292,14,1,0,50,16.85
0.99,160,0,4,0,50,9.8
1.16,76,1,5,0,50,9.48
1.4,179,2,0,0,50,15.15
19.21,81,23,1,0,50,77.98
7.25,24,11,2,0,50,25.55
0.9,14,0,3,0,50,9.75
4.85,18,2,3,0,50,12.17
0.82,9,3,3,0,50,9.13
2.53,31,4,3,0,50,17.9
4.1,21,8,4,0,50,30.52
6.39,50,12,4,0,50,52.53
5.03,24,13,4,0,50,25.25
6.5,56,7,5,0,50,66.77
2.62,20,12,5,0,50,19.98
1.07,14,15,5,0,50,11.55
0.81,7,4,6,0,50,8.78
7.93,54,7,6,0,50,79.52
18.08,43,9,6,0,50,30.78
32.3,59,10,6,0,50,79.6
16.81,51,23,6,0,50,69.48
16.8,41,9,0,0,50,125.45
2.42,7,23,0,0,50,10.32
15.27,35,23,0,0,50,48.28
8.73,15,9,1,0,50,16.53
3.04,20,10,1,0,50,28.58
19.71,38,23,1,0,50,49.83
16.03,45,10,2,0,50,68.08
1.92,10,14,2,0,50,10.32
4.53,26,23,3,0,50,24.52
7.34,21,0,4,0,50,12.38
4.53,22,9,4,0,50,13.53
7.04,1,10,4,0,50,8.4
11.24,6,10,4,0,50,5.92
0.69,57,12,1,0,50,8.08
1.48,40,16,1,0,50,5.58
1.33,37,17,6,0,50,6.42
10.12,526,18,6,0,50,91.83
0.87,79,17,4,0,50,9.33
6.84,631,20,4,0,50,81.52
102.7,1666,1,3,0,50,393.27
88.59,283,8,3,0,50,121.45
5.04,154,11,3,0,50,22.17
22.9,1278,11,3,0,50,243.38
88.59,283,16,3,0,50,121.45
5.04,154,19,3,0,50,22.17
6.15,281,7,6,0,50,48.92
8.75,398,8,0,0,50,74.93
13.94,405,10,0,0,50,68.58
6.3,133,13,0,0,50,21.42
10.67,341,14,0,0,50,47.25
2.02,143,7,5,0,50,20.67
2.83,616,15,5,0,50,30.57
3.36,655,3,6,0,50,22.77
1.53,520,15,6,0,50,18.27
2.97,526,1,0,0,50,21.18
2.14,416,15,0,0,50,20.32
2.44,596,0,1,0,50,18.88
2.23,658,15,1,0,50,23.28
1.92,458,0,2,0,50,15.37
1.06,284,16,3,0,50,6.88
1.96,435,16,5,0,50,20.98
2.94,445,4,6,0,50,20.4
2.39,120,16,6,0,50,8.5
2.98,327,1,0,0,50,16.67
2.87,421,1,1,0,50,19.83
3.18,587,15,1,0,50,36.7
2.89,382,2,3,0,50,17.33
3.28,768,16,4,0,50,33.17
3.71,710,16,5,0,50,30.4
3.07,724,16,6,0,50,29.27
2.7,600,15,1,0,50,23.05
3.43,746,16,2,0,50,31.83
2.34,538,16,5,0,50,23.9
3.15,640,17,6,0,50,30.95
10.53,1179,12,3,0,50,124.05
5.33,443,11,4,0,50,42.05
5.21,222,5,5,0,50,32.82
17.11,295,9,5,0,50,43.47
2.25,179,0,0,0,50,12.43
0.68,62,1,0,0,50,7.88
19.8,1989,0,1,0,50,191.85
2.3,167,5,1,0,50,15.53
2.68,102,10,1,0,50,13.75
3.47,236,0,2,0,50,21.28
4.93,183,13,2,0,50,21.95
3.82,270,0,3,0,50,22.07
4.63,270,12,3,0,50,39.77
4.97,379,0,4,0,50,28.75
3.37,390,3,4,0,50,37.6
6.5,448,9,4,0,50,48.62
17.28,628,8,5,0,50,69.45
19.66,924,11,5,0,50,86.98
4.83,296,4,6,0,50,23.4
1.01,74,5,0,0,50,6.93
1.94,264,11,0,0,50,19.33
4.57,212,13,0,0,50,21.57
2.94,132,1,1,0,50,15.88
4.89,316,10,1,0,50,37.82
2.27,154,15,1,0,50,17.2
3.67,231,1,2,0,50,20.3
4.91,379,13,2,0,50,38.27
4.79,251,1,3,0,50,32.48
0.58,78,11,3,0,50,5.9
4.64,206,15,3,0,50,21.85
3.12,151,1,4,0,50,15.22
4.36,269,10,4,0,50,24.4
5.22,200,1,0,0,50,29.68
3.15,171,12,0,0,50,24.67
4.46,221,1,1,0,50,24.23
6.56,229,1,2,0,50,33.83
1.23,135,11,2,0,50,9.93
4.77,240,14,2,0,50,20.98
4.5,164,1,3,0,50,25.57
4.16,212,11,3,0,50,22.12
4.82,267,1,4,0,50,30.58
1.23,77,10,4,0,50,5.78
4.89,341,15,4,0,50,32.05
3.73,311,13,0,0,50,32.43
4.3,185,1,1,0,50,37.22
3.01,224,1,2,0,50,14.37
4.12,152,1,0,0,50,21.58
3.88,653,12,0,0,50,34.5
4.36,1162,1,1,0,50,22.08
4.25,336,12,1,0,50,36.9
4.5,248,1,2,0,50,28.3
4.36,286,10,2,0,50,29.3
4.13,240,1,3,0,50,21.25
3.53,293,13,3,0,50,19.57
4.39,235,1,4,0,50,20.88
0.96,157,13,5,0,50,10.07
26.63,2149,14,5,0,50,236.45
2.31,430,1,6,0,50,25.73
3.13,265,3,6,0,50,18.55
2.3,183,10,3,0,50,14.73
4.33,241,1,4,0,50,21.72
5.95,577,13,4,0,50,62.03
4.86,325,13,0,0,50,30.05
4.69,245,1,1,0,50,28.15
5.4,411,13,2,0,50,39.8
4.8,134,10,3,0,50,24.82
4.29,160,15,4,0,50,22.55
20.02,826,8,6,0,50,112.28
19.77,590,12,6,0,50,73.48
4.44,253,1,0,0,50,22.38
5.09,303,14,0,0,50,22.62
4.74,359,12,2,0,50,34.32
10.28,1151,13,6,0,50,102.7
3.18,156,3,4,0,50,10.75
0.7,78,5,4,0,50,5.17
6.37,530,14,4,0,50,40.67
21.89,1063,12,2,0,50,125.53
27.33,2924,1,4,0,50,298.65
19.91,1939,7,4,0,50,170.43
2.15,193,13,0,0,50,17.67
4.64,271,14,2,0,50,22.33
4.84,324,1,4,0,50,30.32
4.52,232,14,0,0,50,23.3
3.45,102,1,1,0,50,20.38
5.36,474,10,1,0,50,36.15
3.27,152,2,2,0,50,15.57
4.63,289,14,2,0,50,29.97
4.98,291,1,3,0,50,25.52
4.88,286,3,3,0,50,31.92
0.81,170,4,3,0,50,9.7
4.67,268,14,3,0,50,27.03
19.82,534,13,5,0,50,63.62
4.54,200,15,0,0,50,25.93
5.14,340,9,2,0,50,32.5
4.16,296,16,4,0,50,21.2
18.65,664,8,5,0,50,78.07
4.31,223,14,5,0,50,22.62
6.0,315,2,6,0,50,46.02
5.23,498,5,6,0,50,49.25
16.13,356,11,6,0,50,43.22
17.77,439,1,0,0,50,56.28
10.88,520,5,0,0,50,42.43
8.72,848,6,0,0,50,90.53
3.58,490,12,0,0,50,32.98
5.57,613,15,0,0,50,53.35
4.46,235,11,1,0,50,27.97
17.74,394,1,5,0,50,62.4
3.17,279,3,5,0,50,24.0
3.75,94,6,5,0,50,22.23
1.78,93,6,5,0,50,10.8
13.29,182,12,5,0,50,38.37
3.78,289,14,2,0,50,20.58
19.75,457,2,3,0,50,74.07
4.14,411,4,3,0,50,40.27
7.58,514,6,3,0,50,60.28
17.82,593,9,4,0,50,73.77
14.61,382,13,4,0,50,47.93
4.08,74,2,6,0,50,7.57
4.75,121,12,6,0,50,10.8
3.84,234,12,6,0,50,20.83
4.42,221,4,4,0,50,26.35
19.16,575,1,5,0,50,83.57
1.47,112,3,5,0,50,10.33
20.16,491,12,5,0,50,65.18
16.64,496,6,6,0,50,59.33
4.34,233,2,0,0,50,32.35
16.45,198,3,0,0,50,34.67
20.69,843,5,0,0,50,81.13
4.92,263,11,4,0,50,34.25
6.22,667,14,4,0,50,63.5
14.39,135,1,5,0,50,31.5
6.15,418,2,5,0,50,40.53
13.45,583,4,5,0,50,56.47
9.25,840,6,5,0,50,91.07
3.38,221,12,0,0,50,29.03
4.89,359,13,2,0,50,38.45
4.61,331,5,4,0,50,26.42
8.4,586,9,4,0,50,74.75
4.55,324,3,0,0,50,25.02
5.57,245,9,2,0,50,27.05
0.52,79,10,2,0,50,6.23
4.5,187,0,3,0,50,25.15
2.55,5,14,3,0,50,10.92
1.99,6,14,6,0,50,9.22
1.82,21,3,0,0,50,5.92
1.15,7,3,0,0,50,5.48
1.98,19,9,0,0,50,18.77
2.46,10,15,0,0,50,10.2
1.96,9,0,1,0,50,10.73
1.21,10,9,1,0,50,7.65
2.26,10,15,1,0,50,10.25
2.25,12,1,2,0,50,11.15
2.18,12,12,2,0,50,11.32
1.2,8,9,3,0,50,6.08
1.25,7,10,3,0,50,8.2
1.82,7,15,3,0,50,7.6
2.51,26,9,4,0,50,12.73
3.31,21,10,4,0,50,16.42
2.36,14,14,4,0,50,10.68
1.25,7,3,5,0,50,7.27
1.19,6,9,5,0,50,7.25
2.29,7,15,5,0,50,9.23
2.26,14,0,6,0,50,11.0
1.52,11,1,0,0,50,7.8
1.72,24,12,4,0,50,11.83
2.04,26,12,4,0,50,19.5
1.2,10,4,6,0,50,8.43
1.05,12,14,0,0,50,5.3
0.96,20,3,1,0,50,5.82
2.28,19,12,4,0,50,13.37
1.04,5,14,5,0,50,6.02
0.57,10,3,6,0,50,6.4
1.03,14,13,0,0,50,6.4
15.32,25,10,5,0,50,27.48
4.11,11,11,5,0,50,19.45
17.76,19,13,5,0,50,54.53
2.75,27,10,0,0,50,24.1
11.96,46,10,1,0,50,58.55
5.39,36,9,3,0,50,22.7
9.81,26,13,3,0,50,30.57
3.36,42,9,5,0,50,39.17
17.85,39,11,5,0,50,44.15
2.53,12,10,0,0,50,18.43
2.12,8,10,5,0,50,22.6
9.41,9,3,6,0,50,26.08
66.22,26,8,4,0,50,71.97
12.9,12,7,5,0,50,63.5
11.08,1,13,5,0,50,9.92
6.84,4,15,5,0,50,6.67
37.19,38,15,5,0,50,32.12
54.43,29,16,5,0,50,45.12
128.08,62,17,5,0,50,86.98
32.52,8,19,5,0,50,22.43
62.9,80,1,6,0,50,74.03
17.5,9,5,6,0,50,18.88
73.37,27,6,6,0,50,41.27
132.27,93,8,6,0,50,121.0
16.23,4,10,6,0,50,11.82
18.62,21,10,6,0,50,61.15
1.26,5,9,5,0,50,5.2
2.66,0,13,1,0,50,8.53
112.37,19,14,1,0,50,67.13
48.3,24,16,1,0,50,25.12
12.03,8,18,1,0,50,23.28
31.58,4,18,1,0,50,16.88
32.8,8,20,1,0,50,18.57
17.64,1,22,1,0,50,11.17
4.07,6,6,5,0,50,27.28
3.13,6,11,5,0,50,22.78
0.57,191,13,4,0,50,5.12
3.48,189,15,4,0,50,14.15
3.67,530,22,4,0,50,27.3
1.82,163,10,6,0,50,11.97
2.53,216,23,1,0,50,13.33
2.3,214,21,0,0,50,15.88
3.94,194,14,1,0,50,15.08
3.54,572,15,1,0,50,30.05
17.79,124,17,4,0,50,120.23
1.7,8,20,4,0,50,5.17
18.94,26,19,6,0,50,45.02
2.07,11,7,0,0,50,17.52
13.54,72,18,4,0,50,52.83
5.25,7,20,4,0,50,11.5
14.44,76,7,5,0,50,90.18
9.81,17,12,5,0,50,27.72
28.01,37,14,5,0,50,57.25
1.44,28,11,2,0,50,13.33
19.65,5,17,3,0,50,10.9
2.78,33,9,5,0,50,12.42
2.88,20,11,5,0,50,10.98
1.22,40,12,2,0,50,6.48
1.16,29,15,6,0,50,11.37
1.82,43,3,4,0,50,17.17
1.86,45,11,4,0,50,9.85
1.66,21,13,4,0,50,10.48
1.86,45,19,4,0,50,9.85
1.66,21,21,4,0,50,10.48
3.53,70,2,2,0,50,39.53
2.39,3,9,2,0,50,10.07
2.39,3,17,2,0,50,10.07
1.87,11,2,5,0,50,7.15
1.08,4,2,5,0,50,12.68
1.8,14,5,5,0,50,18.45
26.08,17,6,5,0,50,13.62
1.87,11,10,5,0,50,7.15
1.08,4,10,5,0,50,12.68
1.8,14,13,5,0,50,18.45
26.08,17,14,5,0,50,13.62
2.6,13,5,6,0,50,26.85
2.6,13,13,6,0,50,26.85
35.3,65,9,6,0,50,37.57
23.93,30,12,6,0,50,31.63
1.31,73,13,6,0,50,13.27
35.3,65,17,6,0,50,37.57
17.16,30,20,6,0,50,27.63
4.8,118,21,6,0,50,38.35
6.38,46,5,4,0,50,28.45
16.97,44,5,4,0,50,34.67
3.08,3,8,4,0,50,20.2
14.23,30,8,6,0,50,16.18
55.09,59,8,6,0,50,83.5
8.07,16,10,6,0,50,24.53
6.86,9,12,6,0,50,34.88
3.72,131,5,2,0,50,41.32
6.97,4,12,2,0,50,8.28
1.0,27,5,6,0,50,11.77
6.89,72,11,6,0,50,42.8
9.29,79,12,4,0,50,83.77
3.42,31,3,4,0,50,24.9
6.51,220,9,3,0,50,29.23
0.81,88,12,3,0,50,5.6
4.47,501,2,6,0,50,38.3
6.34,27,6,6,0,50,6.8
8.64,333,7,6,0,50,33.07
1.42,87,11,6,0,50,15.38
2.06,67,13,0,0,50,10.92
2.48,66,0,1,0,50,13.92
4.38,188,0,2,0,50,31.0
1.85,46,22,3,0,50,10.25
3.58,70,14,4,0,50,17.5
1.46,32,9,5,0,50,6.17
2.07,73,9,5,0,50,11.77
6.64,486,16,6,0,50,71.08
2.26,46,7,3,0,50,10.75
1.24,55,8,3,0,50,7.67
2.22,32,7,5,0,50,9.92
0.9,64,10,6,0,50,7.42
1.11,94,12,6,0,50,11.42
2.49,54,1,1,0,50,12.25
3.26,68,4,3,0,50,14.17
1.33,113,10,3,0,50,14.33
2.08,28,19,4,0,50,8.5
2.25,93,7,5,0,50,22.75
2.53,32,1,1,0,50,12.75
2.38,37,4,2,0,50,10.25
1.2,88,11,2,0,50,9.42
2.21,41,20,3,0,50,9.33
2.47,55,2,4,0,50,14.0
10.5,284,6,0,0,50,46.15
3.22,134,1,1,0,50,21.75
4.3,58,3,2,0,50,20.75
1.62,89,2,0,0,50,11.42
5.19,97,2,0,0,50,17.42
0.59,37,2,0,0,50,6.17
4.6,140,1,1,0,50,20.0
3.64,111,4,4,0,50,20.08
2.57,142,7,5,0,50,18.92
14.75,104,14,5,0,50,33.5
3.38,218,5,2,0,50,17.48
13.82,573,9,2,0,50,68.58
10.05,346,23,2,0,50,39.08
5.11,223,10,3,0,50,27.67
12.03,369,23,3,0,50,59.63
6.85,433,9,4,0,50,47.33
6.15,95,10,4,0,50,21.57
3.05,59,9,5,0,50,15.42
2.15,330,5,6,0,50,20.0
0.62,99,5,0,0,50,6.48
3.3,168,4,1,0,50,13.73
11.91,391,10,1,0,50,59.27
3.43,190,1,3,0,50,24.37
3.32,156,4,3,0,50,17.55
5.98,237,6,3,0,50,31.43
7.33,305,8,3,0,50,44.93
12.04,519,4,4,0,50,51.68
25.11,739,9,4,0,50,85.42
4.86,207,11,5,0,50,28.22
0.79,87,14,5,0,50,5.72
4.19,211,5,0,0,50,18.02
4.15,256,10,0,0,50,32.72
1.48,49,13,0,0,50,5.75
11.45,417,4,1,0,50,47.85
11.35,424,9,1,0,50,59.88
14.56,104,5,3,0,50,29.33
16.52,205,12,3,0,50,30.45
17.15,166,23,3,0,50,42.83
40.62,266,2,4,0,50,33.8
27.09,110,4,4,0,50,35.27
3.48,448,6,6,0,50,38.4
12.29,279,8,0,0,50,37.22
1.1,16,4,1,0,50,6.18
17.88,698,12,1,0,50,82.67
4.79,122,11,2,0,50,22.8
5.13,283,13,2,0,50,32.07
12.55,427,4,3,0,50,52.6
1.09,111,7,3,0,50,12.75
11.98,428,6,4,0,50,45.4
0.75,79,7,4,0,50,6.92
3.12,85,9,4,0,50,13.57
7.86,226,6,5,0,50,38.78
1.09,173,10,5,0,50,11.33
3.19,28,17,4,0,50,25.32
2.2,9,18,4,0,50,14.8
9.56,70,20,4,0,50,54.53
29.22,92,20,6,0,50,67.57
6.57,19,16,1,0,50,15.2
3.78,28,11,2,0,50,39.48
3.14,18,16,3,0,50,34.68
8.46,41,19,4,0,50,48.3
1.89,11,12,5,0,50,7.68
6.89,64,22,5,0,50,38.32
1.66,11,16,2,0,50,14.22
0.58,20,20,0,0,50,6.38
33.22,27,20,1,0,50,43.18
10.29,129,16,2,0,50,75.62
9.32,116,18,2,0,50,91.03
1.27,6,11,0,0,50,8.5
10.66,45,12,0,0,50,19.13
3.03,24,16,0,0,50,25.23
1.48,6,18,0,0,50,17.58
12.19,32,11,3,0,50,30.08
14.99,32,18,3,0,50,45.08
5.82,19,21,5,0,50,59.45
7.17,2,0,6,0,50,9.0
11.73,12,11,6,0,50,19.53
18.64,118,13,6,0,50,164.87
2.33,16,22,6,0,50,25.53
2.68,15,22,0,0,50,9.92
13.01,21,9,1,0,50,26.92
10.08,14,17,1,0,50,35.57
1.8,39,12,3,0,50,10.0
1.7,33,13,3,0,50,13.48
1.95,13,15,3,0,50,17.98
3.95,9,14,4,0,50,22.15
8.13,59,16,4,0,50,46.93
5.34,48,14,6,0,50,39.13
2.38,51,17,6,0,50,26.28
1.82,53,20,6,0,50,21.33
7.7,48,14,2,0,50,46.77
2.4,8,16,4,0,50,14.13
12.99,63,17,4,0,50,72.45
4.6,56,17,6,0,50,35.03
5.08,56,19,6,0,50,59.3
8.09,75,9,6,0,50,33.28
3.57,6,18,1,0,50,11.75
1.29,4,7,4,0,50,9.75
10.68,61,16,2,0,50,67.25
8.51,44,8,3,0,50,62.98
3.36,5,7,1,0,50,26.18
1.98,7,14,0,0,50,12.82
7.86,57,16,4,0,50,65.75
7.52,71,15,6,0,50,51.53
3.7,48,18,6,0,50,18.65
1.58,39,21,6,0,50,9.1
9.46,81,21,3,0,50,50.9
4.71,48,8,6,0,50,40.05
2.93,6,9,6,0,50,17.2
3.22,17,11,6,0,50,18.32
35.05,41,18,3,0,50,46.62
3.41,26,21,3,0,50,20.43
17.27,128,14,4,0,50,115.5
4.27,40,20,0,0,50,29.15
2.66,23,21,0,0,50,11.65
1.49,46,19,2,0,50,12.13
6.47,14,12,5,0,50,33.12
14.23,98,17,5,0,50,78.35
3.66,28,13,4,0,50,23.98
8.18,46,19,4,0,50,45.93
3.18,13,20,4,0,50,8.1
7.63,39,12,2,0,50,39.12
7.78,56,15,2,0,50,53.87
7.91,35,11,3,0,50,47.23
8.58,90,17,3,0,50,59.03
1.28,9,10,2,0,50,8.78
4.35,44,11,2,0,50,41.07
60.03,250,7,5,0,50,407.43
25.47,44,15,5,0,50,87.77
7.94,11,10,4,0,50,25.12
3.46,30,18,4,0,50,37.15
9.36,40,20,4,0,50,54.17
7.78,51,10,5,0,50,57.65
2.9,12,12,5,0,50,25.05
4.35,27,21,5,0,50,37.05
8.75,104,9,1,0,50,56.15
7.38,38,13,1,0,50,39.9
10.61,25,12,2,0,50,35.07
10.24,40,15,2,0,50,49.27
3.18,51,21,2,0,50,27.53
7.64,40,10,3,0,50,54.15
1.81,20,18,3,0,50,17.67
4.75,15,21,3,0,50,7.33
2.9,49,20,6,0,50,18.27
2.45,19,21,6,0,50,18.63
0.72,17,9,0,0,50,6.77
4.59,11,12,1,0,50,16.47
15.06,167,15,1,0,50,73.67
23.22,19,17,2,0,50,18.72
2.74,21,21,2,0,50,14.32
13.53,51,21,2,0,50,49.1
15.32,50,22,3,0,50,63.02
15.36,28,14,4,0,50,77.67
9.57,76,20,4,0,50,77.42
4.39,19,17,5,0,50,18.05
4.52,64,19,5,0,50,28.95
7.4,34,16,6,0,50,41.75
7.2,95,14,2,0,50,74.42
31.35,52,20,2,0,50,63.13
35.73,107,7,4,0,50,135.77
8.36,8,14,4,0,50,24.03
2.32,25,9,5,0,50,19.23
3.02,48,12,5,0,50,35.15
8.04,66,15,5,0,50,51.98
3.13,32,18,5,0,50,13.85
6.81,42,20,5,0,50,34.32
31.54,82,8,6,0,50,77.37
4.06,2,14,6,0,50,13.9
1.33,13,15,6,0,50,13.85
8.44,58,19,6,0,50,43.92
2.15,12,8,0,0,50,19.05
10.22,38,16,2,0,50,36.58
0.96,26,15,4,0,50,8.57
10.17,41,7,5,0,50,34.58
3.61,39,17,5,0,50,22.15
3.46,20,18,5,0,50,26.07
0.74,28,9,0,0,50,8.23
9.69,105,16,2,0,50,106.88
5.71,47,19,2,0,50,30.47
19.53,85,12,3,0,50,79.28
18.16,153,14,3,0,50,119.23
2.95,33,16,3,0,50,15.45
2.75,24,19,3,0,50,17.62
8.87,19,22,3,0,50,30.83
5.38,59,14,6,0,50,41.92
6.49,51,16,6,0,50,51.07
1.01,2,17,1,0,50,5.8
2.12,62,8,2,0,50,20.63
8.39,66,11,2,0,50,33.55
10.93,18,19,2,0,50,25.9
4.04,28,7,3,0,50,25.0
8.05,11,11,3,0,50,18.55
9.05,15,11,3,0,50,17.62
10.32,39,14,3,0,50,19.7
1.61,18,18,3,0,50,8.52
4.17,149,7,4,0,50,28.08
8.17,53,14,4,0,50,61.92
8.07,44,14,5,0,50,15.42
3.22,242,11,6,0,50,28.85
41.74,113,12,6,0,50,25.63
9.0,119,17,6,0,50,23.35
0.99,61,18,6,0,50,7.83
2.2,46,11,2,0,50,12.2
8.03,397,16,2,0,50,48.95
6.13,412,19,2,0,50,39.93
9.87,772,11,3,0,50,83.53
0.83,140,13,3,0,50,9.3
9.09,225,15,3,0,50,37.8
49.77,664,16,4,0,50,110.67
3.39,508,20,4,0,50,28.35
2.92,179,8,5,0,50,26.65
6.56,450,10,5,0,50,45.15
3.68,169,15,5,0,50,19.87
4.14,144,15,6,0,50,15.47
7.34,604,17,6,0,50,71.95
12.33,4,2,1,0,50,43.45
4.14,16,8,1,0,50,18.8
0.81,14,1,2,0,50,9.58
10.19,44,5,4,0,50,50.68
2.98,24,9,4,0,50,28.53
6.24,30,9,4,0,50,25.77
10.31,16,15,4,0,50,18.6
25.94,85,15,4,0,50,99.18
9.67,14,5,5,0,50,16.98
5.89,49,8,5,0,50,65.93
10.8,15,9,5,0,50,21.0
24.01,65,6,6,0,50,75.32
2.17,6,8,0,0,50,7.62
9.52,32,8,0,0,50,37.28
6.96,19,12,0,0,50,16.6
6.54,23,14,0,0,50,19.73
0.68,5,6,1,0,50,7.93
1.8,21,7,1,0,50,21.6
20.61,64,8,1,0,50,94.4
1.28,32,11,1,0,50,14.92
19.67,35,6,2,0,50,63.38
11.4,27,10,2,0,50,36.87
5.69,40,11,2,0,50,30.85
33.82,51,1,0,0,50,54.98
45.11,84,3,0,0,50,99.32
51.63,134,7,0,0,50,152.02
5.68,16,10,0,0,50,19.17
21.22,27,11,0,0,50,25.0
42.0,30,12,0,0,50,39.6
35.86,31,14,0,0,50,37.88
11.24,22,23,0,0,50,17.82
43.21,77,23,0,0,50,73.47
10.93,20,1,1,0,50,26.43
10.62,21,3,1,0,50,30.42
17.94,43,4,1,0,50,41.63
14.99,37,6,1,0,50,54.15
66.57,141,9,1,0,50,155.82
11.56,12,12,1,0,50,13.9
16.54,18,14,1,0,50,14.82
3.17,12,14,1,0,50,5.92
4.41,11,23,1,0,50,10.67
21.1,33,0,2,0,50,30.1
8.7,16,1,2,0,50,46.8
1.81,12,2,2,0,50,6.47
21.19,13,2,2,0,50,38.95
9.44,21,4,2,0,50,20.9
4.22,19,5,2,0,50,20.35
10.93,24,7,2,0,50,16.7
36.7,70,11,2,0,50,74.47
27.53,32,12,2,0,50,43.87
1.42,8,12,5,0,50,14.22
8.57,46,0,6,0,50,87.88
6.29,6,23,2,0,50,16.27
142.04,114,0,3,0,50,232.08
0.94,4,14,5,0,50,5.32
17.79,124,17,4,0,50,120.23
1.7,8,20,4,0,50,5.17
18.94,26,19,6,0,50,45.02
2.07,11,7,0,0,50,17.52
2.45,5,12,1,0,50,12.3
29.82,55,16,2,0,50,28.75
6.9,55,11,5,0,50,31.27
6.22,36,14,5,0,50,47.23
1.31,7,19,5,0,50,8.7
4.83,26,14,4,0,50,20.73
23.41,16,16,4,0,50,24.22
8.65,55,16,4,0,50,55.63
2.72,25,13,2,0,50,17.53
3.66,18,15,2,0,50,35.18
0.87,47,17,5,0,50,8.43
15.05,127,11,5,0,50,54.42
33.98,58,10,0,0,50,49.9
61.6,49,8,4,0,50,123.88
78.49,57,16,4,0,50,122.95
6.0,53,15,5,0,50,31.4
1.59,16,17,5,0,50,13.5
2.02,24,18,5,0,50,10.85
3.85,28,20,5,0,50,18.57
3.29,11,8,2,0,50,13.92
12.69,91,13,2,0,50,75.53
12.64,88,15,2,0,50,86.93
4.07,84,0,3,0,50,19.58
5.04,96,9,3,0,50,35.72
12.73,17,15,4,0,50,19.4
5.97,25,3,5,0,50,20.77
61.81,193,0,6,0,50,247.25
10.86,71,5,6,0,50,28.77
41.79,104,6,6,0,50,149.1
11.41,7,10,6,0,50,18.2
12.58,19,14,0,0,50,29.45
0.73,7,2,1,0,50,7.47
5.8,8,14,1,0,50,7.88
11.08,25,0,2,0,50,46.93
11.07,29,13,2,0,50,40.6
12.87,38,0,3,0,50,71.22
2.54,5,13,3,0,50,7.07
6.76,12,1,4,0,50,26.63
50.41,201,1,5,0,50,186.85
5.5,9,11,5,0,50,7.93
8.45,7,14,0,0,50,11.23
1.46,6,6,4,0,50,5.53
13.45,47,23,4,0,50,38.12
20.39,61,0,5,0,50,78.1
34.44,157,1,5,0,50,105.8
12.57,47,3,5,0,50,41.93
8.61,35,6,5,0,50,20.28
10.68,10,9,6,0,50,18.28
79.84,262,0,5,0,50,105.22
165.7,425,1,5,0,50,213.23
22.16,43,0,6,0,50,36.05
28.81,26,2,6,0,50,32.27
13.27,15,4,6,0,50,19.43
90.42,145,6,6,0,50,128.77
2.62,8,14,4,0,50,25.57
1.25,8,2,5,0,50,11.18
3.23,5,0,2,0,50,11.0
1.63,2,4,2,0,50,8.37
4.5,15,10,2,0,50,26.8
36.03,73,2,4,0,50,80.28
29.29,79,4,4,0,50,57.43
46.64,85,5,4,0,50,229.85
9.03,9,0,5,0,50,11.17
1.56,0,1,5,0,50,6.13
6.56,10,4,5,0,50,32.3
2.73,35,10,5,0,50,19.5
33.23,27,23,5,0,50,98.58
5.85,20,1,6,0,50,23.45
67.97,191,2,6,0,50,376.05
7.94,0,9,6,0,50,18.65
10.23,1,10,6,0,50,38.45
4.91,2,11,6,0,50,21.3
5.41,5,11,6,0,50,23.97
4.49,0,0,0,0,50,15.58
3.19,0,1,0,0,50,14.12
1.09,0,1,0,0,50,9.48
2.32,0,2,0,0,50,6.9
10.86,1,3,0,0,50,42.8
2.1,0,5,0,0,50,8.25
8.12,2,5,0,0,50,33.57
7.58,5,8,0,0,50,33.67
30.5,37,9,0,0,50,157.02
9.73,15,12,0,0,50,50.6
14.3,29,1,1,0,50,62.62
5.95,11,3,1,0,50,24.53
29.03,39,4,1,0,50,132.17
20.77,19,7,1,0,50,79.32
12.3,27,9,1,0,50,61.45
56.36,33,1,2,0,50,199.27
32.88,45,5,2,0,50,142.1
1.42,2,12,2,0,50,5.32
33.97,36,0,3,0,50,158.42
10.5,73,3,3,0,50,124.17
46.28,77,5,3,0,50,210.73
10.61,4,9,3,0,50,31.53
13.52,0,10,3,0,50,43.97
18.26,26,0,4,0,50,88.28
70.07,205,2,4,0,50,336.28
1.19,6,8,4,0,50,7.43
47.16,41,1,5,0,50,130.53
23.66,6,4,5,0,50,58.98
37.69,70,5,5,0,50,95.68
50.31,39,7,5,0,50,143.53
49.91,68,10,5,0,50,161.02
5.61,21,3,6,0,50,44.17
25.92,144,4,6,0,50,120.07
30.38,55,6,6,0,50,157.8
42.98,40,9,6,0,50,153.33
70.06,69,1,0,0,50,312.58
34.54,80,8,0,0,50,164.0
47.04,58,0,1,0,50,165.42
8.85,9,3,1,0,50,27.92
6.1,10,4,1,0,50,24.97
1.39,14,5,1,0,50,6.72
28.6,64,6,1,0,50,123.08
19.31,33,8,1,0,50,61.68
2.41,18,10,1,0,50,16.98
76.51,286,0,2,0,50,268.28
25.39,109,4,2,0,50,118.75
31.5,104,7,2,0,50,124.88
24.13,72,9,2,0,50,134.58
3.98,24,12,2,0,50,25.83
103.26,98,0,3,0,50,319.2
1.59,9,5,3,0,50,18.75
68.12,51,6,3,0,50,224.83
3.52,12,10,5,0,50,8.97
11.52,48,22,5,0,50,46.52
5.02,151,12,1,0,50,53.77
20.21,216,13,5,0,50,195.65
24.07,192,18,5,0,50,117.27
7.18,78,17,1,0,50,74.27
4.93,87,20,1,0,50,41.07
8.27,59,17,2,0,50,85.6
34.8,254,13,5,0,50,270.43
2.81,8,19,5,0,50,6.05
4.39,28,19,5,0,50,16.58
54.79,212,12,0,0,50,264.53
3.51,37,17,0,0,50,40.3
13.16,61,19,0,0,50,60.1
2.15,19,20,0,0,50,14.73
1.15,31,13,2,0,50,13.33
2.91,55,20,4,0,50,19.55
3.97,62,20,4,0,50,36.72
7.87,86,21,4,0,50,77.9
0.78,24,23,4,0,50,9.07
5.14,26,14,6,0,50,33.62
1.07,36,12,0,0,50,10.2
5.89,9,22,0,0,50,31.3
5.37,5,13,1,0,50,12.52
4.74,35,13,3,0,50,29.22
2.31,40,13,1,0,50,7.22
8.63,55,8,4,0,50,23.58
6.17,20,0,5,0,50,31.0
10.4,15,13,5,0,50,12.5
5.73,13,19,6,0,50,18.43
0.79,22,20,6,0,50,5.35
2.79,59,9,0,0,50,15.88
2.37,10,13,0,0,50,8.73
2.09,4,23,0,0,50,10.0
2.5,39,9,1,0,50,14.53
3.51,111,13,1,0,50,31.53
1.57,173,18,2,0,50,12.2
1.58,160,10,3,0,50,10.53
1.47,114,1,4,0,50,8.32
0.5,53,3,4,0,50,5.15
1.52,215,1,0,0,50,12.52
1.51,183,8,0,0,50,11.32
4.11,58,12,0,0,50,10.77
1.53,161,2,2,0,50,11.82
1.77,246,1,4,0,50,17.5
0.51,76,8,4,0,50,5.13
5.88,73,21,4,0,50,8.08
1.09,127,19,6,0,50,7.95
1.23,137,1,0,0,50,9.33
1.53,157,23,0,0,50,12.17
1.39,228,16,1,0,50,15.78
1.67,167,2,2,0,50,12.07
2.44,296,9,2,0,50,21.62
1.31,215,0,3,0,50,12.33
0.73,81,2,4,0,50,5.77
2.87,358,7,5,0,50,33.27
10.73,77,7,5,0,50,11.2
2.04,118,17,5,0,50,16.0
10.78,249,1,6,0,50,35.05
1.24,152,5,6,0,50,11.97
1.29,188,2,0,0,50,10.3
0.95,57,17,0,0,50,9.52
0.91,136,11,1,0,50,9.72
2.61,126,17,1,0,50,26.88
1.3,240,2,2,0,50,12.4
0.79,49,1,3,0,50,5.88
1.34,182,15,3,0,50,12.82
2.32,171,13,4,0,50,13.35
10.08,687,0,5,0,50,110.57
8.78,741,10,5,0,50,61.97
1.87,309,14,6,0,50,19.6
1.23,181,1,0,0,50,11.25
2.82,163,1,2,0,50,10.73
1.82,243,15,2,0,50,15.7
1.61,245,1,4,0,50,11.83
27.67,495,6,4,0,50,99.53
25.33,188,11,4,0,50,51.5
4.02,165,17,4,0,50,12.08
0.9,148,3,5,0,50,9.92
1.21,143,16,5,0,50,10.13
1.3,224,15,6,0,50,12.63
1.51,231,15,0,0,50,15.53
1.36,215,1,1,0,50,15.62
1.76,197,15,1,0,50,10.32
1.27,159,1,4,0,50,10.7
1.65,222,17,4,0,50,11.2
1.18,180,1,5,0,50,10.28
11.86,363,0,6,0,50,47.48
13.21,400,4,6,0,50,53.05
1.17,85,1,0,0,50,12.27
1.43,268,11,0,0,50,16.53
1.38,212,15,0,0,50,14.27
1.76,94,1,1,0,50,10.03
1.21,195,15,1,0,50,12.37
1.21,198,1,2,0,50,11.68
1.3,255,16,2,0,50,14.18
1.28,210,1,3,0,50,14.7
2.18,184,18,3,0,50,12.68
1.23,162,16,4,0,50,10.17
13.14,451,0,6,0,50,52.77
10.88,400,6,6,0,50,44.3
1.32,193,16,0,0,50,11.52
1.37,183,1,1,0,50,12.47
1.31,263,15,1,0,50,14.5
1.16,182,1,2,0,50,12.1
1.12,174,16,3,0,50,11.3
1.41,114,23,3,0,50,10.77
20.35,37,23,3,0,50,26.73
24.69,514,8,4,0,50,68.32
13.33,556,9,4,0,50,56.75
1.87,302,12,4,0,50,19.18
1.3,230,16,5,0,50,12.02
3.23,92,0,6,0,50,16.35
1.52,130,1,6,0,50,9.35
12.25,309,4,6,0,50,49.08
0.84,120,5,6,0,50,7.92
2.21,206,6,6,0,50,21.77
6.13,276,7,6,0,50,25.78
2.89,291,15,1,0,50,15.6
1.74,222,17,2,0,50,10.95
1.61,120,3,3,0,50,11.72
1.24,191,16,3,0,50,11.32
10.95,998,10,4,0,50,76.58
4.38,415,13,5,0,50,36.35
1.03,134,16,5,0,50,8.08
1.77,84,0,6,0,50,16.47
6.39,338,1,6,0,50,31.2
9.11,247,4,6,0,50,32.07
1.38,201,16,6,0,50,12.08
3.74,76,1,0,0,50,12.62
1.47,252,16,0,0,50,13.5
6.24,776,5,1,0,50,58.32
4.3,53,6,1,0,50,10.1
25.37,62,7,1,0,50,28.98
32.84,531,7,1,0,50,45.43
18.11,8,12,1,0,50,15.42
13.3,204,12,1,0,50,27.58
1.29,193,19,1,0,50,10.93
1.43,214,2,2,0,50,14.23
1.37,269,16,2,0,50,15.23
1.38,205,1,3,0,50,12.82
1.23,206,15,3,0,50,12.2
1.38,160,2,4,0,50,12.13
1.45,200,17,4,0,50,12.0
2.07,195,5,5,0,50,13.15
0.84,107,6,5,0,50,7.03
2.33,176,16,5,0,50,11.88
0.87,74,1,6,0,50,6.57
3.11,428,11,6,0,50,28.05
9.74,336,11,6,0,50,40.62
1.62,171,17,6,0,50,11.43
1.16,173,2,0,0,50,12.35
1.2,172,16,0,0,50,10.83
1.11,196,16,1,0,50,11.15
1.02,198,1,2,0,50,11.48
2.34,105,17,2,0,50,12.07
1.33,140,2,3,0,50,11.43
0.94,85,9,3,0,50,7.92
1.88,160,10,3,0,50,13.23
3.75,285,11,3,0,50,29.27
0.71,79,12,3,0,50,5.12
4.31,222,14,3,0,50,27.33
1.55,246,2,4,0,50,13.88
11.1,503,0,6,0,50,51.95
9.05,271,7,6,0,50,32.75
1.43,230,16,6,0,50,14.15
3.06,274,12,1,0,50,19.03
2.88,460,14,1,0,50,27.32
2.24,179,16,1,0,50,13.77
5.05,485,2,2,0,50,31.62
1.46,225,11,2,0,50,14.42
3.18,585,15,2,0,50,30.82
1.25,114,1,3,0,50,13.32
1.52,255,1,4,0,50,15.88
16.22,159,10,0,0,50,46.33
17.23,126,10,2,0,50,45.75
19.63,185,23,2,0,50,52.33
17.32,211,10,3,0,50,57.83
19.54,188,0,4,0,50,49.75
16.64,95,13,4,0,50,34.08
16.79,151,0,0,0,50,39.42
17.34,151,10,0,0,50,44.92
15.89,146,0,1,0,50,37.52
17.05,175,10,1,0,50,56.75
19.6,182,0,2,0,50,51.0
17.15,183,10,2,0,50,54.33
18.98,237,0,3,0,50,56.08
19.76,243,0,0,0,50,57.75
17.3,146,10,0,0,50,47.92
16.91,212,0,1,0,50,47.92
17.26,139,10,1,0,50,49.83
17.95,194,0,2,0,50,47.35
17.37,193,9,2,0,50,57.75
18.81,229,0,3,0,50,52.58
17.87,254,10,3,0,50,62.85
20.41,170,0,4,0,50,48.25
16.1,79,11,4,0,50,29.83
16.87,51,23,4,0,50,22.08
18.65,242,0,0,0,50,59.83
17.36,263,10,0,0,50,65.0
19.49,154,23,0,0,50,44.17
16.97,213,10,1,0,50,60.67
19.58,146,23,1,0,50,52.83
17.05,105,10,2,0,50,37.92
19.65,199,0,3,0,50,51.42
17.43,157,10,3,0,50,47.77
16.35,36,5,4,0,50,99.47
16.48,114,13,0,0,50,28.07
17.84,172,2,1,0,50,34.87
16.82,90,12,0,0,50,33.33
17.22,123,0,1,0,50,39.25
16.91,117,13,1,0,50,32.67
17.71,112,1,2,0,50,38.08
16.81,105,12,2,0,50,31.58
22.79,111,1,3,0,50,41.67
17.59,71,1,4,0,50,27.25
16.89,65,15,4,0,50,23.17
17.07,145,5,5,0,50,44.92
25.81,70,10,5,0,50,30.25
16.82,81,12,2,0,50,31.92
22.39,89,1,3,0,50,35.92
16.78,80,14,3,0,50,26.42
17.32,168,1,4,0,50,39.67
20.83,53,13,4,0,50,26.58
19.92,86,6,5,0,50,30.5
21.42,103,10,5,0,50,34.42
17.75,134,1,0,0,50,35.75
17.34,69,13,0,0,50,23.92
20.83,88,0,1,0,50,35.75
20.96,79,13,1,0,50,26.17
17.28,181,0,2,0,50,46.17
32.39,26,10,2,0,50,76.85
17.25,30,1,3,0,50,43.98
11.78,14,10,4,0,50,57.58
33.04,12,1,6,0,50,35.95
38.89,24,8,6,0,50,49.85
38.41,45,0,0,0,50,82.07
32.42,35,11,0,0,50,52.35
38.07,45,0,1,0,50,76.75
33.2,17,10,1,0,50,58.78
32.65,33,0,2,0,50,53.02
1.73,7,1,2,0,50,8.27
17.91,13,15,2,0,50,19.13
39.06,41,2,3,0,50,46.98
19.72,23,12,3,0,50,29.35
38.94,42,0,4,0,50,73.52
2.01,4,8,4,0,50,14.82
36.28,20,1,5,0,50,49.67
18.13,15,2,5,0,50,36.12
10.96,9,4,5,0,50,13.88
12.63,25,3,6,0,50,28.87
37.06,45,23,6,0,50,88.07
23.63,10,10,0,0,50,36.33
36.7,48,0,1,0,50,71.17
26.19,18,11,1,0,50,51.73
38.86,54,23,1,0,50,82.08
1.65,3,11,2,0,50,16.07
4.29,15,14,2,0,50,20.98
15.19,21,0,4,0,50,28.72
2.72,6,0,5,0,50,21.25
11.95,31,4,5,0,50,24.1
4.2,3,6,5,0,50,6.12
5.26,7,6,5,0,50,9.88
5.62,18,7,5,0,50,46.48
9.14,33,9,5,0,50,65.0
16.84,22,12,2,0,50,41.83
18.34,76,17,2,0,50,66.78
35.46,36,10,2,0,50,70.1
19.68,24,23,2,0,50,29.3
19.46,6,1,4,0,50,53.68
17.42,17,3,5,0,50,22.33
1.16,11,6,5,0,50,7.82
18.31,20,8,5,0,50,38.47
4.68,15,9,5,0,50,15.32
26.87,28,10,0,0,50,40.57
31.03,23,23,0,0,50,42.3
2.04,10,0,1,0,50,8.03
30.28,16,13,1,0,50,30.22
38.68,42,23,1,0,50,62.83
36.54,33,0,3,0,50,100.53
9.71,18,0,4,0,50,23.07
3.08,3,14,1,0,50,9.4
7.02,3,16,1,0,50,21.93
31.84,9,22,1,0,50,31.43
37.58,15,7,2,0,50,70.57
6.59,2,18,2,0,50,16.37
19.99,2,18,2,0,50,35.68
37.38,17,9,3,0,50,60.43
34.42,15,11,4,0,50,55.55
25.98,8,18,4,0,50,57.18
37.72,25,7,0,0,50,106.8
39.64,35,23,1,0,50,116.25
276.88,226,0,3,0,50,250.02
1.85,24,4,3,0,50,5.15
8.95,51,7,3,0,50,30.28
276.7,246,7,3,0,50,215.72
6.21,50,12,3,0,50,11.48
38.46,104,23,6,0,50,60.93
32.38,181,23,0,0,50,65.17
27.37,94,1,2,0,50,57.28
35.12,126,10,2,0,50,66.48
38.66,201,23,2,0,50,83.23
35.04,113,10,3,0,50,62.77
39.08,109,23,3,0,50,54.15
4.14,37,0,0,0,50,8.72
39.29,151,23,0,0,50,68.72
37.54,327,10,1,0,50,70.13
40.15,146,23,1,0,50,69.6
37.15,203,10,2,0,50,91.45
38.87,196,22,2,0,50,53.23
35.81,153,10,3,0,50,67.23
39.49,129,23,3,0,50,63.78
16.28,156,5,4,0,50,32.17
16.1,476,9,4,0,50,50.07
40.17,133,22,1,0,50,61.7
33.34,58,10,2,0,50,47.57
39.46,92,23,2,0,50,55.83
2.7,24,12,3,0,50,6.03
38.26,209,23,3,0,50,84.13
9.54,41,11,4,0,50,13.7
38.79,123,23,6,0,50,77.22
32.84,84,22,1,0,50,56.28
36.94,76,9,2,0,50,57.82
31.07,91,23,2,0,50,61.55
41.36,72,10,3,0,50,61.3
38.91,121,23,3,0,50,63.48
37.14,158,9,4,0,50,76.5
36.37,74,23,6,0,50,58.32
26.28,24,13,0,0,50,24.25
38.63,112,22,0,0,50,66.73
12.82,40,10,1,0,50,17.2
39.1,80,23,1,0,50,54.97
37.31,118,10,2,0,50,53.65
30.82,42,22,2,0,50,42.87
37.38,134,10,3,0,50,66.6
31.82,66,22,3,0,50,51.83
36.99,322,10,4,0,50,81.73
39.03,96,22,0,0,50,56.48
21.8,33,13,1,0,50,22.38
39.49,97,23,1,0,50,54.55
25.41,59,10,2,0,50,41.17
38.29,84,23,2,0,50,61.98
4.87,65,3,3,0,50,14.97
7.37,61,5,3,0,50,16.88
40.06,104,22,6,0,50,65.65
2.48,25,11,1,0,50,6.22
38.56,96,23,1,0,50,57.8
15.49,147,10,2,0,50,40.92
32.22,78,22,2,0,50,50.08
36.66,85,9,3,0,50,68.93
38.4,72,23,3,0,50,47.52
37.31,117,10,4,0,50,68.97
40.03,74,22,6,0,50,51.65
2.82,29,10,0,0,50,12.15
33.33,48,13,0,0,50,37.22
29.69,40,2,1,0,50,35.63
37.13,129,10,1,0,50,59.68
39.28,84,23,1,0,50,49.2
36.99,70,10,2,0,50,60.68
32.8,62,1,3,0,50,45.33
37.26,100,10,3,0,50,82.97
33.16,47,22,3,0,50,46.23
2.63,60,12,4,0,50,13.8
36.85,38,11,5,0,50,38.42
33.34,51,13,5,0,50,38.35
41.39,225,23,6,0,50,116.73
32.89,54,12,0,0,50,42.35
29.76,36,3,1,0,50,35.2
33.0,58,22,1,0,50,48.25
9.33,25,12,2,0,50,11.58
33.12,73,22,2,0,50,51.17
23.4,168,3,4,0,50,40.48
33.54,106,13,4,0,50,47.98
30.86,87,23,6,0,50,68.23
2.81,49,10,0,0,50,20.05
33.43,63,13,0,0,50,37.4
30.91,56,23,0,0,50,47.5
33.22,59,20,1,0,50,36.7
30.97,44,7,2,0,50,43.57
40.61,102,7,3,0,50,58.75
21.88,25,21,3,0,50,23.2
32.68,47,6,4,0,50,46.88
33.17,52,21,4,0,50,40.17
32.58,32,10,6,0,50,35.27
14.14,23,18,6,0,50,19.48
20.94,45,19,6,0,50,25.17
33.17,63,6,0,0,50,52.72
32.88,51,11,1,0,50,41.62
2.72,24,18,1,0,50,12.9
13.75,33,21,1,0,50,15.8
34.88,104,7,2,0,50,64.05
32.72,51,6,3,0,50,40.17
19.16,35,21,3,0,50,20.43
32.91,98,10,4,0,50,50.2
5.99,138,13,5,0,50,35.47
3.97,105,18,5,0,50,12.03
29.6,16,19,6,0,50,29.83
4.09,313,21,6,0,50,23.97
11.44,92,23,6,0,50,28.83
14.09,116,15,1,0,50,36.85
1.58,54,1,2,0,50,9.83
8.94,26,15,0,0,50,10.25
0.63,29,15,0,0,50,5.85
3.77,16,4,6,0,50,6.63
32.45,50,15,6,0,50,32.97
33.15,59,15,4,0,50,32.67
26.52,138,5,5,0,50,57.18
26.04,91,8,5,0,50,42.72
37.53,59,16,6,0,50,35.07
1.7,158,14,0,0,50,19.6
2.06,101,2,2,0,50,9.38
16.33,14,9,5,0,50,14.2
32.48,53,1,0,0,50,34.03
15.82,32,15,0,0,50,17.4
4.7,100,10,1,0,50,12.1
562.41,80,16,4,0,50,297.07
7.59,0,21,4,0,50,6.0
9.36,105,0,5,0,50,18.52
21.37,115,1,5,0,50,28.4
0.76,109,3,5,0,50,7.28
2.5,20,7,5,0,50,8.13
4.82,33,8,5,0,50,12.2
35.87,41,10,5,0,50,38.92
41.0,77,23,6,0,50,72.9
11.53,147,0,1,0,50,30.98
1.77,23,3,1,0,50,5.12
12.71,112,0,2,0,50,29.25
21.55,141,1,2,0,50,49.43
32.41,23,13,2,0,50,29.12
14.23,110,0,3,0,50,29.38
27.94,69,1,3,0,50,32.72
36.35,100,11,3,0,50,42.75
30.43,31,2,5,0,50,45.18
2.83,259,9,1,0,50,15.1
3.37,243,9,2,0,50,24.17
2.86,181,9,4,0,50,17.75
0.97,4,12,3,0,50,6.9
14.99,22,14,4,0,50,39.47
15.37,28,1,0,0,50,30.35
9.76,16,11,2,0,50,18.02
3.32,12,2,4,0,50,8.42
0.61,13,15,4,0,50,6.48
3.45,10,2,2,0,50,13.05
1.07,9,11,2,0,50,10.07
7.66,32,17,5,0,50,40.73
35.9,63,20,5,0,50,73.37
8.04,14,23,5,0,50,20.77
44.1,53,16,5,0,50,51.35
128.74,211,17,5,0,50,173.65
14.15,89,21,5,0,50,21.85
38.12,172,23,5,0,50,79.67
46.71,94,1,6,0,50,54.97
61.57,60,2,6,0,50,50.1
41.36,57,6,6,0,50,40.57
18.84,24,17,6,0,50,22.03
1.23,37,14,0,0,50,5.83
2.75,89,0,1,0,50,17.25
19.78,453,1,1,0,50,89.75
19.36,160,4,1,0,50,38.25
6.61,346,10,1,0,50,70.5
2.81,94,1,2,0,50,14.92
6.84,154,9,2,0,50,25.92
7.89,505,13,2,0,50,81.92
3.41,110,0,3,0,50,18.1
16.45,326,3,3,0,50,72.58
2.56,80,0,4,0,50,11.08
4.91,200,8,4,0,50,33.7
28.6,1063,3,5,0,50,175.3
2.81,121,0,0,0,50,18.17
18.63,367,3,0,0,50,79.5
24.96,294,5,0,0,50,64.92
24.04,552,9,0,0,50,106.38
17.55,259,15,0,0,50,50.25
4.52,72,0,2,0,50,21.08
3.26,108,1,2,0,50,32.0
4.65,70,9,2,0,50,15.58
2.9,104,10,2,0,50,16.75
2.32,38,0,3,0,50,6.92
3.05,146,1,3,0,50,20.33
11.33,500,1,3,0,50,66.28
4.17,85,1,4,0,50,23.0
7.03,155,2,4,0,50,34.42
7.25,118,5,1,0,50,26.17
2.13,85,7,2,0,50,19.75
2.1,91,5,3,0,50,12.35
5.34,81,8,5,0,50,13.37
2.65,117,12,5,0,50,31.67
6.12,245,13,5,0,50,42.6
2.16,63,14,5,0,50,9.22
4.5,110,0,6,0,50,19.32
1.95,45,1,6,0,50,10.2
3.53,162,11,0,0,50,35.33
0.93,79,1,1,0,50,10.22
5.93,102,23,3,0,50,22.6
1.16,50,0,4,0,50,11.8
0.9,51,2,4,0,50,8.03
2.07,185,3,4,0,50,20.15
6.0,272,9,4,0,50,43.38
10.0,523,15,4,0,50,94.77
2.03,5,17,4,0,50,10.03
4.16,95,4,1,0,50,14.15
3.27,168,5,1,0,50,26.57
20.41,526,9,1,0,50,103.62
2.65,194,12,1,0,50,24.93
5.64,255,13,1,0,50,42.0
10.61,74,2,4,0,50,15.9
8.02,147,5,4,0,50,24.45
5.75,227,3,6,0,50,31.62
4.32,79,5,6,0,50,19.37
4.2,151,6,6,0,50,24.53
26.29,621,9,6,0,50,101.62
0.76,73,12,6,0,50,7.37
6.68,115,0,0,0,50,23.22
3.57,205,4,0,0,50,37.08
3.58,170,5,0,0,50,24.78
2.45,93,10,0,0,50,15.95
6.18,148,12,0,0,50,20.18
4.17,83,1,1,0,50,13.25
9.35,125,9,1,0,50,21.13
1.94,216,11,1,0,50,16.9
1.13,51,12,1,0,50,5.32
4.93,169,15,1,0,50,34.15
2.71,104,0,3,0,50,16.42
1.28,89,1,3,0,50,10.57
3.04,109,4,3,0,50,13.87
3.28,113,5,3,0,50,16.97
3.58,172,9,3,0,50,35.6
3.1,90,1,4,0,50,17.37
3.81,201,3,4,0,50,37.32
3.08,159,5,4,0,50,22.78
3.53,165,10,4,0,50,23.98
1.83,64,5,5,0,50,9.12
4.91,92,4,6,0,50,13.33
3.48,181,10,6,0,50,27.75
10.21,198,23,6,0,50,48.12
5.53,119,7,0,0,50,18.73
7.45,152,12,0,0,50,23.03
10.58,327,23,0,0,50,56.55
7.22,146,0,1,0,50,28.82
8.83,249,1,1,0,50,49.35
15.8,807,5,1,0,50,127.17
4.87,199,11,1,0,50,24.33
2.63,65,4,2,0,50,15.17
3.04,112,5,2,0,50,17.6
1.14,55,11,2,0,50,8.88
7.21,215,0,3,0,50,42.47
17.88,1018,2,3,0,50,170.67
8.27,584,6,6,0,50,90.18
3.07,125,0,0,0,50,18.82
11.47,766,4,0,0,50,103.58
0.61,50,11,1,0,50,6.67
0.75,59,2,2,0,50,7.2
1.08,73,7,2,0,50,9.13
4.51,131,8,2,0,50,22.75
4.92,155,12,2,0,50,24.32
8.89,266,0,3,0,50,42.12
2.31,143,0,5,0,50,14.47
3.58,270,5,5,0,50,39.75
4.72,202,13,5,0,50,26.62
18.67,301,7,1,0,50,51.63
6.64,386,7,1,0,50,57.12
3.52,72,4,6,0,50,15.67
2.42,140,10,6,0,50,19.75
3.69,288,5,0,0,50,36.77
6.15,378,12,0,0,50,47.0
2.24,152,13,0,0,50,22.12
163.32,220,7,5,0,50,167.47
242.43,459,10,5,0,50,310.8
4.44,82,20,5,0,50,14.37
26.51,369,6,6,0,50,94.98
10.09,427,8,6,0,50,91.97
4.82,90,9,6,0,50,15.17
11.4,572,10,6,0,50,95.82
3.81,75,10,0,0,50,14.25
5.8,222,11,0,0,50,39.1
12.03,396,15,3,0,50,69.58
1.24,116,18,3,0,50,14.5
6.02,101,20,4,0,50,15.82
5.84,167,11,6,0,50,32.75
2.06,140,21,6,0,50,20.92
9.11,506,17,5,0,50,58.35
11.01,811,21,5,0,50,100.32
1.23,126,16,6,0,50,12.77
6.51,670,5,0,0,50,76.63
22.71,696,9,3,0,50,109.62
20.68,1432,13,3,0,50,213.5
3.36,253,17,3,0,50,32.12
6.95,293,16,5,0,50,50.37
20.42,1499,23,5,0,50,209.47
6.37,99,13,1,0,50,12.75
13.47,175,14,1,0,50,30.98
0.91,99,15,1,0,50,9.83
5.32,171,16,1,0,50,26.95
3.53,192,16,1,0,50,27.33
17.79,333,21,1,0,50,54.38
4.26,266,22,1,0,50,44.13
10.14,562,18,2,0,50,89.58
2.24,136,23,2,0,50,16.17
4.92,261,20,4,0,50,32.4
8.49,212,12,6,0,50,32.08
1.65,88,13,6,0,50,10.05
2.55,123,14,6,0,50,18.22
18.72,867,18,6,0,50,128.82
130.26,105,13,2,0,50,118.77
96.54,296,15,2,0,50,113.23
12.67,972,17,3,0,50,151.12
3.24,141,20,3,0,50,16.52
3.54,155,9,6,0,50,19.42
10.28,382,10,6,0,50,47.55
4.28,169,7,1,0,50,21.87
18.72,990,16,1,0,50,156.78
3.93,287,13,3,0,50,29.3
13.7,171,10,5,0,50,41.0
3.79,163,18,5,0,50,40.58
5.73,459,13,0,0,50,66.65
13.73,812,15,0,0,50,147.3
34.01,175,15,2,0,50,62.0
8.48,353,19,3,0,50,67.83
11.92,689,21,3,0,50,137.33
3.07,95,8,6,0,50,21.25
1.65,97,11,6,0,50,16.37
6.48,154,15,6,0,50,38.13
840.11,1261,20,1,0,50,640.22
188.69,39,8,2,0,50,124.62
5.78,54,12,2,0,50,9.65
4.89,153,23,2,0,50,15.18
505.73,179,0,3,0,50,349.32
18.99,151,6,3,0,50,22.43
613.56,210,7,3,0,50,409.45
145.95,18,14,3,0,50,95.13
279.31,7,16,3,0,50,172.37
13.0,502,19,3,0,50,27.58
46.24,31,20,3,0,50,44.58
45.14,55,23,3,0,50,50.4
12.66,545,1,4,0,50,36.47
4.23,835,3,4,0,50,46.2
25.9,298,5,4,0,50,37.58
2.76,291,7,4,0,50,18.43
6.26,302,9,4,0,50,38.1
15.2,2,10,4,0,50,10.57
2.74,291,15,4,0,50,18.42
6.26,302,17,4,0,50,38.08
15.18,1,18,4,0,50,10.55
12.56,438,22,4,0,50,28.65
9.59,3,23,6,0,50,5.08
6.47,145,1,0,0,50,15.45
5.88,22,11,0,0,50,9.0
5.09,119,11,0,0,50,12.8
19.19,169,12,0,0,50,36.05
14.03,304,23,0,0,50,39.8
6.1,119,0,1,0,50,13.7
4.6,76,10,1,0,50,13.63
5.06,78,10,1,0,50,12.8
11.41,25,11,1,0,50,16.67
3.69,32,10,4,0,50,22.92
4.39,48,0,5,0,50,29.17
3.89,36,7,5,0,50,32.5
3.77,37,13,5,0,50,23.45
16.51,56,2,6,0,50,63.58
4.94,227,15,3,0,50,31.22
12.61,549,1,4,0,50,77.45
15.38,995,5,4,0,50,105.55
24.47,463,8,4,0,50,83.62
15.73,418,12,4,0,50,45.17
8.81,1241,14,4,0,50,86.8
1.97,133,2,5,0,50,12.08
20.75,722,3,5,0,50,81.83
4.43,216,0,4,0,50,24.3
26.81,112,6,4,0,50,50.23
5.66,454,14,4,0,50,39.85
4.89,601,13,5,0,50,44.27
4.28,170,4,0,0,50,23.28
4.13,249,4,0,0,50,23.57
2.82,161,4,1,0,50,16.28
2.44,61,4,3,0,50,7.33
1.93,61,5,3,0,50,8.92
4.83,278,9,5,0,50,25.87
1.81,263,12,5,0,50,19.73
4.31,271,1,6,0,50,27.92
8.98,650,23,3,0,50,64.73
6.35,107,6,5,0,50,23.55
9.44,293,13,5,0,50,33.02
5.2,140,4,6,0,50,22.53
2.96,179,5,6,0,50,18.17
4.68,139,6,6,0,50,14.13
14.51,260,0,2,0,50,42.03
7.9,355,10,2,0,50,39.8
4.15,155,15,2,0,50,16.72
6.16,448,23,2,0,50,41.48
3.52,91,14,3,0,50,14.68
7.39,266,23,3,0,50,43.92
3.68,148,3,4,0,50,16.6
1.83,78,12,1,0,50,7.25
4.15,167,3,4,0,50,21.27
5.21,150,0,5,0,50,29.77
6.28,417,13,5,0,50,39.38
7.88,490,1,2,0,50,88.08
5.68,511,12,2,0,50,63.08
19.85,282,4,5,0,50,56.58
7.49,165,5,6,0,50,28.95
17.53,330,7,6,0,50,77.42
15.37,600,7,2,0,50,88.5
12.98,62,10,2,0,50,17.7
1629.04,439,12,2,0,50,896.02
13.71,306,4,3,0,50,60.02
2.82,47,5,3,0,50,8.0
1.25,117,0,1,0,50,14.33
325.69,116,23,1,0,50,245.92
233.66,7,14,2,0,50,132.3
91.92,4,16,2,0,50,54.02
206.77,78,17,2,0,50,130.68
239.91,115,21,2,0,50,144.77
9.11,170,1,5,0,50,33.5
3.04,48,8,0,0,50,18.63
14.02,386,6,1,0,50,74.8
5.27,295,14,1,0,50,42.75
3.14,146,1,4,0,50,21.45
2.89,109,7,4,0,50,20.58
4.82,130,9,5,0,50,23.08
2.9,79,10,5,0,50,11.02
3.45,145,13,5,0,50,17.47
4.74,132,14,5,0,50,27.33
3.13,115,10,6,0,50,32.0
3.98,75,4,0,0,50,24.12
1.87,52,4,0,0,50,13.85
3.35,78,5,0,0,50,20.38
1.26,69,5,1,0,50,11.75
1.55,37,5,1,0,50,8.87
8.24,233,5,1,0,50,46.2
1.92,132,7,1,0,50,16.17
9.51,415,7,1,0,50,58.17
9.07,568,14,1,0,50,89.17
2.28,61,16,1,0,50,16.17
1.53,40,17,1,0,50,8.08
12.21,642,3,2,0,50,109.92
2.16,85,6,2,0,50,14.67
4.07,118,3,5,0,50,24.83
3.89,71,4,5,0,50,18.13
19.04,572,9,5,0,50,100.42
6.17,208,13,5,0,50,33.92
9.53,318,14,5,0,50,57.5
9.4,412,5,6,0,50,63.25
0.87,120,7,1,0,50,5.1
1.45,116,8,1,0,50,8.32
4.71,722,10,3,0,50,46.83
3.85,298,15,3,0,50,32.0
4.84,896,9,0,0,50,47.75
4.07,244,15,0,0,50,20.42
3.58,541,10,2,0,50,26.58
5.2,392,14,2,0,50,42.25
4.61,618,9,5,0,50,26.5
3.03,156,12,5,0,50,15.08
1.84,234,6,6,0,50,9.83
2.92,474,6,6,0,50,20.87
5.88,316,9,6,0,50,25.25
3.39,40,17,2,0,50,22.85
10.55,30,0,4,0,50,55.3
11.81,29,3,4,0,50,78.68
5.6,18,10,5,0,50,62.08
4.9,11,14,5,0,50,22.5
9.46,6,15,5,0,50,12.48
1.09,14,16,5,0,50,5.28
9.07,64,16,0,0,50,45.2
8.8,62,20,0,0,50,35.68
10.84,633,11,1,0,50,64.15
8.77,103,14,1,0,50,18.67
5.26,667,13,5,0,50,46.62
4.07,254,6,6,0,50,28.35
1.66,54,8,3,0,50,5.05
50.5,209,8,3,0,50,37.25
40.46,2,9,3,0,50,40.72
16.36,54,10,3,0,50,34.83
37.09,21,11,3,0,50,38.27
5.28,4,13,3,0,50,5.35
11.98,6,15,3,0,50,10.35
19.38,171,15,3,0,50,41.3
3.67,148,8,4,0,50,11.17
85.1,344,8,4,0,50,172.32
58.91,122,11,4,0,50,84.93
6.05,89,13,4,0,50,20.38
4.68,369,14,4,0,50,49.37
2.16,92,15,4,0,50,17.47
7.79,204,16,4,0,50,25.5
2.09,40,21,4,0,50,7.35
2.9,124,6,5,0,50,10.08
56.17,207,6,5,0,50,97.85
105.05,19,9,5,0,50,90.0
111.17,392,11,5,0,50,192.27
1.3,99,15,5,0,50,14.6
10.94,183,16,5,0,50,39.43
5.41,329,1,5,0,50,29.6
74.13,187,4,5,0,50,79.43
23.44,150,6,5,0,50,39.42
99.57,408,5,6,0,50,140.82
9.21,145,15,0,0,50,21.4
2.51,126,10,4,0,50,14.0
5.12,126,10,4,0,50,27.93
5.45,170,13,4,0,50,32.45
0.88,48,1,5,0,50,8.45
9.24,141,2,5,0,50,35.07
2.88,227,2,5,0,50,16.22
6.29,379,4,5,0,50,47.52
2.98,70,5,6,0,50,19.27
0.66,117,7,6,0,50,7.43
5.68,112,12,6,0,50,33.82
5.63,526,13,6,0,50,57.35
14.55,608,8,2,0,50,89.17
3.58,411,12,2,0,50,30.13
10.46,352,13,2,0,50,44.47
6.51,220,9,3,0,50,29.23
0.81,88,12,3,0,50,5.6
8.03,586,7,4,0,50,48.98
5.75,343,9,4,0,50,41.0
1.97,103,11,4,0,50,11.85
19.08,488,8,2,0,50,82.33
11.36,235,14,2,0,50,28.07
2.62,141,5,5,0,50,22.92
3.27,80,6,5,0,50,9.5
9.88,433,13,5,0,50,41.63
10.94,131,8,6,0,50,33.78
9.35,382,10,6,0,50,47.75
4.08,173,5,0,0,50,31.2
14.16,54,6,0,0,50,8.17
0.88,114,6,0,0,50,7.67
2.2,354,7,0,0,50,22.13
4.66,355,9,0,0,50,30.67
3.05,108,8,1,0,50,16.43
14.35,614,8,3,0,50,82.85
6.39,489,10,3,0,50,48.45
4.17,187,13,3,0,50,25.73
10.55,335,13,3,0,50,42.57
253.06,42,1,5,0,50,169.42
11.88,149,3,5,0,50,20.15
16.9,847,5,5,0,50,78.05
13.7,232,8,0,0,50,42.18
127.7,129,10,0,0,50,87.67
115.1,0,12,0,0,50,70.05
36.66,180,14,0,0,50,47.62
0.94,293,15,0,0,50,9.98
11.64,497,2,5,0,50,86.85
6.29,361,9,5,0,50,35.05
3.0,141,14,5,0,50,13.98
9.06,465,1,4,0,50,54.95
7.64,26,8,4,0,50,5.1
25.85,843,9,4,0,50,127.73
30.48,629,5,5,0,50,121.63
3.19,116,7,5,0,50,19.28
18.25,209,4,6,0,50,34.12
7.65,310,6,6,0,50,36.03
3.31,210,8,6,0,50,37.13
13.04,261,10,6,0,50,70.03
5.26,209,11,6,0,50,41.08
7.47,983,8,5,0,50,67.15
4.47,501,2,6,0,50,38.3
4.02,241,6,6,0,50,18.9
8.64,333,7,6,0,50,33.07
1.42,87,11,6,0,50,15.38
7.8,781,6,6,0,50,43.17
2.04,257,9,6,0,50,24.28
6.49,837,10,6,0,50,41.95
3.49,344,11,6,0,50,32.43
15.21,425,1,5,0,50,66.98
3.06,111,3,5,0,50,19.48
11.92,333,14,5,0,50,49.53
2.11,98,8,6,0,50,13.0
4.08,189,8,6,0,50,28.12
3.23,242,9,6,0,50,36.83
8.01,468,11,6,0,50,66.2
2.46,25,6,0,0,50,12.3
2.67,262,6,0,0,50,25.28
0.63,124,8,2,0,50,6.67
5.67,347,9,4,0,50,26.53
7.05,316,13,4,0,50,39.73
1.25,99,14,4,0,50,9.08
10.05,164,15,4,0,50,21.22
3.47,174,11,5,0,50,21.97
3.65,176,9,2,0,50,17.93
0.89,116,10,2,0,50,6.85
13.11,314,13,2,0,50,53.95
0.61,27,4,3,0,50,7.25
2.27,47,10,4,0,50,18.83
2.54,91,11,4,0,50,12.25
1.05,62,0,5,0,50,9.08
20.52,135,1,5,0,50,37.07
32.56,112,0,6,0,50,43.75
28.69,236,2,6,0,50,62.0
20.81,486,7,6,0,50,86.75
48.04,331,10,6,0,50,93.08
0.64,42,23,6,0,50,7.33
6.94,342,13,1,0,50,52.77
0.85,24,15,1,0,50,7.92
17.39,92,10,3,0,50,18.33
10.98,99,14,3,0,50,20.17
12.8,227,8,5,0,50,34.27
6.07,432,9,5,0,50,43.22
14.73,326,15,5,0,50,38.98
11.87,399,3,6,0,50,54.78
13.53,557,12,6,0,50,58.53
14.6,458,1,4,0,50,66.5
33.03,468,1,5,0,50,81.83
12.96,632,10,5,0,50,72.07
19.39,439,7,6,0,50,57.27
272.26,293,8,6,0,50,228.12
13.52,461,12,6,0,50,57.88
0.67,91,13,6,0,50,5.87
12.88,305,8,0,0,50,58.08
13.89,411,13,0,0,50,74.8
4.47,114,9,1,0,50,21.0
8.08,209,13,1,0,50,47.83
4.39,166,10,5,0,50,31.17
9.66,469,12,5,0,50,83.33
7.86,254,2,6,0,50,38.33
25.55,264,3,6,0,50,64.5
2.97,165,9,3,0,50,29.63
1.6,342,10,3,0,50,19.03
13.68,935,12,3,0,50,78.4
16.05,895,8,4,0,50,92.1
11.02,526,13,4,0,50,50.17
0.85,25,3,5,0,50,6.33
1.33,53,4,5,0,50,10.1
10.73,328,7,0,0,50,48.43
9.47,223,12,0,0,50,46.2
4.25,81,20,0,0,50,17.33
4.27,87,6,1,0,50,20.92
4.47,66,18,1,0,50,18.17
4.62,51,3,2,0,50,20.12
8.19,273,5,2,0,50,39.28
4.16,34,16,2,0,50,16.67
5.02,131,3,3,0,50,29.05
12.79,285,7,3,0,50,60.25
11.89,448,11,3,0,50,77.45
2.62,63,3,4,0,50,10.42
0.64,57,5,4,0,50,6.42
4.16,158,17,4,0,50,19.18
4.58,99,18,4,0,50,21.5
3.38,98,3,5,0,50,18.5
14.5,1122,5,5,0,50,106.58
1.15,180,11,1,0,50,12.77
2.11,269,0,0,0,50,19.63
7.01,371,0,0,0,50,36.33
26.32,930,1,0,0,50,124.98
32.11,630,9,0,0,50,100.43
12.83,602,12,0,0,50,60.85
10.36,689,2,1,0,50,81.07
0.61,109,6,1,0,50,6.5
0.67,56,7,1,0,50,6.25
5.75,275,7,1,0,50,45.82
5.88,373,8,1,0,50,43.93
12.94,910,13,1,0,50,62.88
1.81,218,8,2,0,50,19.27
15.69,740,2,3,0,50,97.32
9.31,302,11,3,0,50,34.37
4.27,156,17,0,0,50,16.3
4.47,159,4,1,0,50,20.75
4.92,277,4,2,0,50,24.97
4.03,95,18,2,0,50,17.8
4.34,97,4,3,0,50,19.2
13.32,194,5,5,0,50,31.3
39.5,177,5,5,0,50,46.03
5.07,186,3,6,0,50,17.1
36.88,313,5,6,0,50,48.97
10.08,812,6,6,0,50,70.55
4.24,88,16,6,0,50,18.38
0.7,68,9,0,0,50,6.87
3.56,169,10,0,0,50,21.1
1.92,98,2,1,0,50,13.53
2.23,83,3,1,0,50,10.73
3.08,195,10,1,0,50,17.93
7.44,256,3,2,0,50,32.7
8.1,2171,12,2,0,50,66.02
5.46,807,14,2,0,50,28.75
6.39,1609,3,3,0,50,40.63
5.75,1004,8,3,0,50,36.63
1.98,924,9,3,0,50,19.43
2.43,558,2,4,0,50,10.37
2.43,594,6,4,0,50,12.12
4.2,584,10,4,0,50,26.07
0.81,61,4,5,0,50,5.8
5.38,615,4,5,0,50,53.3
8.05,482,9,5,0,50,45.6
2.25,116,13,5,0,50,14.47
6.6,1800,4,6,0,50,44.28
2.63,768,12,6,0,50,21.88
4.67,881,14,6,0,50,30.98
6.25,1374,1,0,0,50,30.12
4.2,150,9,0,0,50,20.83
3.0,185,11,0,0,50,25.15
3.83,276,3,1,0,50,32.83
4.76,346,5,2,0,50,36.17
5.08,285,9,2,0,50,33.9
5.13,261,10,2,0,50,26.38
3.81,105,16,2,0,50,17.07
4.21,133,2,3,0,50,20.0
3.93,116,17,3,0,50,15.07
4.34,194,1,4,0,50,20.6
1.58,105,4,4,0,50,10.23
4.41,148,11,4,0,50,19.07
15.56,1047,11,6,0,50,108.57
3.75,214,3,4,0,50,19.5
4.48,98,4,4,0,50,20.23
3.03,165,3,5,0,50,22.73
6.87,383,4,5,0,50,58.17
4.44,212,5,5,0,50,38.93
2.43,179,14,5,0,50,23.63
3.39,132,21,5,0,50,11.93
3.88,98,20,6,0,50,13.63
3.22,118,1,0,0,50,12.53
6.5,55,6,0,0,50,10.73
1.09,191,9,0,0,50,11.8
0.89,179,9,0,0,50,9.1
1.07,222,10,0,0,50,11.07
8.47,183,10,0,0,50,24.23
4.13,182,17,0,0,50,20.9
9.95,316,12,1,0,50,44.98
3.38,171,14,1,0,50,19.83
7.96,344,15,1,0,50,46.87
11.61,1217,6,2,0,50,114.97
1.14,112,9,2,0,50,11.23
10.29,407,10,2,0,50,45.93
0.56,69,14,2,0,50,6.2
4.8,145,18,3,0,50,39.43
3.24,193,6,4,0,50,14.27
3.21,79,1,0,0,50,13.02
3.34,195,4,0,0,50,21.08
5.49,388,4,0,0,50,40.48
2.02,117,7,0,0,50,8.3
4.51,176,1,1,0,50,20.22
3.16,97,4,1,0,50,13.55
4.35,160,5,1,0,50,16.52
4.26,140,16,1,0,50,15.87
3.39,124,1,2,0,50,16.2
2.91,93,2,3,0,50,15.65
6.54,421,11,3,0,50,31.23
10.74,552,12,3,0,50,49.8
4.91,191,1,4,0,50,21.53
4.07,115,3,5,0,50,16.78
4.95,201,3,5,0,50,21.38
4.05,116,14,5,0,50,17.43
2.54,63,17,6,0,50,8.3
4.9,236,1,0,0,50,31.07
3.88,83,15,0,0,50,15.13
4.33,185,1,1,0,50,19.87
4.11,131,4,1,0,50,15.3
4.25,162,4,1,0,50,18.02
4.96,220,15,1,0,50,18.32
4.23,143,2,2,0,50,20.02
10.05,437,7,2,0,50,52.4
0.8,37,9,2,0,50,5.57
1.68,134,14,2,0,50,10.93
4.83,219,15,2,0,50,23.23
4.47,206,2,3,0,50,23.1
3.81,108,14,3,0,50,13.8
2.79,131,4,4,0,50,12.13
3.33,243,13,4,0,50,15.48
3.61,160,4,5,0,50,15.57
11.51,641,8,5,0,50,59.87
7.92,191,11,5,0,50,26.63
2.75,106,16,6,0,50,12.8
4.58,205,1,0,0,50,33.53
6.02,369,15,0,0,50,39.45
4.06,209,15,1,0,50,21.8
3.67,118,2,2,0,50,18.7
4.28,170,15,2,0,50,23.13
2.78,110,2,3,0,50,13.6
3.66,187,9,0,0,50,16.23
12.22,1008,10,0,0,50,111.57
1.69,269,15,0,0,50,16.07
4.74,202,15,0,0,50,19.97
3.95,144,4,1,0,50,21.9
4.5,228,3,2,0,50,18.0
1.55,90,7,3,0,50,7.0
3.58,104,15,3,0,50,12.7
2.52,114,3,4,0,50,13.0
4.9,133,0,5,0,50,14.85
39.11,566,1,5,0,50,91.13
32.93,295,7,5,0,50,53.17
3.72,261,8,5,0,50,20.7
7.6,373,6,6,0,50,34.3
1.93,84,7,6,0,50,18.93
22.79,1204,11,6,0,50,119.12
1.24,62,9,0,0,50,6.88
7.34,472,9,0,0,50,41.37
5.24,111,12,0,0,50,17.1
4.5,138,14,1,0,50,20.02
2.56,112,1,2,0,50,14.6
107.56,1659,5,5,0,50,239.98
11.03,217,13,5,0,50,30.07
29.13,647,9,6,0,50,81.38
4.3,124,15,0,0,50,26.25
3.06,55,2,1,0,50,13.17
16.48,357,11,1,0,50,79.0
1.43,153,8,2,0,50,13.6
0.98,104,9,2,0,50,10.43
3.08,287,9,2,0,50,33.3
4.39,659,13,2,0,50,46.6
1.42,217,14,2,0,50,16.1
4.53,64,15,2,0,50,20.55
3.1,60,1,3,0,50,13.08
3.57,51,17,3,0,50,16.42
3.19,54,1,4,0,50,13.42
2.16,98,5,4,0,50,12.48
10.09,304,9,4,0,50,54.7
5.23,436,11,4,0,50,51.92
4.07,61,15,4,0,50,15.5
36.85,104,3,5,0,50,42.5
54.48,610,5,5,0,50,149.53
12.28,147,3,6,0,50,29.67
13.59,781,7,6,0,50,109.98
2.93,95,17,6,0,50,14.78
2.94,72,2,0,0,50,13.08
4.08,75,16,0,0,50,17.17
3.56,113,10,2,0,50,22.75
2.86,56,12,2,0,50,16.63
4.44,136,10,1,0,50,27.5
6.99,266,12,1,0,50,53.53
2.56,49,13,6,0,50,11.08
4.05,81,3,0,0,50,22.73
3.5,66,16,0,0,50,14.75
3.77,82,1,1,0,50,19.58
2.97,64,4,1,0,50,16.0
4.13,80,4,1,0,50,18.2
3.15,71,12,2,0,50,14.75
3.57,30,18,2,0,50,15.5
4.18,88,1,3,0,50,20.75
19.33,901,7,3,0,50,157.47
11.46,247,12,3,0,50,48.55
3.57,86,2,4,0,50,17.17
2.77,78,4,4,0,50,12.42
2.76,135,5,4,0,50,17.42
8.56,564,16,4,0,50,89.5
3.97,68,2,5,0,50,18.67
3.69,85,4,6,0,50,18.8
5.05,382,9,6,0,50,56.08
7.62,164,13,6,0,50,47.33
3.76,286,14,6,0,50,24.5
3.25,55,7,0,0,50,13.58
3.27,83,5,1,0,50,13.45
4.86,88,10,1,0,50,25.72
3.1,80,6,2,0,50,15.5
3.65,69,18,2,0,50,17.08
21.44,1413,5,3,0,50,135.7
9.13,673,11,3,0,50,67.03
2.32,52,4,5,0,50,11.45
1.76,60,2,6,0,50,11.58
4.74,118,5,0,0,50,12.8
10.12,93,8,0,0,50,16.9
14.41,257,13,0,0,50,42.17
9.02,427,3,2,0,50,91.3
5.56,133,10,0,0,50,31.8
4.46,124,6,1,0,50,22.25
4.56,90,14,1,0,50,17.67
6.98,235,4,2,0,50,47.42
2.91,81,3,3,0,50,13.08
4.52,66,5,4,0,50,16.75
5.17,67,0,5,0,50,22.33
3.75,76,10,5,0,50,19.42
46.8,371,1,6,0,50,87.4
3.49,397,3,6,0,50,32.23
41.05,1249,4,6,0,50,112.6
3.44,76,15,1,0,50,15.92
4.18,88,4,2,0,50,18.25
6.07,159,9,2,0,50,33.33
4.5,100,2,4,0,50,19.67
2.36,85,3,5,0,50,13.92
13.87,844,4,5,0,50,121.42
6.77,255,10,5,0,50,53.67
13.5,415,10,6,0,50,52.5
4.75,40,18,6,0,50,8.42
4.32,80,3,0,0,50,30.12
4.5,58,17,0,0,50,18.75
3.56,93,1,1,0,50,17.05
2.94,199,10,6,0,50,15.93
2.25,57,0,5,0,50,12.0
1.41,103,2,5,0,50,12.67
1.36,52,3,5,0,50,8.37
2.8,132,11,5,0,50,19.22
1.67,42,2,6,0,50,7.42
4.94,82,4,0,0,50,18.33
36.24,15,10,0,0,50,26.45
241.15,165,11,0,0,50,210.2
31.63,25,19,0,0,50,40.92
71.74,13,19,0,0,50,67.0
58.34,202,22,0,0,50,88.5
137.85,593,0,1,0,50,217.87
5.44,205,5,1,0,50,43.85
106.74,405,6,1,0,50,139.68
132.91,1030,0,2,0,50,386.62
186.81,372,8,2,0,50,283.43
87.18,1071,23,2,0,50,218.58
62.07,707,3,3,0,50,138.83
1.27,43,12,3,0,50,14.92
1.92,71,9,6,0,50,11.27
2.32,89,0,0,0,50,12.83
3.68,109,3,0,0,50,22.5
1.4,44,4,0,0,50,7.37
2.52,73,12,0,0,50,11.17
19.07,141,0,5,0,50,172.88
13.5,28,13,5,0,50,31.58
45.85,182,1,6,0,50,206.05
7.36,30,6,6,0,50,31.27
3.48,23,8,6,0,50,18.2
3.19,12,11,2,0,50,10.38
16.75,32,14,2,0,50,45.25
15.21,37,1,3,0,50,34.53
0.96,19,13,3,0,50,11.1
14.96,25,0,4,0,50,32.72
17.56,27,14,4,0,50,40.22
58.84,142,3,5,0,50,85.73
11.66,184,4,5,0,50,87.42
4.54,60,7,5,0,50,19.9
41.19,189,8,5,0,50,89.35
21.19,18,11,5,0,50,42.57
21.61,29,13,5,0,50,40.53
1.69,11,15,5,0,50,5.87
4.36,2,12,0,0,50,13.93
26.73,77,0,5,0,50,58.15
20.07,12,1,5,0,50,24.45
18.64,110,4,6,0,50,118.33
9.43,64,7,6,0,50,70.5
0.95,9,1,1,0,50,11.3
18.8,13,0,6,0,50,34.27
45.74,244,1,6,0,50,163.63
19.43,97,5,6,0,50,106.1
12.83,65,7,6,0,50,36.98
32.46,56,7,6,0,50,141.25
1.16,11,10,6,0,50,6.68
14.43,28,13,0,0,50,41.68
11.47,20,14,1,0,50,10.88
3.28,14,11,2,0,50,10.92
34.3,45,0,3,0,50,45.98
19.26,29,13,3,0,50,45.87
23.82,36,23,3,0,50,51.12
1.83,19,0,4,0,50,14.87
4.75,7,2,4,0,50,9.55
1.7,6,2,4,0,50,6.18
13.48,24,14,4,0,50,33.02
17.25,78,7,6,0,50,103.27
14.21,15,1,0,0,50,29.25
11.42,14,13,0,0,50,14.68
15.0,31,1,1,0,50,32.73
7.35,17,5,1,0,50,15.23
14.77,22,6,1,0,50,29.83
15.15,28,1,2,0,50,35.12
1.34,19,13,2,0,50,14.22
4.26,5,6,3,0,50,10.3
13.01,16,6,3,0,50,34.78
0.93,10,1,4,0,50,11.02
0.76,12,1,0,0,50,8.8
12.16,21,13,2,0,50,13.33
1.03,16,1,3,0,50,12.22
2.44,9,1,0,0,50,11.35
2.63,22,11,2,0,50,22.53
1.06,11,15,4,0,50,7.4
16.44,76,6,6,0,50,93.22
0.7,8,13,0,0,50,6.22
2.32,15,1,1,0,50,17.02
0.8,8,12,4,0,50,6.02
8.01,5,22,4,0,50,12.35
102.37,164,22,4,0,50,251.62
4.92,86,3,5,0,50,31.52
12.53,135,4,5,0,50,37.75
26.88,110,6,5,0,50,76.23
40.74,141,8,5,0,50,133.5
3.42,19,11,5,0,50,25.43
46.11,368,0,6,0,50,221.37
12.62,56,5,6,0,50,40.07
81.81,90,6,6,0,50,153.75
6.22,57,3,6,0,50,64.88
44.45,115,8,6,0,50,174.68
14.4,20,12,6,0,50,25.63
2.81,27,0,1,0,50,15.93
8.53,25,12,1,0,50,26.23
17.39,8,23,1,0,50,23.95
15.24,19,4,2,0,50,25.47
2.28,13,7,2,0,50,14.63
6.62,30,9,2,0,50,27.8
2.02,10,5,3,0,50,14.62
1.85,10,5,4,0,50,19.37
3.53,20,8,4,0,50,33.5
1.85,13,4,5,0,50,10.22
22.8,24,5,5,0,50,16.02
17.15,37,22,5,0,50,32.13
2.9,10,13,6,0,50,8.25
2.33,10,13,6,0,50,5.42
1.96,5,16,6,0,50,5.9
1.33,6,1,0,0,50,6.38
16.84,22,12,2,0,50,41.83
18.34,76,17,2,0,50,66.78
2.85,8,1,5,0,50,9.97
6.61,30,3,5,0,50,37.23
1.15,13,8,5,0,50,10.53
2.49,9,9,5,0,50,14.48
17.0,11,12,2,0,50,40.07
16.87,12,1,3,0,50,44.02
7.4,30,6,3,0,50,11.85
11.58,96,7,3,0,50,70.7
4.48,31,12,3,0,50,14.2
14.91,71,13,3,0,50,28.97
14.16,75,0,4,0,50,52.88
19.01,52,10,4,0,50,77.48
18.92,65,13,4,0,50,43.7
17.37,33,14,4,0,50,29.58
3.02,50,23,4,0,50,26.8
18.53,70,0,5,0,50,48.42
30.72,266,8,5,0,50,109.33
13.11,100,12,5,0,50,147.43
9.07,22,19,5,0,50,32.53
2.68,25,3,6,0,50,10.92
14.51,253,7,6,0,50,54.33
24.39,188,9,6,0,50,91.73
1.75,19,14,6,0,50,14.28
17.14,202,12,0,0,50,56.68
12.72,49,1,1,0,50,24.77
1.82,21,1,1,0,50,5.2
6.71,41,8,1,0,50,22.92
5.94,24,18,1,0,50,20.33
6.79,39,21,1,0,50,33.22
2.48,60,1,2,0,50,15.62
4.77,51,9,2,0,50,34.05
0.72,39,11,2,0,50,6.23
1.96,63,12,2,0,50,9.83
0.72,37,15,2,0,50,6.5
14.78,22,21,2,0,50,26.8
949.86,1030,2,3,0,50,535.87
2.23,167,3,4,0,50,14.3
1.85,56,7,4,0,50,12.02
19.02,77,10,5,0,50,45.25
3.28,152,0,6,0,50,16.18
7.12,240,1,6,0,50,36.22
15.46,15,5,6,0,50,22.93
15.08,43,6,6,0,50,58.0
3.63,174,7,0,0,50,29.9
4.73,761,12,0,0,50,55.17
6.86,340,2,1,0,50,56.65
15.67,70,14,1,0,50,28.83
0.87,87,23,1,0,50,9.65
13.17,793,11,2,0,50,69.98
15.63,99,13,2,0,50,37.93
920.08,473,0,4,0,50,502.73
19.02,70,13,4,0,50,41.9
18.57,84,1,5,0,50,56.52
84.53,224,5,5,0,50,181.17
51.78,106,10,5,0,50,92.15
60.61,86,13,5,0,50,90.85
5.37,62,14,5,0,50,11.55
37.37,577,5,6,0,50,224.13
8.62,989,9,6,0,50,66.75
6.72,109,0,0,0,50,20.1
19.43,120,1,0,0,50,48.78
4.23,78,8,0,0,50,11.83
15.55,137,13,0,0,50,35.27
8.3,195,0,1,0,50,34.0
3.35,411,4,1,0,50,38.48
4.22,54,14,1,0,50,8.28
4.74,124,0,2,0,50,17.98
15.47,73,1,2,0,50,30.72
18.44,72,10,2,0,50,63.37
4.14,74,14,2,0,50,10.42
30.15,77,0,3,0,50,86.67
3.63,434,4,3,0,50,32.72
23.18,85,12,3,0,50,41.23
3.76,86,13,3,0,50,10.45
5.14,128,0,4,0,50,16.3
15.78,85,1,4,0,50,30.25
16.31,422,5,4,0,50,47.13
16.93,604,9,4,0,50,59.58
12.75,177,10,4,0,50,54.9
34.49,78,13,4,0,50,57.9
18.62,109,2,5,0,50,38.82
17.12,118,8,5,0,50,29.43
14.82,76,9,5,0,50,56.12
22.71,86,10,5,0,50,59.57
9.31,35,14,5,0,50,20.08
51.27,895,2,6,0,50,192.85
7.29,166,5,6,0,50,48.78
50.8,75,7,6,0,50,63.55
2.07,49,0,0,0,50,13.57
17.31,46,1,0,0,50,31.65
2.93,173,11,0,0,50,16.88
3.11,213,10,1,0,50,22.78
3.19,94,0,2,0,50,21.07
3.63,205,10,2,0,50,21.25
3.81,238,13,3,0,50,20.73
2.59,121,0,4,0,50,19.25
1.44,51,11,4,0,50,6.93
5.81,87,2,5,0,50,21.88
4.48,496,6,5,0,50,48.83
16.76,85,7,5,0,50,40.12
0.64,80,11,0,0,50,5.68
4.39,192,0,1,0,50,19.23
2.92,204,11,1,0,50,20.68
3.36,269,11,2,0,50,22.33
2.75,183,13,3,0,50,19.2
2.59,53,2,4,0,50,14.15
26.19,69,6,4,0,50,46.67
25.25,124,12,4,0,50,46.92
14.64,166,12,4,0,50,45.92
5.85,60,22,4,0,50,26.12
94.24,263,23,4,0,50,233.15
13.17,137,3,5,0,50,60.32
9.46,75,6,5,0,50,42.33
7.19,42,8,5,0,50,16.8
35.85,202,8,5,0,50,137.38
18.57,46,1,1,0,50,36.08
18.47,191,14,1,0,50,37.52
16.78,201,1,2,0,50,38.23
19.15,61,13,4,0,50,49.7
38.28,373,0,5,0,50,166.0
24.83,643,4,5,0,50,155.88
15.79,203,14,6,0,50,40.07
2.96,46,1,0,0,50,17.63
13.69,150,11,0,0,50,41.12
20.14,377,1,1,0,50,123.12
18.41,103,13,1,0,50,38.13
18.78,78,1,2,0,50,39.22
13.88,78,13,2,0,50,30.8
7.74,234,10,3,0,50,58.75
24.08,199,11,3,0,50,75.22
18.54,43,1,4,0,50,34.62
18.62,102,13,4,0,50,49.48
26.95,213,4,5,0,50,55.5
19.22,110,11,5,0,50,38.43
5.03,72,12,5,0,50,21.47
2.23,24,13,5,0,50,8.82
36.06,691,0,6,0,50,190.85
31.0,171,6,6,0,50,58.93
9.54,66,9,6,0,50,16.28
28.51,265,10,6,0,50,65.62
18.27,85,14,6,0,50,34.17
18.63,95,0,0,0,50,51.55
6.56,40,3,0,0,50,23.38
23.42,122,4,0,0,50,54.3
4.61,63,8,0,0,50,14.28
29.46,397,12,0,0,50,68.52
4.46,143,10,1,0,50,23.15
27.36,274,12,1,0,50,63.25
2.5,99,1,2,0,50,13.72
2.72,40,1,2,0,50,7.33
1.18,83,13,2,0,50,9.28
0.66,49,1,3,0,50,5.45
19.05,83,13,3,0,50,38.2
25.51,134,23,3,0,50,64.32
1.95,7,10,4,0,50,5.58
34.25,2500,21,4,0,50,321.88
20.21,1703,1,6,0,50,182.63
13.86,18,5,6,0,50,12.02
137.27,131,7,6,0,50,134.82
37.11,74,10,6,0,50,39.6
18.57,32,13,3,0,50,30.65
18.61,54,1,4,0,50,39.47
18.33,38,12,4,0,50,31.0
28.48,57,4,5,0,50,46.62
12.77,50,7,5,0,50,36.23
15.94,217,13,6,0,50,44.45
9.42,46,1,0,0,50,18.42
1.15,174,11,0,0,50,13.57
15.85,130,1,1,0,50,45.02
24.67,53,12,1,0,50,39.08
15.51,167,2,2,0,50,33.98
16.7,36,12,3,0,50,25.07
18.52,56,1,4,0,50,33.25
9.92,27,11,1,0,50,13.43
36.4,41,12,1,0,50,52.03
18.14,73,11,2,0,50,30.12
12.68,38,2,3,0,50,17.37
4.64,86,13,3,0,50,12.27
1.63,213,13,3,0,50,14.62
13.71,264,1,4,0,50,39.28
8.43,23,6,5,0,50,15.68
4.29,482,13,5,0,50,34.87
9.9,373,4,1,0,50,39.05
280.54,268,5,1,0,50,218.5
15.81,212,9,1,0,50,19.13
3.2,91,1,2,0,50,11.22
3.21,78,1,2,0,50,9.27
48.59,306,6,3,0,50,85.48
67.78,161,4,4,0,50,96.3
50.44,61,10,4,0,50,60.97
41.56,80,12,4,0,50,49.13
43.53,95,12,6,0,50,49.07
15.12,234,14,6,0,50,37.43
18.89,159,2,0,0,50,30.72
23.3,196,14,3,0,50,38.48
0.94,151,1,4,0,50,9.38
1.38,140,14,4,0,50,15.28
4.17,153,3,5,0,50,18.83
4.71,275,4,5,0,50,23.7
2.85,57,7,5,0,50,14.98
5.64,389,9,5,0,50,35.75
17.91,493,11,5,0,50,45.42
2.4,90,9,6,0,50,9.08
2.84,141,1,0,0,50,17.98
13.92,82,12,0,0,50,49.3
24.62,90,13,0,0,50,42.57
0.95,112,12,1,0,50,11.27
19.52,184,1,2,0,50,52.15
18.71,43,12,2,0,50,29.98
9.31,80,1,3,0,50,13.65
0.7,102,13,3,0,50,7.62
0.67,96,2,4,0,50,6.7
18.65,65,2,4,0,50,24.82
18.2,45,11,4,0,50,26.27
48.27,499,5,6,0,50,163.8
23.0,322,9,6,0,50,88.68
28.27,237,10,6,0,50,98.22
18.62,56,1,0,0,50,26.32
15.5,274,12,0,0,50,35.5
1.46,191,1,1,0,50,16.95
6.53,50,1,1,0,50,11.4
15.24,279,13,1,0,50,39.73
15.92,215,1,2,0,50,37.68
17.18,285,13,2,0,50,44.55
19.74,222,1,3,0,50,35.5
16.15,394,12,3,0,50,53.57
18.65,390,1,4,0,50,57.78
12.12,119,9,4,0,50,50.1
23.38,78,12,4,0,50,45.05
36.01,117,3,5,0,50,59.32
20.77,119,4,5,0,50,32.27
3.51,50,5,5,0,50,7.23
3.1,34,7,5,0,50,6.03
57.82,239,8,5,0,50,72.58
68.62,355,9,5,0,50,114.3
19.18,77,3,6,0,50,30.52
19.76,494,6,6,0,50,72.8
20.29,221,0,0,0,50,38.4
16.75,105,13,0,0,50,26.23
28.05,151,1,1,0,50,36.37
18.55,65,13,1,0,50,28.88
5.62,28,2,2,0,50,7.38
16.15,281,13,2,0,50,38.75
8.72,125,15,2,0,50,36.2
18.58,100,1,3,0,50,46.5
17.99,104,13,3,0,50,28.7
28.8,231,0,4,0,50,39.15
1.55,211,10,4,0,50,14.12
47.56,104,6,5,0,50,62.92
18.9,46,10,5,0,50,28.05
31.49,41,11,5,0,50,34.75
14.83,318,9,6,0,50,40.18
1.1,156,13,6,0,50,11.67
25.27,87,7,0,0,50,45.42
20.18,43,9,0,0,50,27.87
9.07,417,11,0,0,50,73.97
25.79,248,1,1,0,50,42.18
22.92,278,13,1,0,50,46.1
23.43,111,1,2,0,50,66.8
0.66,75,11,2,0,50,6.65
4.8,310,0,3,0,50,40.38
15.75,283,11,3,0,50,39.3
21.1,265,1,4,0,50,42.25
18.76,71,10,4,0,50,35.18
12.36,42,6,5,0,50,21.28
9.77,116,10,5,0,50,22.3
18.57,73,6,6,0,50,41.63
15.5,275,13,6,0,50,46.1
8.36,19,5,0,0,50,12.07
18.31,79,13,0,0,50,23.57
18.58,68,1,1,0,50,25.6
18.43,56,12,1,0,50,24.92
19.01,78,1,2,0,50,35.85
16.35,317,6,2,0,50,58.38
18.58,198,10,2,0,50,44.2
15.4,249,12,2,0,50,39.12
4.08,77,2,3,0,50,14.25
15.77,283,13,3,0,50,44.05
7.15,146,1,4,0,50,28.05
3.36,111,1,5,0,50,21.58
16.45,46,11,5,0,50,25.1
12.42,104,12,6,0,50,23.72
24.57,64,1,1,0,50,22.32
1.16,133,2,1,0,50,10.45
188.34,325,8,1,0,50,166.37
0.65,86,12,1,0,50,6.42
0.58,65,13,1,0,50,6.35
9.97,347,1,2,0,50,53.72
10.0,252,3,2,0,50,33.35
43.32,189,4,2,0,50,65.22
47.29,562,5,2,0,50,130.7
269.71,121,0,3,0,50,227.3
33.03,59,4,3,0,50,30.28
13.46,24,6,3,0,50,22.8
47.49,74,7,3,0,50,79.32
34.47,80,9,3,0,50,41.07
119.85,222,0,4,0,50,152.08
10.11,20,3,4,0,50,32.6
4.26,18,4,4,0,50,7.37
57.67,198,4,4,0,50,93.77
78.07,105,7,4,0,50,75.75
20.23,81,9,4,0,50,33.72
98.0,749,1,5,0,50,274.12
18.35,69,7,5,0,50,36.93
37.0,51,8,5,0,50,54.2
61.46,189,9,5,0,50,146.65
3.22,96,1,6,0,50,17.85
128.81,173,1,6,0,50,112.6
17.87,77,10,1,0,50,45.02
29.91,47,13,1,0,50,31.93
22.13,98,1,2,0,50,54.78
18.13,41,12,2,0,50,28.43
18.78,97,1,3,0,50,28.05
13.38,43,14,3,0,50,14.93
15.0,157,1,4,0,50,32.62
17.92,51,12,4,0,50,24.82
42.13,85,10,5,0,50,56.72
33.13,39,12,5,0,50,32.27
56.45,1123,1,6,0,50,209.57
19.6,260,5,6,0,50,46.83
53.09,116,6,6,0,50,65.0
34.95,102,10,6,0,50,59.42
11.97,26,13,6,0,50,16.22
13.7,209,14,6,0,50,30.72
7.0,126,12,0,0,50,22.85
0.73,55,0,1,0,50,7.67
14.73,189,1,1,0,50,27.67
18.31,44,11,1,0,50,20.98
18.99,74,1,2,0,50,27.9
17.89,39,12,2,0,50,20.15
18.79,70,1,3,0,50,36.9
5.83,38,13,3,0,50,10.22
20.74,698,1,4,0,50,117.98
17.99,103,12,4,0,50,27.25
26.16,92,1,6,0,50,44.77
37.86,290,2,6,0,50,61.05
51.08,184,4,6,0,50,81.42
211.44,858,5,6,0,50,269.35
16.46,45,10,6,0,50,28.33
18.56,80,1,0,0,50,41.93
16.5,58,14,0,0,50,22.93
15.08,130,1,1,0,50,34.65
14.24,160,11,1,0,50,34.03
5.16,67,1,2,0,50,22.5
17.22,68,10,2,0,50,38.47
29.8,54,12,2,0,50,36.22
18.56,93,1,3,0,50,34.57
14.21,51,12,3,0,50,29.55
15.83,196,1,4,0,50,36.65
18.28,46,13,4,0,50,22.25
18.61,64,3,5,0,50,31.52
18.04,32,8,5,0,50,27.08
30.78,70,23,5,0,50,30.32
5.89,56,5,6,0,50,19.8
27.0,53,5,6,0,50,36.72
1.48,237,11,6,0,50,15.68
16.18,262,1,0,0,50,51.15
15.78,200,11,0,0,50,37.97
15.0,125,1,1,0,50,35.15
1.21,121,12,1,0,50,12.6
3.45,123,1,2,0,50,17.98
14.82,54,8,2,0,50,26.12
33.7,80,14,2,0,50,50.67
22.94,104,1,3,0,50,45.2
28.65,144,5,3,0,50,69.65
4.36,32,8,3,0,50,17.8
21.04,31,11,3,0,50,24.12
16.65,220,1,4,0,50,39.48
28.32,303,8,5,0,50,138.22
26.99,63,11,5,0,50,36.33
5.62,32,1,6,0,50,5.63
2.35,28,5,6,0,50,10.57
7.67,138,5,6,0,50,37.35
2.15,49,8,6,0,50,6.12
6.87,148,8,6,0,50,42.77
4.67,24,2,0,0,50,8.78
16.61,353,13,0,0,50,45.52
15.98,292,1,1,0,50,51.4
17.93,43,11,1,0,50,20.75
18.61,71,2,2,0,50,25.4
6.24,57,4,2,0,50,12.67
30.56,242,13,2,0,50,56.95
15.49,226,1,3,0,50,40.92
14.57,261,12,3,0,50,41.38
1.0,172,1,4,0,50,11.95
0.91,152,11,4,0,50,10.4
15.4,272,1,5,0,50,39.78
8.97,410,2,5,0,50,47.67
11.01,4,4,5,0,50,7.3
4.0,186,10,5,0,50,22.85
7.66,90,6,6,0,50,32.23
11.3,155,7,6,0,50,62.6
15.65,233,1,0,0,50,46.18
19.44,46,13,0,0,50,25.45
18.59,62,1,1,0,50,28.35
29.19,89,12,1,0,50,43.1
5.62,20,2,2,0,50,9.32
17.81,44,12,2,0,50,20.52
18.57,49,0,3,0,50,30.22
17.25,38,11,3,0,50,19.12
18.55,102,1,4,0,50,49.6
18.08,43,13,4,0,50,21.08
34.13,133,4,5,0,50,54.67
12.39,168,8,5,0,50,54.93
25.57,167,9,5,0,50,65.52
25.94,38,2,6,0,50,38.58
27.5,64,8,6,0,50,51.6
15.8,199,1,0,0,50,38.8
18.24,44,11,1,0,50,22.58
18.57,86,1,2,0,50,38.13
16.1,224,12,2,0,50,40.73
10.48,17,21,2,0,50,13.38
15.74,54,5,3,0,50,15.3
10.2,173,6,3,0,50,34.62
9.12,1008,7,3,0,50,106.43
9.51,1280,10,3,0,50,111.25
5.96,83,12,3,0,50,18.78
26.99,267,23,4,0,50,58.73
65.55,57,0,5,0,50,70.38
12.53,145,2,5,0,50,38.28
1.06,111,3,5,0,50,9.97
18.59,773,3,5,0,50,97.45
18.34,137,5,5,0,50,45.17
2.87,34,7,5,0,50,6.02
65.96,118,8,5,0,50,73.05
2.81,12,10,5,0,50,10.28
3.51,232,14,5,0,50,26.27
8.96,64,1,6,0,50,12.85
19.09,405,7,6,0,50,58.87
47.78,134,9,6,0,50,43.58
8.5,89,2,0,0,50,21.45
1.07,164,3,0,0,50,9.8
4.52,135,7,0,0,50,33.35
15.14,138,7,0,0,50,40.95
13.72,96,9,0,0,50,33.68
2.21,253,13,0,0,50,24.93
6.1,29,1,2,0,50,12.05
17.77,30,13,2,0,50,18.28
18.57,70,1,3,0,50,32.02
18.13,40,12,3,0,50,23.58
18.58,73,1,4,0,50,42.13
0.61,32,13,4,0,50,5.07
18.58,50,14,4,0,50,21.55
12.73,140,4,5,0,50,37.03
19.41,117,7,5,0,50,51.83
16.43,96,13,5,0,50,23.3
19.47,198,1,6,0,50,52.22
17.19,72,12,6,0,50,22.95
16.57,291,1,0,0,50,61.6
18.25,123,13,0,0,50,37.45
15.76,139,1,1,0,50,31.9
2.02,25,2,1,0,50,5.42
18.34,83,14,1,0,50,30.18
19.01,70,1,2,0,50,27.6
17.35,46,14,2,0,50,19.75
4.16,151,1,3,0,50,18.53
4.01,13,1,3,0,50,9.37
14.48,45,15,3,0,50,16.52
7.11,149,1,4,0,50,21.93
18.24,115,14,4,0,50,29.85
19.16,150,1,5,0,50,58.35
17.67,59,12,5,0,50,20.07
2.84,43,13,5,0,50,9.85
13.87,40,2,6,0,50,22.02
4.77,148,15,6,0,50,20.93
14.36,123,23,6,0,50,30.95
16.05,144,11,0,0,50,35.07
16.19,280,2,1,0,50,42.18
14.15,49,13,1,0,50,18.82
18.71,67,1,2,0,50,30.88
23.17,165,13,2,0,50,41.85
18.71,66,2,3,0,50,29.4
17.43,112,13,3,0,50,25.0
19.01,89,2,4,0,50,30.23
18.19,105,12,4,0,50,25.85
23.08,94,5,5,0,50,44.1
59.07,614,6,5,0,50,150.67
56.96,326,5,6,0,50,114.08
24.41,145,8,6,0,50,41.68
0.55,54,9,6,0,50,6.2
20.15,71,0,0,0,50,41.92
0.94,101,12,0,0,50,11.23
15.38,219,2,1,0,50,38.52
17.99,85,13,1,0,50,23.32
1.1,47,1,2,0,50,8.2
19.13,72,1,2,0,50,33.93
18.16,67,12,2,0,50,23.95
18.66,70,1,3,0,50,34.68
40.3,1768,7,3,0,50,213.7
20.14,371,13,4,0,50,83.13
22.3,42,2,6,0,50,31.7
31.82,157,4,6,0,50,43.75
39.5,177,7,6,0,50,55.68
18.68,106,1,0,0,50,39.03
32.98,137,7,0,0,50,57.42
11.19,47,11,0,0,50,17.72
16.25,70,13,1,0,50,20.73
18.93,82,1,2,0,50,29.17
18.09,90,11,2,0,50,23.05
13.28,42,8,3,0,50,20.32
22.93,63,9,3,0,50,42.77
12.51,113,11,3,0,50,19.65
18.68,129,1,4,0,50,47.17
18.19,120,12,4,0,50,28.9
36.56,687,4,5,0,50,144.8
4.49,250,7,5,0,50,25.57
23.4,325,9,5,0,50,66.53
18.9,90,1,0,0,50,42.53
8.81,28,14,0,0,50,13.35
0.98,133,14,0,0,50,10.7
15.61,202,2,1,0,50,36.9
18.75,91,13,1,0,50,31.35
20.85,153,2,2,0,50,48.35
4.72,83,4,2,0,50,18.25
17.87,101,12,2,0,50,25.47
64.75,143,4,3,0,50,64.9
25.25,814,5,3,0,50,107.17
12.71,150,7,3,0,50,31.43
69.39,116,7,3,0,50,67.12
23.91,80,2,4,0,50,47.98
12.78,582,3,4,0,50,67.42
19.53,128,4,4,0,50,33.23
19.15,30,13,4,0,50,21.53
20.28,170,5,5,0,50,54.18
9.68,65,8,5,0,50,20.85
18.64,61,1,6,0,50,33.63
17.5,44,13,6,0,50,19.5
18.57,68,1,0,0,50,29.48
12.9,63,3,0,0,50,24.0
12.74,68,4,0,0,50,21.02
18.22,73,12,0,0,50,25.85
18.74,76,2,1,0,50,30.63
14.68,181,1,2,0,50,40.58
19.01,168,13,2,0,50,46.83
12.98,31,0,3,0,50,10.0
17.42,48,1,3,0,50,28.2
17.68,44,12,3,0,50,22.35
19.53,150,1,4,0,50,51.58
3.56,104,8,4,0,50,14.6
15.64,632,8,4,0,50,101.7
14.36,46,13,4,0,50,19.8
46.7,1538,2,5,0,50,250.35
3.28,10,6,5,0,50,5.2
16.76,51,1,0,0,50,29.47
15.54,93,13,0,0,50,21.25
18.64,80,1,1,0,50,40.78
0.94,141,13,1,0,50,10.72
4.29,100,23,1,0,50,16.82
4.66,39,23,1,0,50,8.03
17.36,113,13,2,0,50,23.72
15.0,97,1,3,0,50,31.52
24.98,664,12,3,0,50,94.0
10.53,46,1,4,0,50,23.58
18.09,114,12,4,0,50,28.42
47.5,99,2,5,0,50,47.35
13.72,55,4,5,0,50,25.43
57.59,138,5,5,0,50,64.63
26.53,65,0,6,0,50,41.18
14.68,60,1,6,0,50,38.35
73.74,233,2,6,0,50,99.92
69.64,281,8,6,0,50,121.57
3.54,51,13,6,0,50,12.02
18.73,104,1,0,0,50,37.2
17.63,111,11,0,0,50,36.32
3.94,17,3,1,0,50,5.77
124.11,192,6,1,0,50,129.37
70.13,226,8,1,0,50,79.53
15.92,125,1,2,0,50,39.28
3.58,67,1,2,0,50,11.82
5.52,23,1,2,0,50,10.5
21.47,158,5,2,0,50,42.45
1.78,51,0,6,0,50,6.42
74.95,98,0,6,0,50,68.32
115.26,155,2,6,0,50,114.98
90.44,939,5,6,0,50,185.38
75.93,376,8,6,0,50,109.12
546.62,340,2,0,0,50,435.43
310.97,144,9,0,0,50,212.83
72.45,13,13,0,0,50,56.85
147.99,84,14,0,0,50,119.23
8.87,26,1,2,0,50,11.73
16.56,24,4,2,0,50,15.47
18.78,38,7,2,0,50,21.98
15.13,134,1,3,0,50,36.57
18.42,78,13,3,0,50,23.9
18.98,47,1,4,0,50,23.95
32.67,111,7,4,0,50,64.53
15.87,452,9,4,0,50,126.9
30.27,323,11,4,0,50,83.42
96.06,232,4,6,0,50,97.53
48.23,251,8,6,0,50,89.9
18.88,84,1,0,0,50,28.47
1.78,146,14,0,0,50,17.42
2.79,26,1,1,0,50,9.17
7.68,63,14,1,0,50,15.37
1.09,88,14,1,0,50,12.15
15.48,193,1,2,0,50,36.12
10.99,37,5,2,0,50,15.73
11.92,47,5,2,0,50,18.5
2.0,90,10,2,0,50,16.92
2.22,311,11,2,0,50,23.65
15.89,185,13,2,0,50,43.73
4.87,278,1,3,0,50,31.62
16.01,89,14,3,0,50,21.88
18.59,59,23,3,0,50,33.13
16.91,100,14,4,0,50,21.85
44.97,163,7,5,0,50,85.95
39.91,110,12,5,0,50,59.87
18.66,54,1,0,0,50,24.03
16.07,369,1,1,0,50,50.87
15.62,168,13,1,0,50,38.92
9.42,217,1,2,0,50,35.38
15.99,292,12,2,0,50,39.12
3.81,199,1,3,0,50,27.85
3.34,67,1,3,0,50,8.38
12.34,119,13,3,0,50,31.77
3.15,85,1,4,0,50,15.98
7.23,107,5,4,0,50,22.97
18.44,115,14,4,0,50,25.88
24.51,271,3,5,0,50,54.78
19.45,64,6,5,0,50,32.18
8.6,58,9,5,0,50,26.17
13.15,49,14,5,0,50,18.12
29.45,104,0,6,0,50,34.43
33.26,102,20,6,0,50,29.02
1.97,29,23,6,0,50,5.43
7.68,140,0,0,0,50,35.5
78.95,2000,16,4,0,50,272.55
58.51,440,21,4,0,50,113.53
86.5,233,16,5,0,50,82.63
11.46,709,18,5,0,50,131.77
5.8,396,21,5,0,50,60.5
17.12,1024,22,5,0,50,169.4
65.44,125,2,6,0,50,49.35
34.84,99,22,6,0,50,36.65
25.36,25,0,0,0,50,20.33
6.72,23,3,0,0,50,14.22
17.67,830,22,1,0,50,100.07
7.46,177,0,3,0,50,36.55
12.7,224,1,3,0,50,42.72
17.84,25,17,3,0,50,12.23
13.97,84,9,5,0,50,32.33
22.94,28,13,5,0,50,25.8
14.85,199,9,0,0,50,65.22
13.36,77,11,0,0,50,35.53
37.77,128,12,0,0,50,52.75
19.72,91,1,1,0,50,30.32
18.03,69,12,1,0,50,19.8
3.5,25,1,2,0,50,10.02
27.57,673,11,2,0,50,146.65
18.01,73,1,3,0,50,37.68
16.31,354,12,3,0,50,78.07
15.57,46,14,4,0,50,17.82
4.1,181,9,5,0,50,29.07
9.92,305,11,5,0,50,69.15
17.97,128,14,5,0,50,27.15
27.24,119,8,6,0,50,71.32
28.55,179,13,6,0,50,52.25
19.59,116,1,0,0,50,45.17
1.81,37,12,0,0,50,5.02
15.33,191,0,1,0,50,44.78
14.78,110,14,1,0,50,28.73
13.16,161,23,1,0,50,27.43
16.14,115,8,2,0,50,37.45
29.67,962,11,2,0,50,158.93
33.22,345,1,3,0,50,73.12
10.08,63,7,3,0,50,24.05
13.16,630,7,3,0,50,71.35
15.2,241,11,3,0,50,38.77
15.43,193,2,4,0,50,38.8
16.97,58,13,4,0,50,24.02
2.32,90,14,4,0,50,13.5
31.62,142,6,5,0,50,82.37
20.9,98,12,5,0,50,27.43
20.72,151,2,6,0,50,50.37
9.17,58,3,6,0,50,18.95
23.71,252,9,6,0,50,72.03
21.62,99,14,6,0,50,29.1
19.78,173,1,0,0,50,42.1
15.42,261,14,0,0,50,42.48
2.8,118,0,1,0,50,12.7
6.3,20,1,1,0,50,8.75
0.95,131,1,1,0,50,7.88
11.48,49,2,1,0,50,17.3
3.84,49,11,1,0,50,9.7
2.69,38,12,1,0,50,6.25
18.85,92,15,1,0,50,28.17
18.64,70,23,1,0,50,33.23
15.76,201,1,3,0,50,38.37
20.43,678,12,3,0,50,81.17
2.56,73,2,4,0,50,16.2
18.01,97,13,4,0,50,29.57
9.6,56,0,5,0,50,20.52
74.37,262,1,5,0,50,100.93
11.54,1516,3,5,0,50,106.58
21.71,104,6,5,0,50,35.15
46.0,119,6,5,0,50,50.5
12.29,95,1,6,0,50,31.47
5.29,46,2,6,0,50,8.9
8.72,227,3,6,0,50,28.88
45.33,188,6,6,0,50,80.0
41.6,148,10,6,0,50,56.8
18.95,74,1,0,0,50,27.3
16.96,91,7,0,0,50,25.57
15.29,970,8,0,0,50,85.12
25.09,112,12,0,0,50,27.78
18.71,84,1,1,0,50,31.93
4.94,122,0,2,0,50,26.63
6.69,27,12,2,0,50,8.73
2.73,44,1,3,0,50,7.93
16.97,140,14,3,0,50,29.8
17.18,123,13,4,0,50,30.83
51.67,130,2,5,0,50,67.38
6.47,380,5,5,0,50,49.3
56.49,138,6,5,0,50,58.72
37.16,918,0,6,0,50,221.4
4.19,64,4,6,0,50,21.98
70.08,171,0,0,0,50,117.38
9.13,497,4,0,0,50,53.72
53.62,157,9,0,0,50,92.82
33.28,99,11,0,0,50,46.27
10.94,113,0,2,0,50,17.92
17.58,106,12,2,0,50,23.9
2.99,28,0,3,0,50,8.7
23.3,96,1,3,0,50,50.95
10.62,47,12,3,0,50,15.78
15.38,154,1,4,0,50,34.67
16.24,81,13,4,0,50,21.88
25.24,92,3,5,0,50,36.9
15.37,113,5,5,0,50,37.22
6.72,63,11,5,0,50,20.55
28.98,103,12,5,0,50,43.07
1.22,34,2,6,0,50,6.6
3.36,95,1,0,0,50,14.57
15.74,227,14,0,0,50,43.82
21.86,265,0,1,0,50,69.98
15.26,156,14,1,0,50,32.0
15.85,214,1,2,0,50,40.92
18.55,27,14,2,0,50,20.82
18.42,52,1,3,0,50,32.7
17.43,50,13,3,0,50,23.72
15.89,194,7,4,0,50,48.52
20.49,654,8,4,0,50,92.38
17.24,89,14,4,0,50,28.78
12.32,41,2,5,0,50,23.8
12.51,47,3,5,0,50,21.83
40.92,211,5,6,0,50,101.1
9.97,22,13,6,0,50,11.85
3.11,92,14,6,0,50,13.58
2.6,88,14,6,0,50,15.03
15.94,231,1,0,0,50,48.93
16.79,35,11,1,0,50,19.15
23.55,114,2,2,0,50,43.72
13.66,70,4,2,0,50,20.25
15.95,48,6,2,0,50,16.95
15.21,247,12,3,0,50,33.1
14.74,106,1,4,0,50,33.15
18.1,120,10,4,0,50,33.98
0.76,33,0,0,0,50,7.42
3.98,46,1,0,0,50,12.38
4.76,53,9,0,0,50,8.27
0.64,95,10,0,0,50,7.32
18.49,60,0,1,0,50,33.23
17.58,421,0,2,0,50,46.02
2.54,56,11,2,0,50,7.75
4.31,21,14,2,0,50,5.78
20.81,248,0,3,0,50,66.15
12.07,145,9,3,0,50,31.67
24.38,123,1,4,0,50,72.27
24.25,92,3,4,0,50,58.15
71.42,160,11,4,0,50,91.27
15.89,77,11,5,0,50,39.2
14.12,86,13,5,0,50,24.03
102.3,350,1,6,0,50,137.45
48.49,204,7,6,0,50,66.12
50.32,115,8,6,0,50,73.68
0.72,82,0,0,0,50,7.5
4.75,16,1,0,0,50,7.48
1.08,123,9,0,0,50,12.95
18.62,58,0,1,0,50,35.38
1.03,202,10,1,0,50,11.65
15.67,154,0,2,0,50,31.32
20.35,117,13,2,0,50,29.35
18.63,65,0,3,0,50,35.5
14.01,196,2,5,0,50,39.1
2.21,236,6,5,0,50,24.52
19.0,86,7,5,0,50,33.5
29.71,316,1,6,0,50,87.95
27.91,252,6,6,0,50,52.92
24.24,78,12,6,0,50,35.83
22.82,118,14,6,0,50,30.27
0.93,161,11,0,0,50,10.48
18.53,128,0,1,0,50,39.05
1.3,120,10,1,0,50,13.35
1.33,27,11,2,0,50,5.95
18.63,31,13,2,0,50,22.42
18.35,46,0,3,0,50,35.77
13.49,145,10,3,0,50,37.42
14.07,120,0,4,0,50,25.7
16.8,55,9,4,0,50,25.05
15.34,36,1,6,0,50,29.33
8.95,744,1,6,0,50,97.0
32.8,146,4,6,0,50,55.93
6.48,10,9,0,0,50,10.45
1.18,181,10,0,0,50,12.72
18.62,81,0,1,0,50,39.53
0.79,119,10,1,0,50,9.37
0.84,117,0,2,0,50,8.28
27.34,70,5,2,0,50,41.95
31.39,57,9,2,0,50,45.58
3.64,104,12,2,0,50,15.07
18.73,50,14,2,0,50,24.27
18.96,88,0,3,0,50,44.6
11.85,134,9,3,0,50,28.72
15.37,205,0,4,0,50,35.25
18.69,115,12,4,0,50,30.17
10.46,29,5,6,0,50,14.33
11.04,40,6,6,0,50,17.65
14.3,151,0,0,0,50,31.27
15.69,169,0,1,0,50,39.58
10.65,32,10,1,0,50,16.9
0.85,106,10,1,0,50,7.87
15.47,207,0,2,0,50,38.4
17.72,45,6,2,0,50,22.38
32.21,692,6,2,0,50,100.4
4.12,45,8,2,0,50,10.03
9.83,69,8,2,0,50,14.77
28.92,191,9,2,0,50,52.27
51.05,417,1,4,0,50,107.28
19.47,337,5,4,0,50,50.6
36.84,182,6,4,0,50,59.37
1.14,167,6,6,0,50,13.28
15.44,203,0,0,0,50,37.65
1.79,82,10,0,0,50,11.45
14.52,202,0,1,0,50,39.27
1.19,185,10,1,0,50,11.33
7.72,87,0,2,0,50,15.43
3.34,78,11,2,0,50,12.98
20.27,113,13,2,0,50,28.38
18.5,102,0,3,0,50,51.27
15.36,195,10,3,0,50,36.67
14.77,56,8,4,0,50,29.17
25.99,54,3,5,0,50,36.68
30.43,101,9,5,0,50,39.23
18.57,45,6,6,0,50,27.08
18.44,224,9,6,0,50,37.35
0.86,80,0,0,0,50,10.0
1.4,129,0,0,0,50,15.97
1.04,165,11,0,0,50,11.1
15.64,239,0,1,0,50,38.03
8.17,37,1,2,0,50,17.27
2.12,17,11,2,0,50,10.3
18.31,86,13,2,0,50,23.58
20.46,46,1,3,0,50,30.57
11.08,4,11,3,0,50,14.98
1.45,173,11,3,0,50,15.22
0.78,160,12,3,0,50,8.65
15.62,170,1,4,0,50,39.12
18.05,60,8,4,0,50,24.7
24.12,163,9,4,0,50,67.67
19.37,144,14,4,0,50,34.08
11.86,84,8,5,0,50,35.23
12.77,109,10,5,0,50,28.07
93.58,436,0,6,0,50,133.93
10.68,1206,2,6,0,50,100.08
21.38,1540,5,6,0,50,122.13
127.62,478,7,6,0,50,149.7
12.92,208,10,6,0,50,32.15
5.4,64,0,0,0,50,12.88
17.85,44,12,0,0,50,21.8
18.95,48,0,1,0,50,34.27
18.61,156,10,1,0,50,43.13
2.69,41,12,1,0,50,9.25
19.97,44,13,1,0,50,21.03
18.53,43,1,2,0,50,34.33
0.99,80,14,2,0,50,8.88
15.53,269,0,3,0,50,45.3
1.61,28,12,3,0,50,5.47
17.41,278,12,3,0,50,44.8
15.47,338,0,4,0,50,47.28
18.79,119,11,4,0,50,38.78
33.31,177,1,5,0,50,54.75
46.56,61,2,5,0,50,44.72
40.79,88,1,6,0,50,57.0
16.11,70,3,6,0,50,29.98
4.08,37,4,6,0,50,10.33
38.49,56,6,6,0,50,50.43
0.57,102,8,6,0,50,6.82
9.32,236,10,6,0,50,51.63
17.39,12,0,0,0,50,10.73
18.02,79,11,0,0,50,24.63
18.61,90,0,1,0,50,45.0
22.19,86,9,1,0,50,52.25
29.19,75,11,1,0,50,42.83
18.05,36,22,1,0,50,16.98
16.46,485,9,2,0,50,68.95
26.58,476,12,2,0,50,84.6
0.51,43,22,2,0,50,6.05
18.61,117,11,3,0,50,27.17
18.62,54,22,3,0,50,21.22
18.04,52,9,4,0,50,33.62
18.26,45,5,5,0,50,22.1
21.74,233,9,5,0,50,57.08
27.33,47,12,5,0,50,34.57
18.64,44,0,6,0,50,20.83
13.21,57,8,6,0,50,29.77
15.36,172,12,6,0,50,33.43
16.81,145,23,6,0,50,36.27
17.65,31,13,0,0,50,24.55
19.62,81,22,0,0,50,26.98
7.74,1167,22,0,0,50,86.32
6.18,34,23,0,0,50,13.62
17.93,34,12,1,0,50,20.93
1.42,40,10,2,0,50,10.72
3.53,127,10,2,0,50,27.18
19.92,59,13,2,0,50,27.43
18.12,28,22,2,0,50,21.1
17.78,113,12,3,0,50,28.52
18.66,47,22,3,0,50,19.8
14.62,126,9,4,0,50,64.12
2.61,113,10,4,0,50,14.9
12.67,61,11,4,0,50,28.8
30.24,166,13,4,0,50,49.43
18.12,34,2,5,0,50,31.42
28.38,351,5,5,0,50,81.57
53.76,286,6,5,0,50,92.15
35.8,267,0,6,0,50,63.03
5.52,536,5,6,0,50,38.3
117.08,757,6,6,0,50,198.67
47.52,311,12,6,0,50,96.17
18.12,33,22,6,0,50,18.98
1.32,252,11,0,0,50,14.87
15.56,210,22,0,0,50,38.03
4.66,2,13,1,0,50,5.55
1.0,146,13,1,0,50,11.77
15.39,177,23,1,0,50,36.28
14.22,118,10,2,0,50,36.05
22.46,102,12,2,0,50,31.73
18.39,33,22,2,0,50,18.35
15.78,341,13,3,0,50,42.87
15.49,213,23,3,0,50,38.32
18.2,116,12,4,0,50,27.67
18.06,23,22,4,0,50,17.23
252.3,326,23,4,0,50,236.82
134.38,200,4,5,0,50,130.12
43.84,127,6,5,0,50,59.6
18.79,614,8,5,0,50,160.68
10.44,90,11,5,0,50,32.02
1.42,54,19,5,0,50,6.9
3.06,172,21,5,0,50,22.08
6.59,38,21,5,0,50,9.88
10.06,215,0,6,0,50,36.9
1.49,136,1,6,0,50,17.58
11.03,77,2,6,0,50,17.53
13.6,224,8,6,0,50,54.05
8.66,185,9,6,0,50,48.22
5.07,87,11,6,0,50,15.67
18.44,151,11,6,0,50,39.63
11.71,72,19,6,0,50,31.82
12.27,428,21,6,0,50,84.07
3.72,56,1,0,0,50,13.42
8.91,200,1,0,0,50,40.15
10.92,207,3,0,0,50,54.92
19.1,258,8,0,0,50,58.55
23.63,93,12,0,0,50,37.63
22.82,59,1,1,0,50,28.85
10.02,44,1,1,0,50,25.1
205.06,370,2,1,0,50,206.78
2.27,149,6,1,0,50,19.1
217.46,314,3,2,0,50,183.93
18.58,92,8,2,0,50,30.22
18.45,39,22,2,0,50,18.77
17.45,289,9,3,0,50,58.2
21.2,93,13,3,0,50,32.13
18.61,32,22,3,0,50,20.7
18.19,68,12,4,0,50,26.1
2.26,34,0,5,0,50,9.85
3.27,60,4,5,0,50,11.57
10.97,69,6,5,0,50,27.35
3.55,27,8,5,0,50,9.77
16.97,31,12,5,0,50,19.32
21.28,76,1,6,0,50,36.98
14.08,21,10,6,0,50,23.55
15.98,52,11,6,0,50,21.48
75.24,201,12,6,0,50,109.23
18.45,32,22,6,0,50,17.97
15.73,44,13,0,0,50,19.92
18.31,30,22,0,0,50,19.65
4.89,177,10,1,0,50,23.38
19.98,257,13,1,0,50,53.95
14.67,140,3,2,0,50,28.42
18.97,36,13,2,0,50,23.92
23.34,61,22,2,0,50,37.0
6.16,44,1,3,0,50,19.2
16.24,29,13,3,0,50,19.65
18.6,47,22,3,0,50,18.55
16.61,56,14,4,0,50,23.32
15.53,205,1,5,0,50,35.83
27.49,525,1,5,0,50,118.18
8.76,98,9,5,0,50,29.52
34.07,120,13,5,0,50,48.23
25.16,339,9,6,0,50,121.22
18.6,46,22,6,0,50,18.38
20.77,181,11,0,0,50,44.83
18.67,52,22,0,0,50,18.28
15.63,65,13,1,0,50,19.65
18.64,46,22,1,0,50,19.75
4.57,138,2,2,0,50,22.52
4.12,101,3,2,0,50,23.4
13.72,21,9,2,0,50,23.93
29.05,193,11,2,0,50,44.08
29.51,112,1,3,0,50,58.13
0.84,105,1,4,0,50,8.75
18.84,89,12,4,0,50,33.07
11.44,856,0,5,0,50,75.97
9.81,569,2,5,0,50,43.37
18.6,349,7,5,0,50,64.62
6.45,202,13,5,0,50,18.8
24.7,78,1,6,0,50,45.88
23.93,178,4,6,0,50,38.33
23.77,133,0,0,0,50,50.6
13.97,31,10,0,0,50,22.1
8.32,49,10,0,0,50,20.48
1.77,39,11,0,0,50,9.78
11.35,100,12,0,0,50,23.77
9.17,78,13,0,0,50,17.15
18.56,43,21,0,0,50,19.53
25.96,279,12,1,0,50,70.57
31.14,1497,22,1,0,50,143.43
4.72,54,5,2,0,50,17.07
12.19,47,14,2,0,50,15.38
22.12,96,1,3,0,50,50.08
12.8,22,10,3,0,50,22.88
13.88,97,11,3,0,50,25.4
30.73,80,13,3,0,50,37.17
18.6,106,0,4,0,50,42.73
299.64,83,4,4,0,50,187.92
50.41,296,10,4,0,50,99.02
2.63,179,12,4,0,50,23.72
202.76,242,23,4,0,50,188.52
3.28,47,5,5,0,50,13.55
180.34,119,5,5,0,50,126.38
18.62,49,1,6,0,50,25.87
13.45,37,9,6,0,50,26.13
2.12,84,9,6,0,50,12.58
2.83,90,10,6,0,50,11.28
15.64,114,13,6,0,50,20.67
19.2,146,2,0,0,50,34.73
1.09,36,14,0,0,50,9.48
1.43,178,15,0,0,50,11.53
2.4,142,0,1,0,50,16.73
18.23,121,12,1,0,50,30.92
18.58,43,22,1,0,50,21.65
0.53,66,13,2,0,50,6.4
20.51,119,13,2,0,50,33.85
18.51,29,22,2,0,50,20.45
14.28,255,11,3,0,50,36.83
16.68,386,0,4,0,50,59.38
17.93,44,12,4,0,50,23.25
5.83,150,13,4,0,50,36.22
18.61,48,22,6,0,50,20.87
16.21,276,1,1,0,50,40.02
1.08,207,13,1,0,50,11.67
18.07,100,13,2,0,50,22.0
18.88,77,22,2,0,50,24.95
17.73,58,12,3,0,50,23.72
18.04,57,1,4,0,50,30.72
18.97,271,8,4,0,50,64.45
52.21,270,12,4,0,50,92.17
27.41,137,8,5,0,50,62.05
15.18,356,9,5,0,50,68.82
35.02,204,10,5,0,50,66.67
18.59,83,0,6,0,50,28.33
15.47,134,8,6,0,50,51.17
26.64,321,12,6,0,50,59.73
17.97,25,22,6,0,50,16.75
14.36,69,9,0,0,50,42.35
16.29,204,12,0,0,50,37.8
2.05,36,14,0,0,50,6.13
18.08,123,12,2,0,50,33.73
18.48,76,0,3,0,50,47.78
17.65,85,13,3,0,50,36.65
18.58,47,22,3,0,50,21.8
16.19,35,14,4,0,50,17.6
9.54,367,1,5,0,50,79.83
16.98,29,1,6,0,50,27.17
24.78,95,3,6,0,50,25.45
2.52,81,4,6,0,50,9.92
55.83,418,4,6,0,50,120.45
5.93,189,7,6,0,50,32.48
52.46,153,9,6,0,50,78.58
29.04,143,11,6,0,50,45.08
18.54,49,22,6,0,50,23.28
12.43,161,13,0,0,50,33.05
15.5,202,0,1,0,50,36.95
18.6,158,13,1,0,50,37.22
2.75,71,0,2,0,50,10.4
131.04,214,5,2,0,50,135.12
96.89,251,7,2,0,50,104.7
1.79,85,11,2,0,50,8.73
4.37,110,12,2,0,50,15.33
10.07,892,21,3,0,50,114.62
14.95,1414,0,4,0,50,161.4
3.33,33,5,4,0,50,9.15
2.43,25,6,4,0,50,8.18
67.78,69,8,4,0,50,55.1
16.18,26,9,4,0,50,16.33
7.77,43,13,4,0,50,11.9
18.17,29,0,5,0,50,21.43
26.13,459,8,5,0,50,118.33
32.3,187,10,5,0,50,53.3
51.12,105,3,6,0,50,75.83
25.21,102,9,6,0,50,56.27
23.89,59,12,6,0,50,34.25
18.66,78,22,6,0,50,40.92
7.91,4,10,0,0,50,9.72
1.27,224,10,0,0,50,14.08
16.85,254,0,1,0,50,37.57
7.54,97,4,1,0,50,28.25
8.93,201,5,1,0,50,48.72
18.48,78,13,1,0,50,25.1
19.25,51,1,2,0,50,30.45
18.19,41,13,2,0,50,27.1
18.27,64,1,3,0,50,31.78
15.86,242,13,3,0,50,39.32
2.91,79,0,4,0,50,11.48
19.17,150,14,4,0,50,39.25
18.19,30,1,5,0,50,24.98
10.07,1058,5,5,0,50,100.93
12.62,155,7,5,0,50,32.65
13.71,264,8,5,0,50,70.98
30.2,63,11,5,0,50,21.08
18.44,45,13,5,0,50,22.38
25.69,142,1,6,0,50,49.53
21.49,48,4,6,0,50,26.37
11.42,86,7,6,0,50,28.58
23.39,227,8,6,0,50,57.2
15.57,39,13,6,0,50,18.47
18.07,52,1,0,0,50,34.53
15.81,310,12,0,0,50,39.47
15.54,230,0,1,0,50,38.25
13.12,246,14,1,0,50,31.45
15.63,218,0,2,0,50,39.98
7.5,66,13,2,0,50,16.22
13.05,139,13,3,0,50,31.65
15.56,240,0,4,0,50,41.13
14.23,48,13,4,0,50,15.58
23.76,120,11,5,0,50,41.2
7.05,248,11,5,0,50,38.03
27.5,80,12,5,0,50,30.98
27.45,96,0,6,0,50,41.93
24.56,261,0,0,0,50,79.63
1.13,113,14,0,0,50,13.32
15.7,197,0,1,0,50,34.7
15.22,47,14,1,0,50,18.57
15.14,201,0,2,0,50,48.93
14.72,133,13,2,0,50,34.35
16.14,94,0,3,0,50,33.05
16.44,262,0,4,0,50,36.8
16.67,24,14,4,0,50,17.58
18.77,83,0,6,0,50,40.97
15.19,112,13,6,0,50,34.12
14.72,145,1,0,0,50,25.47
12.62,169,13,0,0,50,32.43
3.65,119,1,1,0,50,17.32
2.5,34,1,1,0,50,8.12
15.59,201,13,1,0,50,32.98
15.26,201,23,1,0,50,35.07
15.57,95,13,2,0,50,27.88
105.19,87,0,3,0,50,105.6
206.0,46,2,3,0,50,133.27
127.76,90,5,3,0,50,118.15
285.41,84,7,3,0,50,189.87
418.77,174,0,4,0,50,320.15
373.42,383,6,4,0,50,283.32
31.35,68,12,4,0,50,33.42
19.46,167,0,5,0,50,35.6
2.47,135,1,5,0,50,11.78
10.17,284,2,5,0,50,53.63
32.55,3243,3,5,0,50,352.42
5.27,675,22,5,0,50,46.05
5.3,406,23,5,0,50,53.68
14.18,148,2,6,0,50,25.7
37.24,125,3,6,0,50,49.75
8.59,18,4,6,0,50,7.03
52.95,102,4,6,0,50,39.33
25.47,68,6,6,0,50,34.3
99.77,229,7,6,0,50,115.82
1.13,16,9,6,0,50,6.68
3.18,67,0,0,0,50,13.07
57.46,282,1,0,0,50,99.75
3.61,123,3,0,0,50,11.5
309.95,2627,3,0,0,50,499.62
263.13,295,1,1,0,50,234.95
4.12,121,8,1,0,50,19.23
6.27,112,8,1,0,50,38.18
23.31,442,9,1,0,50,68.12
26.51,106,22,1,0,50,51.23
267.92,50,0,2,0,50,134.8
181.61,74,2,2,0,50,124.25
33.26,81,6,2,0,50,45.02
319.91,130,7,2,0,50,239.6
19.79,225,6,3,0,50,45.62
41.11,83,13,3,0,50,60.28
18.66,89,23,3,0,50,43.63
14.98,57,13,4,0,50,20.08
18.7,108,0,5,0,50,39.08
17.74,49,11,5,0,50,29.85
18.9,45,7,6,0,50,32.85
16.01,313,11,6,0,50,55.07
18.57,81,11,0,0,50,24.68
18.7,95,23,0,0,50,51.12
15.13,173,0,2,0,50,33.12
18.94,100,12,2,0,50,32.1
18.68,77,0,3,0,50,39.97
8.14,40,12,3,0,50,19.2
33.45,61,12,3,0,50,36.85
18.01,56,0,4,0,50,40.83
18.14,97,11,4,0,50,28.05
138.21,1562,3,5,0,50,292.92
24.4,182,6,6,0,50,74.77
16.85,634,9,6,0,50,84.82
16.29,46,13,6,0,50,20.68
14.82,82,0,0,0,50,35.85
18.12,84,12,0,0,50,28.2
18.39,40,0,1,0,50,31.63
15.06,142,9,1,0,50,49.35
19.15,34,12,1,0,50,19.48
18.61,40,22,1,0,50,16.53
12.88,35,14,2,0,50,13.43
18.84,131,1,3,0,50,44.23
16.95,81,12,3,0,50,30.23
18.46,46,0,4,0,50,34.92
16.59,100,10,4,0,50,48.27
2.02,65,12,4,0,50,16.25
20.48,103,6,5,0,50,40.1
7.51,57,9,5,0,50,18.23
13.95,69,9,5,0,50,39.17
23.59,35,12,5,0,50,27.12
25.11,46,3,6,0,50,30.95
14.88,65,4,6,0,50,33.45
19.33,60,7,6,0,50,32.65
15.53,191,1,0,0,50,34.68
15.62,30,12,0,0,50,19.6
18.99,138,0,1,0,50,38.67
15.47,189,12,1,0,50,34.55
2.44,38,12,2,0,50,6.25
20.26,93,13,2,0,50,27.1
18.54,128,0,3,0,50,53.97
1.96,28,1,3,0,50,10.6
15.13,54,2,3,0,50,22.93
16.06,31,12,3,0,50,18.98
18.61,65,0,4,0,50,36.98
17.72,127,11,4,0,50,45.55
37.93,186,2,5,0,50,109.45
12.1,48,4,5,0,50,17.02
56.79,247,6,5,0,50,78.52
17.04,107,7,5,0,50,20.05
23.62,166,8,5,0,50,29.9
30.2,183,9,5,0,50,67.28
19.12,56,0,6,0,50,36.43
6.65,25,5,6,0,50,9.97
3.58,105,6,6,0,50,12.53
5.06,181,0,0,0,50,28.53
15.32,66,13,0,0,50,20.08
11.55,49,14,1,0,50,23.97
16.0,286,0,2,0,50,37.0
15.16,140,12,2,0,50,42.38
15.54,137,0,3,0,50,38.88
17.62,68,11,3,0,50,24.6
47.6,186,22,3,0,50,67.22
18.41,147,1,4,0,50,66.42
24.52,37,3,4,0,50,27.57
17.14,146,6,4,0,50,35.63
34.7,407,10,6,0,50,76.7
14.68,154,0,0,0,50,30.85
0.91,95,13,0,0,50,10.32
1.99,285,1,1,0,50,19.87
15.99,257,13,1,0,50,42.37
5.82,51,1,2,0,50,11.42
16.72,51,12,2,0,50,22.87
9.54,77,13,2,0,50,19.38
1.02,164,13,2,0,50,11.13
12.87,175,12,3,0,50,31.03
2.91,50,1,4,0,50,9.75
17.06,94,12,4,0,50,27.03
22.31,30,4,5,0,50,28.6
34.33,207,5,5,0,50,61.62
20.93,73,1,0,0,50,48.23
4.72,279,1,1,0,50,33.7
0.87,120,13,1,0,50,9.97
15.02,186,1,2,0,50,40.0
17.47,64,12,2,0,50,20.97
21.09,638,1,3,0,50,89.28
14.7,206,11,3,0,50,31.63
27.02,193,4,4,0,50,76.85
19.4,145,6,4,0,50,70.4
24.78,64,8,4,0,50,37.58
17.77,95,1,5,0,50,42.65
42.56,233,2,5,0,50,51.72
21.01,573,3,5,0,50,72.13
53.84,283,4,5,0,50,129.05
25.37,103,8,5,0,50,42.15
18.54,76,2,0,0,50,24.63
6.74,93,12,0,0,50,17.73
1.36,187,12,0,0,50,15.4
3.73,146,1,1,0,50,22.6
3.77,118,1,2,0,50,15.8
1.04,131,11,2,0,50,10.58
2.87,200,1,3,0,50,29.17
17.81,59,8,3,0,50,35.23
26.75,98,11,3,0,50,35.08
18.46,65,1,4,0,50,33.2
18.44,85,13,4,0,50,24.13
18.58,104,6,5,0,50,54.9
5.57,12,11,5,0,50,8.3
19.76,54,12,5,0,50,23.07
26.18,100,3,6,0,50,52.75
13.01,51,5,6,0,50,27.52
12.65,271,9,6,0,50,53.1
9.98,13,10,6,0,50,8.05
17.9,65,2,0,0,50,34.63
0.72,41,1,1,0,50,7.0
14.76,129,1,1,0,50,27.65
11.45,194,13,1,0,50,27.62
3.11,70,1,2,0,50,16.68
13.11,62,12,2,0,50,20.83
1.14,220,13,2,0,50,12.0
12.89,61,1,3,0,50,23.93
16.47,158,12,3,0,50,39.92
1.45,70,2,4,0,50,9.77
2.61,52,2,4,0,50,5.77
12.37,233,10,4,0,50,51.42
31.22,71,13,4,0,50,37.47
24.98,130,8,6,0,50,44.7
42.65,125,12,6,0,50,58.78
18.63,55,2,0,0,50,21.65
1.13,206,13,0,0,50,13.42
1.63,151,1,1,0,50,15.65
6.94,51,2,1,0,50,11.75
12.44,229,13,1,0,50,30.25
2.14,36,12,2,0,50,8.47
1.05,85,12,2,0,50,12.25
15.55,254,1,3,0,50,43.9
1.11,150,12,3,0,50,12.83
14.25,100,1,4,0,50,25.3
15.75,32,12,4,0,50,21.55
5.57,35,3,5,0,50,20.27
31.57,39,4,5,0,50,32.87
56.04,216,5,5,0,50,97.73
5.51,135,10,5,0,50,28.15
32.25,152,2,6,0,50,55.02
6.37,112,5,6,0,50,18.6
9.81,65,6,6,0,50,19.58
4.99,53,7,6,0,50,12.75
21.46,87,1,0,0,50,33.75
15.42,177,12,0,0,50,36.65
6.46,8,2,1,0,50,11.37
16.15,215,12,1,0,50,34.23
2.83,165,1,2,0,50,16.93
18.26,76,12,2,0,50,25.65
18.54,73,2,3,0,50,34.67
1.72,177,12,3,0,50,12.1
18.07,249,1,4,0,50,52.08
18.28,99,12,4,0,50,29.75
23.52,114,3,5,0,50,39.27
20.06,60,4,5,0,50,28.87
47.8,132,6,5,0,50,60.68
4.7,57,8,5,0,50,6.72
9.05,124,9,5,0,50,21.3
17.43,97,4,6,0,50,30.83
23.46,201,5,6,0,50,62.27
18.67,72,2,0,0,50,25.63
10.29,81,12,0,0,50,13.8
21.11,114,6,1,0,50,26.58
7.84,121,8,1,0,50,19.58
15.67,205,13,1,0,50,39.25
15.69,211,12,2,0,50,36.28
0.6,56,1,3,0,50,5.02
3.56,95,2,3,0,50,12.95
13.01,53,7,4,0,50,18.38
34.92,43,0,5,0,50,51.48
74.63,75,1,5,0,50,72.55
71.99,109,8,5,0,50,85.1
49.54,124,12,5,0,50,73.12
22.72,156,1,6,0,50,44.7
12.37,91,6,6,0,50,26.35
25.23,108,8,6,0,50,41.13
25.47,147,6,0,0,50,48.48
14.92,59,9,0,0,50,30.67
1.57,106,12,0,0,50,14.68
2.58,206,12,0,0,50,28.25
5.72,94,1,2,0,50,15.38
6.91,87,6,2,0,50,26.87
16.63,111,12,3,0,50,26.27
15.63,63,13,3,0,50,35.83
29.56,88,16,3,0,50,39.68
1.58,56,6,4,0,50,5.63
54.52,125,13,4,0,50,66.12
18.63,56,11,5,0,50,23.2
15.75,337,13,5,0,50,45.98
1.13,107,1,0,0,50,11.95
0.97,88,14,0,0,50,9.17
16.98,328,14,1,0,50,54.98
1.1,78,0,2,0,50,6.08
21.93,440,12,2,0,50,61.58
9.44,30,1,4,0,50,9.62
6.97,288,9,4,0,50,43.9
37.51,179,11,4,0,50,61.43
22.56,131,5,5,0,50,34.3
21.08,33,8,5,0,50,25.07
7.53,127,5,6,0,50,28.27
18.52,491,6,6,0,50,106.75
19.33,181,1,0,0,50,48.55
15.36,230,12,0,0,50,35.87
8.04,95,1,1,0,50,14.22
12.92,69,2,2,0,50,13.55
15.21,202,13,2,0,50,36.2
2.29,39,1,3,0,50,15.98
6.12,215,1,4,0,50,29.88
11.77,228,2,4,0,50,34.62
16.33,75,13,4,0,50,26.32
49.92,178,3,5,0,50,85.97
36.73,116,5,5,0,50,34.53
44.92,75,8,5,0,50,56.98
29.63,223,11,5,0,50,48.82
11.18,18,7,6,0,50,21.38
6.53,22,13,6,0,50,12.35
1.42,165,13,6,0,50,11.17
0.83,105,1,0,0,50,7.93
13.7,135,13,0,0,50,37.82
36.5,884,1,1,0,50,142.27
6.62,47,4,1,0,50,9.62
5.67,8,13,1,0,50,6.65
1.27,227,13,1,0,50,13.52
1.34,115,2,2,0,50,11.13
15.51,238,12,2,0,50,37.25
16.92,299,2,3,0,50,40.0
15.28,259,13,3,0,50,35.55
16.56,183,3,4,0,50,33.25
18.59,50,13,4,0,50,30.92
28.54,142,2,6,0,50,45.25
10.13,176,5,6,0,50,34.3
4.8,43,6,6,0,50,14.7
3.51,104,7,6,0,50,16.47
20.57,86,11,6,0,50,28.07
50.69,42,12,6,0,50,31.93
0.73,78,1,0,0,50,7.22
6.32,137,15,1,0,50,20.27
15.78,130,1,2,0,50,39.33
15.53,228,14,3,0,50,46.88
17.59,252,1,4,0,50,38.43
2.51,61,6,4,0,50,9.97
17.9,35,11,4,0,50,28.77
1.9,123,3,5,0,50,15.15
21.75,314,13,5,0,50,56.65
59.06,559,10,6,0,50,113.98
17.54,44,13,6,0,50,22.03
18.68,321,1,0,0,50,42.85
1.1,153,13,0,0,50,10.33
30.8,155,2,1,0,50,30.42
3.54,40,4,1,0,50,11.73
12.42,144,13,1,0,50,28.27
15.89,192,12,2,0,50,41.78
15.99,314,1,3,0,50,43.98
29.27,57,12,3,0,50,40.23
3.49,9,5,4,0,50,7.15
1.81,78,6,4,0,50,12.52
14.01,295,12,4,0,50,41.58
1.93,62,3,5,0,50,5.95
6.17,63,8,5,0,50,23.42
11.06,146,14,5,0,50,40.98
45.97,38,20,5,0,50,47.7
146.52,109,21,5,0,50,176.85
101.32,10,1,6,0,50,53.12
50.05,81,6,6,0,50,66.6
359.95,62,8,6,0,50,249.52
19.77,41,12,6,0,50,38.07
357.38,148,23,6,0,50,236.53
5.79,34,5,0,0,50,12.47
443.62,213,6,0,0,50,309.27
326.52,239,0,1,0,50,262.45
4.12,140,7,4,0,50,24.07
2.45,82,8,4,0,50,16.43
2.89,46,11,4,0,50,13.95
4.43,58,11,4,0,50,15.2
5.1,228,3,5,0,50,34.85
4.9,123,5,5,0,50,30.05
3.56,46,8,6,0,50,12.75
3.71,49,10,6,0,50,15.48
1.86,55,1,0,0,50,18.68
2.7,60,1,0,0,50,23.57
4.83,89,2,0,0,50,22.4
2.14,33,9,0,0,50,7.15
2.19,20,10,0,0,50,7.15
1.86,30,0,1,0,50,12.82
3.63,53,1,1,0,50,11.18
4.38,33,1,1,0,50,9.67
4.38,15,2,1,0,50,8.38
17.64,104,1,2,0,50,42.0
3.25,50,2,2,0,50,10.83
6.97,141,2,2,0,50,56.85
24.84,93,4,2,0,50,54.32
2.54,11,1,3,0,50,6.45
2.94,117,1,3,0,50,25.77
2.43,57,2,3,0,50,21.55
1.69,19,3,3,0,50,6.53
2.89,55,5,3,0,50,20.15
203.53,137,0,4,0,50,161.13
9.38,91,6,4,0,50,23.78
4.88,93,6,4,0,50,18.42
15.21,135,7,4,0,50,49.9
3.43,18,9,4,0,50,7.8
9.29,32,12,4,0,50,21.72
10.19,72,13,4,0,50,41.12
96.86,92,0,5,0,50,87.4
278.4,9,2,5,0,50,145.02
442.83,175,5,5,0,50,280.47
104.34,60,23,5,0,50,65.8
445.21,95,1,6,0,50,226.97
406.39,123,5,6,0,50,279.12
100.17,94,10,6,0,50,77.62
12.3,79,12,6,0,50,35.37
24.84,42,13,6,0,50,30.47
18.68,35,1,0,0,50,22.67
14.71,200,11,0,0,50,36.62
15.97,240,1,1,0,50,38.23
14.71,222,12,2,0,50,34.27
20.01,289,1,3,0,50,57.9
4.82,80,3,3,0,50,15.22
1.19,103,13,3,0,50,14.12
20.45,182,1,4,0,50,44.65
18.81,140,5,4,0,50,39.97
7.54,106,9,4,0,50,30.3
28.42,185,11,4,0,50,42.47
14.56,158,7,6,0,50,34.93
17.0,72,9,1,0,50,49.02
7.67,54,10,1,0,50,20.13
12.82,27,13,1,0,50,16.32
15.74,316,13,1,0,50,42.35
3.23,52,1,2,0,50,6.35
16.52,392,12,2,0,50,65.22
9.76,43,1,3,0,50,16.85
1.42,93,14,3,0,50,10.82
0.92,157,14,3,0,50,10.13
13.34,53,8,4,0,50,28.97
25.22,40,8,4,0,50,37.95
34.82,60,23,5,0,50,42.15
6.38,75,0,6,0,50,16.28
17.4,84,1,6,0,50,35.77
0.97,17,7,6,0,50,8.22
9.14,22,8,6,0,50,22.98
12.5,30,9,6,0,50,23.07
5.27,17,9,6,0,50,16.12
15.87,263,12,6,0,50,41.2
15.76,229,1,0,0,50,36.07
15.38,211,12,0,0,50,35.13
8.92,208,1,1,0,50,42.82
6.22,205,13,1,0,50,30.15
6.92,60,2,2,0,50,11.28
15.03,208,13,2,0,50,40.32
3.21,102,1,3,0,50,15.07
4.97,45,4,3,0,50,15.63
5.97,147,7,3,0,50,30.0
14.03,229,11,3,0,50,40.72
15.1,160,1,4,0,50,32.63
0.61,36,2,4,0,50,5.5
4.6,19,8,4,0,50,11.0
18.73,159,8,4,0,50,68.13
4.3,52,10,4,0,50,17.92
24.75,42,13,4,0,50,31.1
41.65,81,10,6,0,50,57.83
18.29,311,12,6,0,50,41.53
14.57,80,1,0,0,50,24.13
14.78,231,12,0,0,50,33.93
3.73,101,1,1,0,50,16.68
6.23,42,9,1,0,50,16.97
5.3,85,10,1,0,50,17.38
15.83,250,12,1,0,50,38.75
1.12,136,2,2,0,50,11.22
0.75,130,12,2,0,50,8.25
15.43,139,2,3,0,50,26.9
17.64,89,8,4,0,50,44.28
14.78,10,9,4,0,50,21.87
16.03,35,13,4,0,50,20.8
3.13,146,5,6,0,50,14.5
28.0,71,8,6,0,50,62.98
23.91,221,12,6,0,50,59.32
14.76,171,13,6,0,50,36.98
15.51,131,1,0,0,50,32.55
4.15,164,12,0,0,50,19.47
14.77,148,2,1,0,50,27.42
14.95,196,12,1,0,50,36.78
15.15,164,1,2,0,50,38.85
15.12,161,1,3,0,50,30.08
15.43,245,14,3,0,50,39.78
15.29,142,1,4,0,50,34.13
19.7,85,8,4,0,50,62.05
25.54,32,12,4,0,50,29.48
16.38,56,9,5,0,50,38.87
20.96,37,14,5,0,50,23.6
40.43,58,12,6,0,50,45.57
15.77,284,13,6,0,50,37.68
13.89,118,1,0,0,50,25.68
1.11,124,11,0,0,50,12.75
0.81,129,12,0,0,50,8.97
15.69,177,1,1,0,50,37.25
15.88,221,13,1,0,50,38.45
7.94,13,1,2,0,50,14.7
15.26,241,12,2,0,50,33.53
0.95,149,13,3,0,50,11.42
15.25,150,1,4,0,50,34.5
13.27,42,8,4,0,50,30.65
2.55,56,9,4,0,50,17.85
22.47,67,12,4,0,50,45.73
8.06,52,0,5,0,50,17.68
9.94,47,1,5,0,50,25.73
18.29,123,2,5,0,50,45.02
21.22,332,2,6,0,50,97.85
23.93,53,5,6,0,50,33.97
9.79,44,6,6,0,50,17.62
27.29,106,10,6,0,50,56.7
24.09,45,14,6,0,50,29.1
20.61,13,7,0,0,50,24.2
19.47,30,7,0,0,50,25.6
9.14,48,9,0,0,50,17.13
34.05,66,11,0,0,50,46.08
16.72,41,11,1,0,50,31.03
16.26,35,13,1,0,50,25.58
7.02,60,14,1,0,50,10.83
0.84,110,14,1,0,50,9.7
14.61,99,1,2,0,50,27.78
12.04,229,12,2,0,50,30.3
8.95,31,1,3,0,50,11.17
15.79,207,13,3,0,50,36.7
15.58,256,1,4,0,50,39.7
13.29,33,9,4,0,50,28.15
6.11,52,10,4,0,50,23.3
29.12,1559,0,5,0,50,181.38
2.43,177,3,5,0,50,17.15
16.23,56,2,6,0,50,27.73
44.21,143,3,6,0,50,68.1
3.68,39,7,6,0,50,8.43
33.53,89,9,6,0,50,49.33
16.47,63,10,6,0,50,26.78
2.67,21,12,6,0,50,5.77
15.9,272,14,6,0,50,42.93
14.93,127,1,0,0,50,27.08
4.41,157,12,0,0,50,18.77
9.38,54,1,1,0,50,12.77
15.99,120,9,1,0,50,58.72
23.13,47,12,1,0,50,37.88
5.66,210,13,1,0,50,24.27
16.88,330,1,2,0,50,62.45
3.24,35,11,2,0,50,6.67
19.63,38,13,2,0,50,24.65
18.34,55,1,3,0,50,32.43
15.64,202,0,4,0,50,42.47
12.97,44,8,4,0,50,26.75
1.36,51,10,4,0,50,6.7
27.44,57,11,4,0,50,34.07
37.4,55,11,6,0,50,46.25
15.57,184,12,6,0,50,36.63
15.76,216,1,0,0,50,48.45
15.55,214,12,0,0,50,33.0
15.21,193,1,1,0,50,39.52
12.41,29,9,1,0,50,22.68
4.58,63,9,1,0,50,18.97
20.39,73,11,1,0,50,27.18
14.28,99,13,1,0,50,22.95
15.86,270,0,2,0,50,41.38
13.26,26,11,3,0,50,16.97
13.25,17,13,3,0,50,16.5
16.01,243,13,3,0,50,42.68
14.04,114,1,4,0,50,27.28
12.26,67,3,5,0,50,33.03
2.47,19,9,5,0,50,5.68
24.11,33,11,5,0,50,40.37
21.04,42,6,6,0,50,35.75
14.96,150,11,0,0,50,30.97
15.8,262,1,1,0,50,40.65
15.88,217,1,2,0,50,41.03
15.34,314,12,2,0,50,34.78
16.0,277,0,3,0,50,45.98
17.52,192,9,3,0,50,80.87
17.58,32,13,3,0,50,18.32
15.6,246,14,3,0,50,40.42
15.01,152,1,4,0,50,30.8
4.38,74,3,4,0,50,20.3
12.63,288,15,4,0,50,34.0
17.3,371,7,5,0,50,56.32
13.82,44,8,5,0,50,23.6
27.43,123,9,5,0,50,49.2
2.9,254,12,5,0,50,16.88
15.6,228,1,1,0,50,45.83
15.84,288,13,1,0,50,36.83
15.4,216,1,2,0,50,34.37
7.36,140,3,2,0,50,24.1
11.96,101,5,2,0,50,15.57
13.54,116,0,4,0,50,29.32
18.6,55,13,4,0,50,30.87
24.58,71,7,5,0,50,33.6
16.62,1454,8,5,0,50,146.35
2.63,22,11,5,0,50,6.05
24.47,36,11,5,0,50,26.25
30.1,41,0,6,0,50,38.42
13.28,95,3,6,0,50,38.97
6.92,46,7,6,0,50,17.37
19.17,64,10,6,0,50,25.63
16.01,271,13,6,0,50,34.43
15.41,245,1,0,0,50,47.45
30.85,43,13,0,0,50,43.72
16.81,25,13,0,0,50,11.53
16.16,212,0,1,0,50,41.28
15.21,195,12,2,0,50,36.28
15.8,278,0,3,0,50,49.77
8.44,218,13,3,0,50,32.78
38.3,130,12,4,0,50,68.7
5.16,31,4,5,0,50,12.02
17.48,58,10,5,0,50,33.93
23.26,54,8,6,0,50,50.78
2.63,43,12,6,0,50,7.22
17.6,24,12,6,0,50,17.73
16.07,378,13,6,0,50,41.62
15.87,226,1,0,0,50,41.03
0.67,110,13,0,0,50,7.58
18.7,341,15,1,0,50,48.5
14.78,64,9,2,0,50,34.92
20.52,48,11,2,0,50,27.48
0.96,152,14,2,0,50,10.93
15.51,294,0,3,0,50,44.17
17.02,119,9,3,0,50,73.57
21.36,49,13,3,0,50,25.72
18.91,276,14,3,0,50,35.32
0.59,41,1,4,0,50,5.82
13.31,74,7,5,0,50,39.92
19.04,112,10,5,0,50,52.17
37.3,144,13,5,0,50,48.4
30.71,84,1,6,0,50,40.07
35.79,108,2,0,0,50,58.0
12.29,472,3,0,0,50,91.9
19.47,102,13,0,0,50,29.77
4.58,48,0,1,0,50,12.33
9.1,233,4,1,0,50,30.22
14.34,203,6,1,0,50,33.27
5.64,19,10,1,0,50,7.9
12.27,87,12,1,0,50,24.73
8.64,69,1,4,0,50,15.15
17.97,34,13,4,0,50,22.25
35.85,94,8,5,0,50,80.65
17.49,77,12,5,0,50,23.63
65.79,278,1,6,0,50,114.35
12.83,103,4,6,0,50,20.47
68.71,299,5,6,0,50,98.4
29.23,63,9,6,0,50,49.68
24.95,51,11,6,0,50,32.27
2.23,55,13,6,0,50,6.48
15.54,250,1,0,0,50,35.28
11.49,306,7,0,0,50,41.32
9.03,104,12,0,0,50,21.8
10.02,85,13,0,0,50,16.77
15.66,255,0,1,0,50,45.0
12.88,23,8,1,0,50,19.13
13.91,46,8,1,0,50,31.35
33.14,44,12,1,0,50,37.3
15.9,320,13,1,0,50,40.75
15.38,223,0,2,0,50,45.83
15.23,235,13,2,0,50,33.27
15.82,267,1,3,0,50,37.28
5.66,174,13,3,0,50,20.95
15.08,197,1,4,0,50,32.6
18.18,40,13,4,0,50,24.27
5.86,31,9,5,0,50,14.23
13.15,90,11,5,0,50,36.7
28.97,22,13,5,0,50,27.27
25.42,78,13,5,0,50,30.0
41.51,72,12,6,0,50,46.27
15.7,294,13,6,0,50,41.62
3.84,174,0,0,0,50,24.57
10.94,47,8,0,0,50,27.3
42.96,56,11,0,0,50,48.58
16.09,311,13,0,0,50,40.08
15.63,228,0,1,0,50,46.57
15.59,282,13,1,0,50,40.05
15.8,211,0,2,0,50,36.77
17.72,78,1,2,0,50,33.77
3.34,28,3,2,0,50,8.58
15.85,210,13,2,0,50,38.82
16.63,353,0,3,0,50,64.33
7.82,352,5,3,0,50,69.35
9.96,43,8,3,0,50,17.97
4.98,79,10,3,0,50,25.78
20.17,43,12,3,0,50,24.57
15.82,316,13,3,0,50,39.75
15.48,253,1,4,0,50,35.17
15.99,270,13,4,0,50,39.65
1.39,142,0,5,0,50,15.48
1.38,65,1,5,0,50,5.85
13.27,66,9,5,0,50,39.67
2.84,52,10,5,0,50,13.18
29.53,144,12,5,0,50,48.55
1.64,16,0,6,0,50,10.12
134.28,85,0,6,0,50,93.13
202.24,223,2,6,0,50,154.88
67.85,25,7,6,0,50,53.38
126.5,112,8,6,0,50,130.6
26.64,28,10,6,0,50,26.2
10.85,22,0,0,0,50,24.12
10.9,17,3,0,0,50,19.13
8.32,32,6,0,0,50,19.93
1.72,12,6,0,0,50,11.38
0.99,0,8,0,0,50,8.6
2.99,34,8,0,0,50,25.57
1.67,31,9,0,0,50,12.53
18.4,69,9,0,0,50,80.28
15.06,42,1,1,0,50,18.42
2.38,60,6,1,0,50,12.82
232.51,172,0,2,0,50,190.63
202.2,228,4,2,0,50,148.07
141.63,125,7,2,0,50,108.97
23.98,49,11,2,0,50,31.22
25.22,28,12,2,0,50,26.17
18.71,61,1,3,0,50,43.08
15.64,251,13,3,0,50,45.6
15.83,241,0,4,0,50,43.6
38.44,53,12,4,0,50,53.88
13.69,61,6,5,0,50,25.4
14.88,61,8,5,0,50,37.7
11.84,56,12,5,0,50,27.17
18.66,42,13,5,0,50,23.0
24.12,77,1,0,0,50,43.33
3.22,36,9,0,0,50,13.18
33.23,49,11,0,0,50,35.73
15.78,289,13,0,0,50,40.25
15.68,183,13,1,0,50,41.43
9.74,24,13,2,0,50,11.35
6.63,103,14,2,0,50,13.75
1.17,129,14,2,0,50,13.95
3.05,144,0,3,0,50,20.62
0.73,50,1,3,0,50,5.67
13.22,20,11,3,0,50,17.0
17.66,33,12,3,0,50,18.8
1.5,205,13,3,0,50,13.1
2.91,77,0,4,0,50,24.25
13.57,1044,2,4,0,50,161.4
13.44,37,12,4,0,50,22.75
25.18,36,13,4,0,50,28.48
9.24,49,0,0,0,50,11.73
16.69,286,1,1,0,50,50.45
15.97,321,11,1,0,50,41.12
15.58,275,0,2,0,50,39.18
12.56,67,11,2,0,50,29.53
10.24,52,11,2,0,50,20.02
12.77,35,13,2,0,50,15.57
23.58,36,14,2,0,50,30.35
18.94,173,1,3,0,50,83.07
15.39,246,14,3,0,50,41.08
15.74,168,0,4,0,50,44.82
38.56,74,14,4,0,50,44.05
18.61,60,7,5,0,50,36.63
18.1,107,9,5,0,50,50.52
24.94,38,12,5,0,50,28.37
20.22,48,8,6,0,50,31.8
18.61,36,9,6,0,50,22.73
23.42,94,1,0,0,50,50.82
2.62,204,12,0,0,50,19.38
1.24,86,1,1,0,50,11.58
5.78,27,12,1,0,50,8.9
1.1,189,12,1,0,50,12.9
15.72,266,1,2,0,50,36.42
15.76,376,13,3,0,50,52.95
0.89,38,1,4,0,50,5.05
15.75,70,12,4,0,50,40.67
2.81,73,13,4,0,50,24.0
1.05,52,1,0,0,50,8.27
41.37,122,1,1,0,50,75.72
8.7,43,10,1,0,50,17.63
8.24,30,12,1,0,50,14.13
24.93,26,14,1,0,50,23.22
17.84,81,15,2,0,50,26.05
15.5,213,1,3,0,50,48.33
3.08,55,12,3,0,50,7.4
0.82,40,0,4,0,50,5.98
3.69,66,10,4,0,50,23.92
19.49,44,11,4,0,50,33.3
24.97,45,13,4,0,50,31.55
51.48,212,2,6,0,50,90.67
20.63,76,5,6,0,50,26.27
30.09,60,5,6,0,50,38.58
14.72,37,7,6,0,50,23.37
10.78,38,9,6,0,50,20.97
35.68,187,13,6,0,50,56.6
23.74,130,1,1,0,50,46.85
1.1,113,9,1,0,50,10.87
3.35,198,13,2,0,50,13.47
10.34,234,1,3,0,50,31.22
0.76,41,2,3,0,50,8.42
19.03,124,12,3,0,50,39.73
23.85,96,1,4,0,50,52.43
3.49,68,9,4,0,50,16.97
0.98,38,10,4,0,50,5.32
19.55,111,12,4,0,50,32.77
22.62,96,9,5,0,50,60.8
19.85,49,13,5,0,50,26.22
18.49,54,10,6,0,50,30.43
14.41,102,11,6,0,50,25.03
1.2,131,12,0,0,50,10.73
24.34,74,1,1,0,50,41.5
12.28,84,1,2,0,50,20.02
20.52,475,12,2,0,50,47.22
1.06,122,10,3,0,50,8.78
2.1,296,11,3,0,50,20.0
1.81,73,1,4,0,50,14.42
4.59,60,1,4,0,50,10.1
35.88,95,1,5,0,50,61.3
10.42,158,2,5,0,50,37.92
14.68,43,4,5,0,50,18.87
3.61,84,8,5,0,50,11.32
8.82,66,9,5,0,50,25.32
25.24,40,11,5,0,50,31.25
24.25,104,7,6,0,50,53.12
16.0,209,14,6,0,50,37.4
3.72,33,1,0,0,50,9.2
15.21,220,1,1,0,50,35.65
0.94,91,12,1,0,50,11.22
0.94,141,13,2,0,50,10.92
13.94,134,0,3,0,50,29.15
1.56,229,1,3,0,50,16.5
30.99,102,8,3,0,50,46.72
11.57,50,11,3,0,50,21.45
51.68,255,23,3,0,50,98.97
8.05,33,6,4,0,50,17.75
37.81,35,6,5,0,50,41.1
38.6,66,9,5,0,50,47.45
65.08,155,1,6,0,50,93.15
12.54,42,3,6,0,50,26.22
26.21,42,3,6,0,50,30.03
77.7,221,7,6,0,50,118.35
19.78,122,12,6,0,50,33.92
13.42,111,1,0,0,50,28.58
23.77,108,1,1,0,50,46.03
9.33,49,11,1,0,50,10.73
15.54,115,1,2,0,50,30.17
12.55,177,11,2,0,50,32.77
30.58,169,1,3,0,50,27.78
1.16,119,13,3,0,50,8.5
2.48,13,1,4,0,50,7.7
21.22,40,14,4,0,50,26.58
18.59,60,8,6,0,50,36.88
15.43,166,1,1,0,50,32.57
15.92,257,11,1,0,50,36.67
15.46,126,1,2,0,50,31.88
1.34,183,11,2,0,50,12.65
1.58,31,1,3,0,50,5.67
16.3,100,6,3,0,50,31.82
1.23,108,8,3,0,50,14.0
15.04,36,8,3,0,50,21.48
0.54,71,11,3,0,50,5.32
1.88,88,1,4,0,50,12.28
29.23,150,13,4,0,50,57.35
46.24,188,2,5,0,50,149.22
24.83,68,6,5,0,50,39.7
17.78,103,1,6,0,50,50.93
27.77,68,2,6,0,50,52.58
30.54,141,4,6,0,50,65.32
25.6,134,8,6,0,50,60.75
15.44,171,0,0,0,50,35.93
1.1,185,10,0,0,50,13.13
39.65,153,1,1,0,50,83.77
35.71,65,3,1,0,50,56.87
3.56,149,5,1,0,50,21.12
1.33,189,10,1,0,50,13.77
31.91,81,7,2,0,50,57.75
16.26,52,8,2,0,50,26.4
31.98,37,11,2,0,50,45.1
23.95,146,1,3,0,50,60.45
6.53,1,11,3,0,50,8.42
0.98,65,11,3,0,50,8.32
0.86,92,1,4,0,50,7.38
1.88,36,10,4,0,50,10.03
5.12,30,13,4,0,50,10.17
11.11,24,14,4,0,50,15.8
63.18,88,5,5,0,50,61.03
37.09,253,6,5,0,50,61.57
17.08,116,8,5,0,50,43.4
16.8,87,9,5,0,50,23.58
12.91,26,9,5,0,50,13.08
4.13,31,10,5,0,50,9.5
67.74,108,11,5,0,50,69.47
22.99,128,9,6,0,50,53.02
3.44,37,11,6,0,50,9.78
26.17,48,13,6,0,50,29.35
2.86,58,1,0,0,50,11.43
2.2,61,13,0,0,50,10.15
24.64,125,1,1,0,50,52.28
1.86,36,13,1,0,50,5.63
1.32,153,14,2,0,50,13.0
30.9,141,13,4,0,50,63.13
13.44,114,1,0,0,50,32.42
26.69,147,0,1,0,50,83.4
31.15,37,3,1,0,50,33.1
4.46,136,4,1,0,50,26.47
4.91,85,6,1,0,50,17.3
29.1,85,7,1,0,50,43.0
44.51,103,11,1,0,50,63.83
39.02,138,0,3,0,50,71.28
2.13,230,2,3,0,50,24.32
17.45,156,11,3,0,50,21.92
5.84,180,12,3,0,50,24.62
2.08,273,13,3,0,50,20.02
41.88,73,14,3,0,50,53.43
23.18,71,23,3,0,50,37.12
2.69,39,0,4,0,50,8.22
26.39,35,4,4,0,50,31.8
18.76,71,7,4,0,50,34.25
47.81,183,1,5,0,50,68.25
18.62,497,2,5,0,50,123.12
20.42,190,6,5,0,50,50.12
48.3,193,7,5,0,50,74.4
31.27,68,10,5,0,50,54.9
30.98,45,13,5,0,50,36.83
3.6,111,1,0,0,50,15.07
2.19,30,1,0,0,50,7.28
19.53,195,12,0,0,50,41.7
14.94,137,1,2,0,50,32.33
1.12,152,13,2,0,50,12.27
0.82,44,1,3,0,50,7.33
3.57,52,10,3,0,50,9.88
14.56,93,1,4,0,50,26.07
0.77,74,11,4,0,50,6.43
14.11,242,7,5,0,50,37.32
1.34,175,8,5,0,50,10.4
1.01,108,1,6,0,50,6.75
0.91,170,13,6,0,50,10.83
15.56,271,1,0,0,50,43.22
3.55,154,1,1,0,50,23.88
18.07,39,12,1,0,50,29.3
28.6,94,8,2,0,50,58.67
27.22,67,11,2,0,50,30.07
7.06,47,8,4,0,50,13.77
5.81,30,9,4,0,50,11.02
12.18,36,10,4,0,50,19.63
23.63,60,1,5,0,50,43.67
1.22,200,11,5,0,50,12.7
8.08,56,1,0,0,50,13.65
7.02,44,6,0,0,50,13.68
25.23,34,8,0,0,50,26.17
37.05,162,13,0,0,50,53.02
4.79,96,3,1,0,50,18.68
316.6,358,6,1,0,50,321.57
3.56,53,1,3,0,50,16.72
5.97,253,3,3,0,50,40.65
2.75,89,4,3,0,50,14.5
6.07,137,5,3,0,50,32.13
23.26,799,6,3,0,50,140.78
13.36,433,1,4,0,50,85.82
47.76,696,6,4,0,50,90.47
45.97,207,8,4,0,50,63.75
84.59,69,22,4,0,50,77.63
126.64,70,0,5,0,50,113.27
212.93,264,0,6,0,50,200.43
63.56,89,6,0,0,50,53.62
8.2,36,8,0,0,50,17.97
145.82,81,9,0,0,50,114.88
93.54,106,1,1,0,50,113.95
4.03,10,4,1,0,50,6.8
54.61,149,5,1,0,50,65.87
92.77,101,11,1,0,50,99.82
18.07,54,11,2,0,50,37.7
15.0,46,12,2,0,50,27.12
29.55,12,2,4,0,50,19.2
31.29,29,3,4,0,50,30.9
27.24,13,4,4,0,50,23.03
8.32,23,8,4,0,50,26.6
9.19,7,9,4,0,50,7.75
59.39,17,13,4,0,50,42.12
24.55,4,18,4,0,50,16.07
22.3,9,22,4,0,50,20.15
124.93,5,0,5,0,50,79.48
3.36,4,1,5,0,50,6.3
18.56,61,3,5,0,50,31.55
23.68,83,1,0,0,50,41.27
2.01,108,10,0,0,50,17.78
14.36,88,13,1,0,50,24.02
13.58,156,1,2,0,50,31.32
15.74,236,13,2,0,50,47.62
16.52,93,11,3,0,50,32.88
18.16,33,1,4,0,50,28.47
18.09,74,9,4,0,50,32.27
30.96,197,5,5,0,50,53.97
30.41,137,9,5,0,50,50.72
35.24,191,8,6,0,50,90.92
27.07,110,12,6,0,50,34.02
23.68,75,1,0,0,50,37.57
1.17,182,9,0,0,50,12.93
16.03,268,1,1,0,50,41.0
22.68,106,8,2,0,50,50.02
18.91,81,1,3,0,50,33.18
18.27,104,11,4,0,50,30.78
17.58,74,3,6,0,50,37.93
2.51,74,7,6,0,50,10.13
12.14,31,11,6,0,50,17.03
18.61,83,0,0,0,50,42.53
3.88,49,7,2,0,50,8.62
18.06,51,1,3,0,50,32.1
36.57,173,12,4,0,50,72.22
62.77,207,2,5,0,50,85.0
7.74,365,4,5,0,50,55.95
3.86,29,5,5,0,50,11.93
75.23,1266,5,5,0,50,224.83
23.82,121,1,0,0,50,44.58
22.24,166,8,4,0,50,53.63
24.2,90,1,0,0,50,40.57
22.36,144,11,4,0,50,44.22
1.33,40,12,4,0,50,5.08
23.81,113,0,0,0,50,54.32
3.03,74,10,4,0,50,26.75
23.52,171,0,0,0,50,59.98
3.9,112,10,4,0,50,32.58
19.9,139,13,4,0,50,42.32
23.41,78,0,0,0,50,41.6
22.12,71,12,1,0,50,35.87
24.17,231,0,2,0,50,50.88
22.7,96,13,2,0,50,35.97
23.63,79,1,3,0,50,41.43
0.7,96,13,3,0,50,7.73
2.58,71,1,4,0,50,9.4
18.78,228,10,4,0,50,75.18
19.79,60,15,4,0,50,21.35
23.23,112,1,0,0,50,41.6
7.14,86,11,0,0,50,15.48
1.35,252,12,0,0,50,16.12
2.52,77,12,3,0,50,20.57
20.11,120,12,3,0,50,44.23
6.92,25,1,4,0,50,10.98
29.38,356,6,5,0,50,93.12
5.82,239,9,5,0,50,48.98
1.37,63,11,5,0,50,10.6
26.74,173,12,5,0,50,40.4
23.33,100,1,0,0,50,44.65
18.23,59,12,0,0,50,28.38
17.72,76,6,3,0,50,34.03
24.24,368,5,4,0,50,56.2
19.61,290,6,4,0,50,43.68
17.9,920,3,6,0,50,100.67
8.22,513,7,6,0,50,39.1
15.86,117,11,6,0,50,28.95
2.28,53,0,1,0,50,8.77
22.97,84,1,2,0,50,43.55
1.17,59,0,3,0,50,7.03
0.81,86,1,4,0,50,8.12
19.3,177,12,4,0,50,42.98
1.07,112,12,0,0,50,11.82
1.51,62,0,1,0,50,10.35
1.7,146,12,1,0,50,11.45
39.04,215,15,4,0,50,54.83
24.09,157,1,0,0,50,47.7
17.61,141,12,4,0,50,39.37
19.74,101,7,5,0,50,47.87
2.71,61,8,5,0,50,12.22
2.28,42,15,5,0,50,8.95
22.78,96,16,5,0,50,26.35
18.12,138,1,0,0,50,40.3
6.93,58,13,0,0,50,23.37
28.0,203,14,0,0,50,46.32
19.48,125,0,1,0,50,52.22
194.41,135,6,0,0,50,162.57
223.12,175,0,0,0,50,182.3
2.97,38,10,4,0,50,12.73
19.36,44,13,4,0,50,23.42
29.73,55,8,5,0,50,39.03
0.6,94,9,5,0,50,6.32
37.14,123,14,5,0,50,48.67
27.52,275,5,6,0,50,57.38
28.89,153,8,6,0,50,54.62
23.93,102,1,0,0,50,41.55
18.3,106,13,4,0,50,29.62
23.85,126,0,0,0,50,51.27
4.21,137,5,1,0,50,28.22
10.81,175,6,1,0,50,27.23
26.72,112,12,1,0,50,35.18
19.32,58,0,3,0,50,34.5
7.32,21,4,3,0,50,7.95
12.29,37,7,3,0,50,16.57
21.74,18,10,4,0,50,61.23
10.86,14,11,5,0,50,22.28
15.22,0,12,5,0,50,17.05
36.2,1,12,5,0,50,25.4
14.41,2,13,5,0,50,11.08
2.06,5,5,1,0,50,12.52
2.31,2,9,1,0,50,14.15
2.22,10,10,1,0,50,13.68
0.81,8,7,2,0,50,9.58
4.09,9,10,4,0,50,32.52
5.49,11,13,4,0,50,37.82
17.4,1941,6,1,0,50,121.6
8.25,1242,11,1,0,50,77.95
12.21,458,14,1,0,50,53.05
11.57,770,1,4,0,50,52.65
6.87,234,5,4,0,50,24.0
4.15,127,19,0,0,50,26.15
17.61,198,14,5,0,50,70.42
1.65,66,16,5,0,50,15.15
3.95,246,16,5,0,50,37.57
13.49,439,12,6,0,50,82.43
20.41,291,14,6,0,50,82.3
6.3,443,15,6,0,50,70.62
30.56,319,18,6,0,50,91.75
15.24,765,20,6,0,50,115.45
5.04,171,18,5,0,50,32.82
18.09,217,17,5,0,50,73.52
12.43,131,21,5,0,50,40.6
7.46,328,14,6,0,50,52.65
3.64,117,17,6,0,50,17.23
4.13,87,17,6,0,50,24.82
4.84,141,12,5,0,50,22.0
11.8,348,18,4,0,50,65.05
30.04,1186,21,4,0,50,214.95
3.01,35,13,5,0,50,12.18
19.75,437,14,5,0,50,122.15
27.25,920,19,5,0,50,194.27
2.37,63,14,6,0,50,7.72
19.45,513,15,6,0,50,110.37
1.9,124,17,6,0,50,21.75
17.55,219,18,6,0,50,46.4
6.47,231,18,0,0,50,39.75
8.15,480,18,1,0,50,90.75
5.22,147,17,3,0,50,23.12
5.02,115,9,4,0,50,19.67
2.29,68,19,4,0,50,8.83
4.23,211,19,4,0,50,36.28
5.41,176,21,1,0,50,32.08
3.14,151,12,0,0,50,26.8
2.47,117,12,0,0,50,17.33
1.67,11,11,4,0,50,6.28
2.34,21,12,4,0,50,11.05
11.99,48,18,4,0,50,35.1
7.77,24,9,5,0,50,15.18
35.29,28,10,5,0,50,48.53
12.72,15,13,5,0,50,16.85
8.15,13,13,5,0,50,13.35
7.34,53,14,5,0,50,42.42
6.34,14,17,5,0,50,21.73
30.8,31,18,5,0,50,25.42
29.65,42,20,5,0,50,43.22
9.79,15,6,6,0,50,16.33
10.29,40,7,6,0,50,27.23
1.39,36,8,6,0,50,10.4
47.98,68,6,1,0,50,59.92
7.83,71,7,1,0,50,44.57
99.27,152,9,1,0,50,154.6
5.38,35,12,1,0,50,19.7
151.33,249,13,1,0,50,249.32
8.06,29,20,1,0,50,10.58
6.32,7,8,2,0,50,14.17
5.1,34,19,3,0,50,16.7
34.05,48,21,3,0,50,52.95
6.34,16,8,4,0,50,15.02
0.72,15,18,4,0,50,5.3
11.75,94,20,4,0,50,31.42
10.27,91,7,1,0,50,45.28
10.14,43,20,2,0,50,24.4
6.85,12,8,3,0,50,18.7
2.54,23,18,3,0,50,8.88
2.78,29,19,3,0,50,17.22
33.25,100,21,3,0,50,49.1
6.31,74,7,4,0,50,23.8
5.73,26,8,4,0,50,20.23
7.53,72,9,4,0,50,12.77
5.81,25,11,4,0,50,15.75
5.02,43,12,4,0,50,13.0
5.71,52,14,4,0,50,13.85
13.2,76,16,4,0,50,42.78
8.12,33,17,4,0,50,23.7
8.07,60,18,4,0,50,20.35
6.7,31,9,4,0,50,18.7
7.92,29,18,4,0,50,25.9
4.45,22,11,2,0,50,13.33
5.2,48,13,2,0,50,21.1
4.64,83,16,2,0,50,45.23
8.49,33,18,2,0,50,21.75
34.35,46,19,2,0,50,41.7
40.83,42,7,3,0,50,44.78
0.94,21,8,3,0,50,5.75
0.93,19,12,3,0,50,9.33
19.34,27,12,3,0,50,23.08
6.69,16,13,3,0,50,9.03
7.93,12,14,3,0,50,12.53
7.78,27,18,3,0,50,19.25
16.16,65,7,2,0,50,39.62
1.86,14,8,2,0,50,7.3
8.58,25,9,2,0,50,22.5
4.98,33,11,2,0,50,15.93
4.32,33,13,2,0,50,9.58
1.83,99,23,4,0,50,20.67
15.9,67,10,5,0,50,31.67
4.19,23,11,5,0,50,9.65
7.23,128,14,5,0,50,43.95
7.67,200,16,6,0,50,64.1
18.55,394,19,2,0,50,67.15
41.43,754,10,4,0,50,106.45
48.38,1062,12,4,0,50,119.43
9.82,137,23,4,0,50,24.07
10.59,100,0,5,0,50,21.67
173.85,361,9,5,0,50,159.43
1.82,224,15,5,0,50,19.17
1.22,93,8,5,0,50,9.42
29.07,243,14,6,0,50,72.23
22.33,297,17,6,0,50,72.42
3.11,215,18,6,0,50,32.68
3.54,76,19,6,0,50,14.1
11.8,103,8,3,0,50,34.3
2.29,7,15,1,0,50,7.57
4.52,31,0,2,0,50,34.25
3.97,22,15,2,0,50,9.15
4.11,15,11,4,0,50,17.18
6.36,18,5,5,0,50,19.05
3.45,9,3,0,0,50,10.97
2.09,14,15,0,0,50,16.23
3.64,17,13,1,0,50,9.82
2.24,25,9,4,0,50,16.5
2.5,25,10,4,0,50,18.27
0.57,7,14,4,0,50,5.48
3.08,7,2,5,0,50,11.05
1.14,13,10,0,0,50,6.0
5.97,52,12,5,0,50,44.55
5.16,23,0,0,0,50,27.1
1.02,5,1,3,0,50,6.73
1.31,10,15,3,0,50,8.68
1.02,9,1,4,0,50,7.73
2.5,12,5,5,0,50,10.65
4.16,3,15,5,0,50,11.22
1.27,13,1,1,0,50,10.6
4.1,11,12,4,0,50,14.05
35.04,70,5,5,0,50,72.7
31.05,15,7,5,0,50,41.28
1.25,11,15,5,0,50,5.12
1.12,10,0,0,0,50,10.33
9.03,18,0,1,0,50,23.63
8.3,12,1,2,0,50,12.92
6.86,11,5,2,0,50,13.4
9.15,20,6,2,0,50,18.0
7.37,13,6,3,0,50,10.0
6.92,17,9,3,0,50,23.23
1.03,7,11,2,0,50,9.02
1.24,17,11,2,0,50,13.47
1.38,14,23,4,0,50,16.08
7.68,35,0,5,0,50,38.3
22.21,41,2,5,0,50,56.0
31.92,36,7,5,0,50,62.17
52.16,53,8,5,0,50,111.7
11.22,11,12,5,0,50,15.05
1.84,20,10,6,0,50,11.03
1.78,35,10,6,0,50,14.73
0.61,14,11,6,0,50,5.22
4.11,13,14,5,0,50,14.13
1.95,15,4,6,0,50,17.77
1.12,13,1,0,0,50,12.07
15.16,45,9,1,0,50,39.97
6.87,26,11,1,0,50,22.15
6.53,27,5,2,0,50,16.32
2.64,17,23,1,0,50,7.35
6.31,20,8,2,0,50,11.88
2.77,24,10,2,0,50,21.75
3.27,12,23,2,0,50,6.02
3.4,20,12,3,0,50,24.1
4.09,15,23,3,0,50,10.42
3.15,7,1,3,0,50,9.1
3.93,19,11,3,0,50,22.42
63.76,20,18,3,0,50,71.85
2.99,12,19,4,0,50,17.43
1.29,11,22,4,0,50,5.57
2.25,7,10,5,0,50,6.6
7.45,10,22,5,0,50,13.0
2.96,7,23,0,0,50,10.15
3.2,11,11,2,0,50,13.35
3.97,12,10,4,0,50,13.6
2.39,18,20,2,0,50,12.13
2.32,31,23,3,0,50,11.82
5.65,19,21,4,0,50,18.27
2.82,9,23,0,0,50,5.65
12.22,6,23,0,0,50,7.72
3.35,6,12,4,0,50,9.92
2.72,4,23,0,0,50,8.55
2.65,7,9,1,0,50,8.43
7.31,303,14,2,0,50,44.63
7.15,624,10,5,0,50,84.92
7.44,328,10,6,0,50,53.92
16.82,219,5,3,0,50,45.47
3.44,172,1,5,0,50,36.45
0.68,54,2,5,0,50,6.43
8.19,343,14,4,0,50,49.88
3.31,211,1,5,0,50,35.08
1.45,103,1,0,0,50,7.8
0.79,48,2,0,0,50,5.15
8.73,48,12,2,0,50,12.93
1194.31,231,8,5,0,50,683.08
690.84,260,20,5,0,50,451.93
17.7,106,3,6,0,50,38.42
6.31,199,3,1,0,50,34.58
3.69,32,10,4,0,50,22.92
4.39,48,0,5,0,50,29.17
3.89,36,7,5,0,50,32.5
3.77,37,13,5,0,50,23.45
16.51,56,2,6,0,50,63.58
5.32,26,8,6,0,50,43.18
13.43,27,11,6,0,50,30.33
13.43,38,13,6,0,50,51.67
4.4,7,14,6,0,50,16.0
1.07,9,13,1,0,50,9.98
25.3,35,6,4,0,50,76.52
25.43,38,12,4,0,50,55.52
164.38,784,21,3,0,50,206.65
1298.22,390,1,4,0,50,918.93
199.91,9,17,4,0,50,130.58
7.27,111,14,3,0,50,74.25
2.89,19,6,4,0,50,22.33
1.47,22,6,4,0,50,16.02
11.48,23,9,5,0,50,16.87
4.61,58,2,3,0,50,26.63
3.97,14,1,0,0,50,22.2
4.38,34,15,2,0,50,33.03
2.79,23,1,4,0,50,13.3
2.31,19,15,0,0,50,18.07
4.09,31,15,0,0,50,28.27
2.81,25,1,1,0,50,14.9
12.5,80,10,1,0,50,66.67
1.92,28,12,1,0,50,22.05
2.9,16,23,2,0,50,20.53
1.34,23,13,3,0,50,13.68
0.81,17,14,3,0,50,9.67
2.12,14,0,1,0,50,13.97
2.95,6,0,2,0,50,19.58
5.47,21,12,2,0,50,41.5
12.67,50,13,2,0,50,31.85
2.56,35,8,1,0,50,26.5
4.5,44,14,1,0,50,40.87
7.81,30,5,2,0,50,32.78
5.93,21,6,2,0,50,34.73
2.12,14,10,2,0,50,9.52
2.39,12,23,3,0,50,9.63
5.85,27,0,4,0,50,28.72
2.68,37,4,3,0,50,26.77
1.84,15,0,2,0,50,7.9
1.67,24,14,3,0,50,11.03
1.55,13,0,4,0,50,7.62
1.09,19,3,4,0,50,10.15
1.94,22,3,5,0,50,12.55
6.29,6,23,2,0,50,16.27
142.04,114,0,3,0,50,232.08
0.94,4,14,5,0,50,5.32
9.8,27,12,5,0,50,33.97
7.84,9,2,6,0,50,18.38
9.38,38,13,6,0,50,36.13
9.09,14,3,0,0,50,17.7
1.66,10,22,1,0,50,7.78
6.21,25,4,2,0,50,29.5
127.88,161,4,2,0,50,165.88
32.77,32,3,6,0,50,54.95
11.56,10,6,6,0,50,23.57
30.67,0,7,6,0,50,18.75
3.02,1,8,6,0,50,7.05
24.09,1,8,6,0,50,23.47
13.63,2,9,6,0,50,10.68
71.66,0,9,6,0,50,51.48
9.11,4,10,6,0,50,15.97
21.98,0,11,6,0,50,14.93
75.96,63,11,6,0,50,112.88
7.3,6,1,1,0,50,20.28
6.52,15,2,2,0,50,15.0
14.39,84,13,0,0,50,19.5
8.94,26,15,0,0,50,10.25
0.63,29,15,0,0,50,5.85
8.84,50,1,1,0,50,18.23
9.55,119,1,4,0,50,21.73
3.77,16,4,6,0,50,6.63
32.45,50,15,6,0,50,32.97
8.33,42,1,3,0,50,11.38
9.98,81,14,3,0,50,16.97
9.2,46,2,4,0,50,16.58
11.14,135,11,4,0,50,31.7
18.01,43,13,4,0,50,13.5
33.15,59,15,4,0,50,32.67
26.52,138,5,5,0,50,57.18
26.04,91,8,5,0,50,42.72
99.25,239,2,6,0,50,119.1
14.57,448,5,6,0,50,76.33
45.31,1249,7,6,0,50,131.38
84.82,320,9,6,0,50,105.87
23.96,126,13,6,0,50,33.27
37.53,59,16,6,0,50,35.07
1.7,158,14,0,0,50,19.6
7.47,61,16,1,0,50,9.32
2.06,101,2,2,0,50,9.38
2.88,22,2,2,0,50,7.43
2.06,93,11,2,0,50,10.4
11.93,101,13,2,0,50,18.83
9.62,67,1,3,0,50,16.48
10.14,92,14,3,0,50,18.05
12.69,60,10,4,0,50,30.37
15.06,244,11,4,0,50,45.27
30.15,128,14,4,0,50,42.77
6.27,64,16,0,0,50,9.55
9.14,55,1,1,0,50,24.78
9.2,22,15,1,0,50,14.27
0.61,69,15,2,0,50,6.58
9.49,77,1,3,0,50,30.48
1.07,113,8,3,0,50,7.93
8.27,26,15,3,0,50,10.98
7.74,61,1,4,0,50,15.42
2.7,45,6,5,0,50,9.75
7.7,275,6,5,0,50,38.6
19.1,320,10,5,0,50,56.43
20.24,134,5,0,0,50,49.47
0.99,53,16,1,0,50,5.0
2.94,25,1,2,0,50,6.6
7.98,34,15,2,0,50,9.97
15.53,64,1,3,0,50,24.07
10.7,209,2,3,0,50,28.3
4.53,80,14,3,0,50,10.65
9.75,104,1,4,0,50,24.45
9.64,62,11,4,0,50,16.65
9.03,71,11,6,0,50,19.87
21.17,53,2,0,0,50,24.42
27.98,111,12,0,0,50,45.55
9.17,56,2,1,0,50,22.48
24.93,165,12,1,0,50,54.0
11.53,102,2,2,0,50,22.6
16.56,240,6,2,0,50,58.88
9.76,58,14,2,0,50,14.58
12.36,61,15,3,0,50,17.32
9.58,76,2,4,0,50,20.27
8.09,66,10,4,0,50,18.93
9.33,46,14,5,0,50,13.22
0.66,16,4,1,0,50,7.45
10.57,121,5,1,0,50,42.3
7.66,512,9,1,0,50,54.65
14.53,652,10,1,0,50,73.33
17.98,51,13,1,0,50,15.55
7.53,37,2,2,0,50,12.93
8.91,43,14,2,0,50,12.03
311.63,132,23,4,0,50,234.1
2.18,29,3,5,0,50,10.42
21.6,52,5,5,0,50,100.98
6.58,105,7,5,0,50,24.52
6.12,246,8,5,0,50,33.33
321.64,423,7,6,0,50,262.07
10.12,48,13,6,0,50,6.15
8.33,33,2,4,0,50,13.37
6.94,26,1,1,0,50,9.43
8.56,68,12,2,0,50,15.58
20.91,45,1,3,0,50,23.33
8.52,24,11,4,0,50,11.85
24.65,279,8,5,0,50,73.9
8.45,24,16,2,0,50,8.6
9.17,45,2,4,0,50,16.8
6.43,17,16,4,0,50,7.33
9.37,52,15,4,0,50,12.75
9.89,51,16,5,0,50,13.68
4.09,54,5,6,0,50,8.83
9.52,78,12,0,0,50,14.47
9.15,62,11,1,0,50,16.82
9.12,49,16,6,0,50,12.53
9.0,26,2,0,0,50,14.4
8.78,33,15,0,0,50,12.08
8.72,32,2,1,0,50,15.33
9.03,45,11,1,0,50,15.48
7.24,29,2,2,0,50,11.73
9.67,46,14,2,0,50,12.15
5.51,27,14,3,0,50,8.23
9.77,92,3,4,0,50,17.83
3.73,115,11,4,0,50,19.77
14.93,184,13,4,0,50,31.7
66.32,146,2,5,0,50,72.83
4.04,42,5,5,0,50,9.65
60.65,98,5,5,0,50,62.38
8.5,41,2,0,0,50,14.53
3.93,74,10,0,0,50,13.63
7.98,25,16,0,0,50,11.72
4.05,36,2,1,0,50,9.6
15.48,46,14,1,0,50,9.6
6.7,42,2,2,0,50,12.75
7.77,33,14,2,0,50,10.73
19.58,20,21,2,0,50,16.45
17.65,125,2,3,0,50,46.6
26.03,83,3,3,0,50,32.83
187.45,256,4,3,0,50,173.28
2.22,83,7,3,0,50,20.07
3.26,259,9,3,0,50,25.88
1.83,33,10,3,0,50,11.15
1.66,184,11,3,0,50,18.2
2.79,115,11,4,0,50,26.47
7.1,207,12,4,0,50,27.32
5.25,164,13,6,0,50,14.87
1.02,48,6,0,0,50,5.8
3.8,75,9,0,0,50,8.12
30.17,1,3,2,0,50,19.3
35.14,2,3,2,0,50,23.48
51.77,23,4,2,0,50,40.42
7.42,3,6,2,0,50,7.02
409.02,31,6,2,0,50,294.85
47.28,6,12,2,0,50,34.95
210.32,24,13,2,0,50,138.33
6.9,91,8,3,0,50,19.93
11.37,517,6,4,0,50,64.93
31.13,415,8,4,0,50,73.15
4.92,31,3,5,0,50,10.3
3.75,119,4,5,0,50,14.5
7.61,31,2,6,0,50,10.6
10.26,38,10,6,0,50,13.78
6.3,55,2,0,0,50,10.95
9.76,52,13,0,0,50,14.87
8.11,93,2,1,0,50,16.25
1.69,132,6,1,0,50,12.25
2.0,200,9,1,0,50,20.57
23.71,31,10,1,0,50,21.27
25.55,275,16,1,0,50,81.93
6.84,15,2,3,0,50,8.18
8.83,43,11,3,0,50,14.43
13.36,93,12,3,0,50,26.45
4.14,41,1,4,0,50,7.67
41.35,38,13,4,0,50,29.82
2.72,41,2,0,0,50,5.43
6.92,123,11,0,0,50,17.87
9.02,42,1,1,0,50,15.02
9.96,42,11,1,0,50,14.27
11.88,147,1,2,0,50,27.25
8.71,88,1,3,0,50,30.72
9.25,77,11,3,0,50,18.58
7.23,46,11,4,0,50,13.12
11.85,147,5,5,0,50,51.38
19.3,354,6,6,0,50,92.68
2.53,26,8,6,0,50,6.72
6.64,56,3,0,0,50,10.58
7.08,40,15,0,0,50,9.83
8.51,29,2,1,0,50,14.2
12.12,26,11,1,0,50,16.25
10.17,97,12,1,0,50,24.55
9.74,20,16,1,0,50,11.68
7.85,40,2,3,0,50,15.1
8.25,23,16,3,0,50,9.65
2.6,131,1,4,0,50,23.12
8.83,212,2,4,0,50,32.47
1.81,62,5,4,0,50,19.07
12.66,205,10,4,0,50,36.88
12.89,90,14,4,0,50,24.68
10.4,37,16,4,0,50,13.03
8.3,125,0,0,0,50,18.15
86.23,173,16,5,0,50,72.22
60.47,38,1,6,0,50,47.03
7.83,20,11,4,0,50,10.05
16.93,763,4,5,0,50,92.8
10.12,94,13,1,0,50,17.45
3.33,41,3,2,0,50,7.85
10.42,29,8,2,0,50,17.1
2.15,47,5,3,0,50,20.25
11.95,147,4,6,0,50,32.75
9.72,92,6,6,0,50,29.07
6.44,25,7,6,0,50,10.75
10.36,22,13,0,0,50,10.52
5.8,76,2,1,0,50,10.27
7.71,58,14,1,0,50,12.57
9.23,18,14,2,0,50,10.73
8.69,48,3,3,0,50,14.12
9.43,23,15,3,0,50,11.72
10.19,93,1,4,0,50,20.32
20.61,486,10,4,0,50,77.0
6.16,87,11,4,0,50,16.45
7.0,86,8,5,0,50,16.83
2.48,72,11,5,0,50,10.37
21.38,366,6,6,0,50,78.83
7.95,30,3,0,0,50,12.18
6.79,50,15,1,0,50,10.22
7.89,14,14,2,0,50,9.35
9.71,81,2,3,0,50,18.42
11.48,37,14,3,0,50,15.5
1.26,163,13,4,0,50,11.37
6.61,12,14,4,0,50,12.23
219.46,155,5,5,0,50,185.27
19.17,642,7,6,0,50,117.35
5.82,68,10,6,0,50,16.93
2.51,125,2,0,0,50,11.25
10.56,399,3,0,0,50,54.77
4.88,345,4,0,0,50,39.38
2.28,251,5,0,0,50,21.48
219.38,151,6,0,0,50,186.22
8.65,37,2,1,0,50,12.53
9.33,24,16,1,0,50,12.85
11.05,44,2,2,0,50,17.05
9.27,39,16,2,0,50,13.02
9.67,95,2,3,0,50,20.85
10.31,36,16,3,0,50,12.97
8.85,41,2,4,0,50,14.87
4.78,124,11,4,0,50,15.7
4.3,91,13,4,0,50,13.9
10.88,44,15,4,0,50,15.47
17.92,63,8,5,0,50,24.12
10.81,36,11,5,0,50,14.87
4.64,79,9,6,0,50,17.55
17.59,58,13,6,0,50,24.57
8.56,34,4,3,0,50,13.88
10.66,50,15,3,0,50,13.9
9.17,29,3,4,0,50,15.42
10.04,38,2,5,0,50,17.1
15.55,157,9,6,0,50,33.55
11.19,55,13,6,0,50,17.5
9.72,57,3,0,0,50,17.7
9.98,29,15,0,0,50,12.45
9.19,41,2,1,0,50,17.63
7.82,135,14,1,0,50,15.42
5.52,312,14,1,0,50,52.03
4.57,145,5,3,0,50,18.48
99.98,350,5,3,0,50,136.05
17.18,139,10,6,0,50,29.0
8.02,28,2,0,0,50,12.48
10.1,28,13,0,0,50,13.1
9.36,50,1,1,0,50,21.4
10.47,91,10,1,0,50,24.07
10.7,59,13,2,0,50,16.83
94.02,98,3,5,0,50,103.28
95.55,421,7,5,0,50,137.0
2.98,67,9,5,0,50,10.43
103.13,447,9,6,0,50,113.58
3.88,246,12,6,0,50,25.05
8.76,48,3,0,0,50,14.85
18.13,100,11,0,0,50,41.6
7.68,81,13,0,0,50,16.92
8.72,27,2,1,0,50,13.73
9.96,41,11,1,0,50,14.43
8.93,56,2,2,0,50,14.92
8.89,43,13,2,0,50,13.67
10.09,67,1,3,0,50,20.73
10.04,22,14,3,0,50,12.37
8.15,59,1,4,0,50,21.32
9.78,31,12,4,0,50,13.63
26.76,98,6,5,0,50,58.73
28.69,84,8,5,0,50,45.0
1.05,24,12,6,0,50,8.85
10.07,71,14,6,0,50,19.6
10.35,27,13,0,0,50,14.8
9.15,28,2,1,0,50,13.45
9.82,28,16,1,0,50,12.58
9.0,21,12,2,0,50,13.15
11.95,183,12,3,0,50,45.98
9.41,86,0,4,0,50,22.45
10.43,75,10,4,0,50,30.35
8.97,65,2,0,0,50,23.95
9.9,36,16,0,0,50,12.18
20.84,62,8,1,0,50,31.7
7.7,14,18,1,0,50,8.95
4.95,3,20,2,0,50,6.32
9.3,41,2,3,0,50,16.57
15.55,237,11,3,0,50,29.7
9.77,54,3,4,0,50,16.12
9.05,33,13,4,0,50,12.82
3.39,124,2,5,0,50,16.8
2.1,76,5,5,0,50,8.87
3.53,37,6,5,0,50,10.7
4.54,195,6,6,0,50,30.58
8.98,34,2,0,0,50,15.4
10.4,50,11,0,0,50,14.57
10.58,40,2,1,0,50,25.53
11.1,96,12,1,0,50,24.05
1.89,206,13,1,0,50,15.88
19.46,88,7,2,0,50,36.03
29.14,539,22,5,0,50,140.23
10.33,53,15,1,0,50,12.98
23.01,75,15,2,0,50,25.4
8.63,29,2,3,0,50,12.43
2.57,99,10,3,0,50,25.08
9.37,20,13,3,0,50,11.93
9.22,33,2,4,0,50,14.68
10.1,78,10,4,0,50,35.4
54.04,395,0,5,0,50,127.55
6.88,49,4,5,0,50,12.27
1.7,57,8,5,0,50,10.85
8.54,28,2,1,0,50,14.05
16.82,175,11,1,0,50,50.93
11.88,24,13,1,0,50,17.03
7.83,28,4,2,0,50,11.3
9.53,23,0,3,0,50,11.3
8.3,55,9,3,0,50,24.25
0.99,137,11,3,0,50,11.12
10.47,59,20,3,0,50,15.27
10.03,44,19,4,0,50,16.13
3.5,89,16,5,0,50,12.38
16.45,533,16,5,0,50,82.1
36.51,141,5,6,0,50,19.62
10.16,52,10,0,0,50,14.57
10.32,52,21,0,0,50,13.8
8.55,43,11,1,0,50,16.27
8.0,17,22,1,0,50,9.48
9.19,48,10,2,0,50,15.1
9.98,75,21,2,0,50,14.62
10.36,287,8,5,0,50,99.23
13.41,123,11,5,0,50,34.68
16.36,339,12,5,0,50,60.47
14.76,113,16,1,0,50,28.38
10.07,107,17,1,0,50,29.07
10.52,35,21,1,0,50,13.67
12.1,56,12,3,0,50,22.6
13.39,237,16,3,0,50,29.63
8.73,21,22,3,0,50,11.18
7.73,90,9,4,0,50,21.15
7.39,34,0,5,0,50,8.97
22.2,97,8,5,0,50,42.28
13.75,128,9,5,0,50,39.37
24.21,91,10,5,0,50,49.55
316.04,160,6,6,0,50,265.45
300.18,391,12,6,0,50,279.28
24.6,11,10,0,0,50,17.1
8.44,767,11,0,0,50,84.75
3.01,69,13,0,0,50,17.28
160.02,634,13,0,0,50,189.85
4.71,44,17,0,0,50,11.7
0.75,45,17,0,0,50,8.02
90.11,23,8,1,0,50,69.92
3.24,72,11,1,0,50,20.52
37.09,208,13,1,0,50,87.57
85.38,41,15,1,0,50,81.87
170.31,503,8,2,0,50,243.65
31.91,741,16,2,0,50,198.53
10.39,80,20,2,0,50,27.03
4.91,356,20,2,0,50,49.9
90.21,106,9,3,0,50,70.13
62.91,62,11,3,0,50,67.28
138.68,81,14,3,0,50,139.8
87.34,126,17,3,0,50,123.18
3.84,36,21,3,0,50,7.97
1.86,22,8,4,0,50,6.98
216.71,106,9,4,0,50,254.22
67.54,186,13,4,0,50,72.28
174.83,628,15,4,0,50,297.17
165.96,237,9,5,0,50,161.08
5.38,197,13,5,0,50,38.92
6.49,349,14,5,0,50,59.7
8.77,74,15,5,0,50,27.15
239.68,369,17,5,0,50,271.95
6.7,32,22,5,0,50,12.2
3.99,88,17,1,0,50,21.23
0.85,60,18,1,0,50,5.98
25.75,84,21,2,0,50,45.43
25.41,65,22,2,0,50,37.18
7.84,71,19,3,0,50,19.15
11.31,281,17,4,0,50,39.28
7.56,128,9,5,0,50,46.53
8.64,31,11,5,0,50,15.25
7.02,38,10,6,0,50,12.92
5.5,208,11,6,0,50,30.73
16.47,243,17,0,0,50,57.7
10.2,127,17,1,0,50,34.78
9.93,39,20,2,0,50,13.27
5.7,77,17,4,0,50,20.13
19.65,154,18,4,0,50,43.58
17.18,107,19,4,0,50,19.87
5.24,37,20,4,0,50,10.13
5.41,28,20,4,0,50,22.15
4.84,197,21,4,0,50,37.05
30.9,74,12,5,0,50,34.18
1.8,78,22,6,0,50,7.1
39.68,272,1,0,0,50,63.22
17.71,26,3,0,0,50,19.55
1.74,72,4,0,0,50,14.57
2.24,75,6,3,0,50,23.03
17.6,127,8,3,0,50,118.38
4.33,115,10,3,0,50,9.35
26.03,442,5,4,0,50,61.05
5.89,206,1,5,0,50,41.03
1.9,22,2,5,0,50,5.53
7.35,124,2,5,0,50,16.77
27.38,58,5,0,0,50,22.4
16.58,638,7,0,0,50,108.95
1.36,100,9,0,0,50,10.5
3.15,32,3,1,0,50,15.35
2.01,46,6,1,0,50,6.05
3.02,156,7,1,0,50,23.3
7.0,40,9,1,0,50,14.0
11.58,321,11,1,0,50,105.43
9.04,115,5,2,0,50,27.02
16.36,113,9,2,0,50,44.4
85.83,1305,4,3,0,50,235.33
43.28,369,10,3,0,50,91.6
9.49,119,0,4,0,50,30.6
26.66,33,21,5,0,50,27.87
20.36,64,7,2,0,50,38.32
29.91,125,21,6,0,50,48.72
9.81,209,8,0,0,50,30.23
8.27,22,23,1,0,50,10.2
25.15,715,10,6,0,50,116.27
10.05,63,19,0,0,50,24.15
9.2,53,10,1,0,50,15.5
9.84,37,21,1,0,50,13.9
10.15,35,22,2,0,50,11.93
9.86,75,9,3,0,50,19.4
8.25,46,22,3,0,50,12.1
10.38,43,21,4,0,50,14.63
8.6,29,11,0,0,50,12.62
10.07,20,13,1,0,50,13.0
14.75,158,2,2,0,50,37.92
130.14,119,5,2,0,50,118.67
96.23,275,7,2,0,50,133.92
3.35,141,10,2,0,50,20.17
11.75,392,12,2,0,50,66.0
2.7,40,3,4,0,50,11.1
98.07,118,8,4,0,50,96.1
124.05,253,10,4,0,50,147.42
7.87,20,2,1,0,50,12.77
3.22,39,11,1,0,50,17.42
27.24,110,12,1,0,50,56.18
1.13,66,1,2,0,50,8.8
9.58,53,2,2,0,50,16.83
2.3,109,10,2,0,50,18.5
13.52,102,14,2,0,50,35.42
9.8,50,1,3,0,50,16.58
9.12,27,4,4,0,50,14.17
9.85,28,12,4,0,50,14.02
34.74,716,5,6,0,50,154.27
33.34,238,9,6,0,50,68.67
7.14,69,12,6,0,50,16.27
9.28,21,4,0,0,50,13.17
11.41,21,14,0,0,50,18.83
9.52,50,2,1,0,50,16.75
11.43,30,15,1,0,50,19.17
8.04,19,2,2,0,50,12.25
8.46,18,12,2,0,50,12.25
9.29,67,13,3,0,50,17.67
9.23,27,3,4,0,50,14.5
46.21,448,5,4,0,50,134.57
9.85,45,15,0,0,50,14.1
9.28,27,3,1,0,50,15.33
10.18,23,15,1,0,50,12.75
9.42,28,4,2,0,50,16.17
10.56,73,12,2,0,50,21.08
7.77,36,4,3,0,50,14.5
10.51,48,10,4,0,50,25.52
9.46,21,4,6,0,50,15.25
10.16,33,13,6,0,50,14.75
10.1,22,12,0,0,50,14.17
7.54,3850,10,0,0,50,38.42
2.03,783,11,0,0,50,9.93
2.11,1212,11,0,0,50,14.17
6.44,3695,0,1,0,50,38.17
1.47,693,11,1,0,50,6.93
1.0,694,12,1,0,50,5.98
4.96,1858,0,2,0,50,18.3
7.67,5428,10,4,0,50,51.85
1.69,1346,12,4,0,50,14.72
6.29,2866,4,5,0,50,35.13
2.18,1214,5,5,0,50,15.87
2.76,2438,5,5,0,50,26.0
1.72,1304,6,5,0,50,13.73
1.84,874,6,5,0,50,8.93
7.16,3558,0,0,0,50,41.07
2.31,605,9,4,0,50,7.42
2.76,1447,10,4,0,50,13.4
10.34,6064,11,4,0,50,62.43
2.63,1527,5,5,0,50,21.42
45.1,19277,5,5,0,50,198.8
6.67,2532,11,6,0,50,29.98
5.89,1564,10,5,0,50,15.45
18.91,10857,8,6,0,50,111.97
6.34,3688,0,0,0,50,34.48
8.46,3025,10,4,0,50,31.57
8.9,2146,5,5,0,50,23.0
6.94,2546,6,5,0,50,25.2
8.5,1669,7,6,0,50,19.3
2.81,1540,7,6,0,50,13.65
1.57,646,9,6,0,50,5.42
11.79,2304,11,6,0,50,38.02
6.05,3344,0,0,0,50,33.27
5.88,2978,12,3,0,50,34.87
6.02,3773,0,5,0,50,35.38
14.34,12879,8,5,0,50,135.1
3.29,2190,11,5,0,50,26.32
8.39,2607,0,6,0,50,27.28
8.98,2186,11,6,0,50,22.87
5.91,3996,0,0,0,50,37.05
10.4,2857,10,0,0,50,40.62
0.99,340,12,0,0,50,5.82
5.87,3038,13,0,0,50,31.47
8.19,2035,0,1,0,50,21.9
7.15,1651,11,1,0,50,18.33
7.41,1954,11,2,0,50,22.6
7.8,1858,1,3,0,50,21.23
5.62,3929,0,4,0,50,37.0
56.58,34275,3,5,0,50,378.15
2.97,2132,0,6,0,50,23.4
166.2,18939,0,6,0,50,232.58
9.08,11,11,3,0,50,19.95
3.55,10,1,4,0,50,18.8
1.6,4,5,4,0,50,7.15
2.8,12,7,4,0,50,15.65
29.74,45,23,4,0,50,45.22
33.39,60,7,5,0,50,110.23
14.05,30,22,5,0,50,27.33
10.41,34,23,5,0,50,21.17
28.05,46,7,6,0,50,71.47
7.56,22,1,0,0,50,24.43
8.48,17,11,1,0,50,23.18
7.65,9,11,2,0,50,22.9
8.13,14,1,4,0,50,24.55
34.77,69,22,4,0,50,80.88
13.36,9,7,5,0,50,27.82
5.54,33,7,5,0,50,42.25
33.8,41,22,5,0,50,59.95
33.37,82,7,6,0,50,114.05
7.4,7,0,0,0,50,28.22
7.98,15,1,1,0,50,22.28
7.8,13,1,2,0,50,28.68
7.42,9,11,2,0,50,23.33
4.42,8,0,3,0,50,12.53
8.33,6,11,3,0,50,23.7
3.15,10,4,4,0,50,15.08
1.68,8,7,4,0,50,8.3
6.41,13,6,2,0,50,10.55
6.9,8,8,2,0,50,12.87
19.73,67,11,6,0,50,58.85
5.5,21,13,6,0,50,15.75
15.41,51,15,6,0,50,35.85
72.06,161,9,5,0,50,87.13
22.14,161,11,5,0,50,45.12
91.62,162,15,5,0,50,115.08
2.44,17,15,5,0,50,14.15
10.69,58,15,5,0,50,38.72
6.14,34,16,5,0,50,18.73
10.31,58,17,5,0,50,42.1
58.0,143,8,6,0,50,157.82
38.5,494,14,6,0,50,140.15
23.72,115,16,6,0,50,60.8
7.34,164,6,0,0,50,41.78
3.48,132,18,0,0,50,22.95
1.83,48,7,1,0,50,6.37
8.76,131,17,1,0,50,31.07
4.28,52,19,1,0,50,13.97
5.47,33,8,2,0,50,14.65
12.82,283,17,2,0,50,40.83
8.39,146,21,2,0,50,23.52
2.16,48,7,3,0,50,6.98
2.13,53,7,4,0,50,6.85
8.25,129,17,4,0,50,35.87
1.01,57,8,5,0,50,5.47
1.14,129,9,5,0,50,13.6
7.24,375,10,5,0,50,80.78
28.26,97,12,5,0,50,29.62
22.87,140,15,5,0,50,31.55
22.27,273,17,5,0,50,76.97
7.06,125,13,6,0,50,28.68
24.16,72,18,6,0,50,22.83
24.51,106,19,6,0,50,29.43
2.04,55,8,0,0,50,12.25
4.6,131,17,0,0,50,39.8
3.15,62,19,0,0,50,11.18
22.93,19,2,2,0,50,14.32
2.28,32,17,2,0,50,7.72
7.92,100,19,2,0,50,26.72
15.02,0,20,2,0,50,10.97
6.04,81,1,0,0,50,20.02
9.5,68,15,0,0,50,22.97
8.27,137,1,1,0,50,28.17
8.43,59,11,1,0,50,18.65
7.44,71,1,2,0,50,24.7
2.37,42,13,2,0,50,5.17
7.58,53,13,2,0,50,11.35
8.71,181,1,3,0,50,36.05
9.01,44,16,3,0,50,14.47
289.16,432,0,4,0,50,243.95
15.96,201,5,4,0,50,67.33
8.9,98,9,4,0,50,29.57
293.03,207,11,4,0,50,225.38
18.2,178,6,5,0,50,44.28
4.73,198,7,5,0,50,38.78
23.34,466,8,5,0,50,99.22
8.56,368,13,5,0,50,42.55
7.91,116,4,6,0,50,24.43
7.99,70,17,6,0,50,13.77
6.96,67,1,0,0,50,25.5
13.09,252,9,0,0,50,72.17
8.66,194,4,1,0,50,29.95
24.73,249,15,1,0,50,58.88
2.46,51,9,2,0,50,6.77
13.63,416,12,2,0,50,56.55
1.93,292,2,3,0,50,22.92
1.84,182,14,3,0,50,15.98
25.47,569,8,4,0,50,114.63
23.14,236,17,4,0,50,45.6
3.33,196,3,5,0,50,38.0
24.78,276,6,5,0,50,55.67
8.99,559,7,6,0,50,62.93
8.99,218,0,0,0,50,25.17
9.41,175,11,0,0,50,29.0
8.0,114,1,1,0,50,22.57
2.34,157,5,1,0,50,12.17
8.86,124,11,1,0,50,22.4
2.68,62,4,2,0,50,7.37
17.39,1274,8,2,0,50,129.57
8.82,176,1,3,0,50,24.37
7.42,146,10,3,0,50,19.5
1.88,110,10,3,0,50,8.47
15.07,197,13,3,0,50,33.65
7.69,138,1,4,0,50,20.7
9.09,185,13,4,0,50,18.65
5.18,56,2,6,0,50,11.3
7.01,98,6,6,0,50,20.1
4.73,196,8,0,0,50,19.13
8.7,147,6,1,0,50,25.87
2.8,232,11,1,0,50,25.02
7.54,171,14,1,0,50,14.52
5.8,74,5,2,0,50,11.1
2.15,75,6,2,0,50,10.1
8.42,129,1,3,0,50,21.53
5.4,205,9,3,0,50,18.93
30.96,1314,12,3,0,50,134.15
3.79,418,15,3,0,50,35.87
8.65,179,1,4,0,50,24.1
2.07,90,4,4,0,50,8.97
9.75,386,7,4,0,50,43.7
12.66,69,11,4,0,50,21.5
8.42,102,1,1,0,50,24.07
12.77,35,11,1,0,50,19.88
8.41,192,1,4,0,50,38.07
8.6,206,1,3,0,50,40.13
14.16,130,11,3,0,50,34.15
8.56,135,1,4,0,50,26.08
14.09,61,11,4,0,50,23.33
8.52,149,1,1,0,50,33.4
9.4,42,11,1,0,50,18.6
8.68,155,1,2,0,50,28.75
8.6,134,1,4,0,50,30.77
9.39,77,11,4,0,50,26.72
1.06,133,15,6,0,50,12.67
2.36,311,11,0,0,50,27.3
19.32,306,12,5,0,50,56.57
4.25,317,13,5,0,50,35.07
2.45,260,14,5,0,50,27.47
3.13,128,15,5,0,50,11.77
12.09,304,22,5,0,50,41.23
8.68,174,1,1,0,50,39.7
4.41,58,1,2,0,50,13.88
12.82,58,11,2,0,50,17.5
8.61,162,1,3,0,50,29.7
12.79,44,11,3,0,50,23.32
8.68,93,2,4,0,50,24.1
11.34,55,11,4,0,50,20.08
24.0,181,1,6,0,50,62.47
17.57,117,11,6,0,50,30.23
10.81,145,1,1,0,50,28.32
12.77,36,11,1,0,50,19.88
18.73,232,23,1,0,50,59.17
18.04,109,10,2,0,50,38.43
8.69,173,1,3,0,50,29.62
12.81,70,11,3,0,50,19.17
10.99,157,1,4,0,50,32.7
12.75,74,11,4,0,50,18.4
16.94,62,3,5,0,50,25.83
14.19,51,6,5,0,50,23.33
1.97,119,6,5,0,50,11.6
5.16,193,7,5,0,50,22.17
6.18,113,3,6,0,50,19.8
10.15,28,5,6,0,50,13.0
10.97,190,1,1,0,50,34.68
9.29,57,12,1,0,50,20.43
9.34,39,15,2,0,50,14.38
8.68,170,1,3,0,50,34.35
10.13,105,11,3,0,50,22.8
11.03,158,1,4,0,50,31.17
9.28,160,11,4,0,50,26.57
22.37,63,7,1,0,50,35.83
22.68,153,9,1,0,50,44.77
21.43,202,12,1,0,50,53.1
10.95,157,1,3,0,50,31.37
10.1,104,11,3,0,50,22.42
11.06,128,1,4,0,50,25.55
10.14,99,11,4,0,50,24.83
50.05,135,5,5,0,50,56.8
11.04,165,1,2,0,50,27.98
10.12,71,12,2,0,50,17.97
11.07,292,1,3,0,50,43.5
10.1,122,11,3,0,50,28.17
11.11,181,1,4,0,50,31.63
10.12,106,11,4,0,50,25.1
128.36,661,0,6,0,50,180.68
136.35,1011,9,6,0,50,203.98
5.89,58,14,6,0,50,13.23
10.97,152,1,1,0,50,31.42
11.0,182,1,3,0,50,32.8
10.14,74,11,3,0,50,23.3
10.82,179,1,1,0,50,37.17
10.11,190,10,0,0,50,39.33
22.92,413,2,2,0,50,87.47
17.48,56,12,2,0,50,27.7
20.77,108,8,5,0,50,41.55
29.74,156,13,5,0,50,42.93
4.88,65,7,6,0,50,11.6
5.11,28,12,6,0,50,7.75
18.74,1386,16,0,0,50,144.73
8.61,152,1,1,0,50,31.97
12.72,70,11,1,0,50,18.4
8.26,137,2,2,0,50,23.8
12.77,57,11,2,0,50,19.4
8.43,106,0,4,0,50,25.83
12.65,90,10,4,0,50,19.97
8.22,73,1,6,0,50,18.9
14.24,209,9,6,0,50,40.27
8.38,85,1,0,0,50,20.1
12.82,55,9,0,0,50,18.75
1.85,81,20,5,0,50,11.0
12.49,5,11,0,0,50,34.4
11.59,7,1,2,0,50,27.2
14.42,56,12,2,0,50,26.62
117.52,580,1,3,0,50,256.58
3.08,29,0,4,0,50,13.07
4.65,16,1,5,0,50,17.37
19.35,115,8,5,0,50,38.2
12.96,34,4,0,0,50,18.67
13.39,52,11,0,0,50,22.07
13.1,39,3,1,0,50,24.97
13.4,64,11,1,0,50,23.58
13.03,122,0,2,0,50,57.92
13.43,55,10,3,0,50,33.9
5.91,31,4,4,0,50,11.77
13.49,138,11,4,0,50,55.02
1.3,33,2,5,0,50,5.15
1.62,32,2,5,0,50,6.78
6.5,199,11,5,0,50,27.05
19.05,91,6,6,0,50,47.2
5.67,81,11,6,0,50,17.42
12.57,101,12,6,0,50,34.33
3.44,34,7,5,0,50,9.03
8.05,71,7,5,0,50,18.87
4.9,17,8,5,0,50,8.62
92.87,594,8,5,0,50,217.78
3.53,53,2,1,0,50,11.32
4.08,120,10,1,0,50,27.17
3.07,123,14,1,0,50,15.5
7.49,182,9,2,0,50,38.45
21.07,224,3,3,0,50,64.05
10.87,155,8,3,0,50,33.3
3.73,134,10,3,0,50,27.25
2.82,374,10,4,0,50,31.03
13.18,765,14,4,0,50,90.88
23.34,469,6,5,0,50,99.4
9.91,314,13,5,0,50,31.58
2.14,5,2,6,0,50,6.42
21.4,22,3,6,0,50,46.75
35.87,92,9,6,0,50,90.08
2.64,14,0,0,0,50,8.68
12.72,46,0,1,0,50,54.5
16.95,22,12,3,0,50,31.47
8.51,16,0,4,0,50,25.85
10.85,24,4,4,0,50,24.32
20.9,43,9,4,0,50,72.17
13.34,15,16,5,0,50,20.23
40.56,109,0,6,0,50,160.42
33.62,84,7,6,0,50,93.73
10.48,21,11,6,0,50,28.6
13.81,22,23,6,0,50,24.33
9.04,24,11,0,0,50,28.87
3.41,9,23,0,0,50,17.0
11.99,25,0,3,0,50,24.2
12.76,27,9,3,0,50,26.33
1.26,11,23,3,0,50,7.62
9.82,9,10,4,0,50,15.92
47.75,7,4,5,0,50,52.55
2.92,0,6,5,0,50,10.28
12.41,4,7,5,0,50,12.13
18.58,11,8,5,0,50,25.93
1.28,0,9,5,0,50,5.05
13.49,4,9,5,0,50,7.17
17.42,8,9,5,0,50,27.52
1.01,0,10,5,0,50,7.5
1.75,0,11,5,0,50,6.92
28.48,3,11,5,0,50,17.95
43.73,66,14,5,0,50,34.28
52.79,34,15,5,0,50,60.1
15.97,7,16,5,0,50,12.45
89.52,61,17,5,0,50,69.62
31.54,12,18,5,0,50,31.15
12.01,9,20,5,0,50,12.4
13.34,12,20,5,0,50,13.18
43.6,20,21,5,0,50,25.25
103.6,54,22,5,0,50,70.37
52.94,41,0,6,0,50,54.42
232.48,685,6,1,0,50,306.33
63.77,301,8,2,0,50,106.32
85.5,99,12,2,0,50,68.45
126.98,106,14,2,0,50,109.42
159.24,75,18,2,0,50,119.72
17.13,40,1,4,0,50,50.93
4.21,8,3,4,0,50,6.8
40.83,7,12,4,0,50,23.88
169.47,93,12,4,0,50,172.25
18.57,5,18,4,0,50,11.43
21.12,0,22,4,0,50,13.92
9.45,1,22,4,0,50,8.88
8.53,3,23,4,0,50,14.37
18.38,3,23,4,0,50,13.88
13.19,3,0,5,0,50,7.72
31.09,0,1,5,0,50,20.1
14.74,27,23,6,0,50,27.33
7.9,19,10,0,0,50,16.53
14.58,63,0,1,0,50,66.57
11.5,46,9,1,0,50,48.12
13.07,20,23,1,0,50,20.87
3.09,16,10,2,0,50,12.35
5.39,21,0,3,0,50,13.48
3.72,13,0,3,0,50,12.9
20.07,34,10,3,0,50,61.33
3.11,14,23,3,0,50,8.78
5.44,3,10,4,0,50,7.25
3.02,15,11,4,0,50,8.38
19.13,17,23,4,0,50,16.33
7.28,22,3,5,0,50,14.5
8.85,45,15,6,0,50,27.25
1.95,8,11,0,0,50,8.45
25.2,34,18,0,0,50,30.5
3.31,21,10,1,0,50,14.45
13.52,38,10,2,0,50,43.65
31.02,87,9,3,0,50,113.18
25.67,6,12,3,0,50,17.8
3.25,4,16,3,0,50,9.95
61.98,16,17,3,0,50,39.78
12.37,7,18,3,0,50,11.72
168.94,37,22,3,0,50,84.98
122.56,48,0,4,0,50,71.6
719.8,373,2,4,0,50,463.12
143.03,119,10,4,0,50,112.03
22.6,30,12,4,0,50,41.22
2.87,11,14,4,0,50,8.27
1.24,7,0,5,0,50,5.92
1.65,16,1,5,0,50,14.92
21.47,28,3,5,0,50,34.9
9.61,34,4,5,0,50,40.75
16.57,26,18,5,0,50,19.03
26.91,83,6,6,0,50,74.37
12.9,57,11,6,0,50,31.85
18.53,81,0,0,0,50,69.98
150.91,80,14,0,0,50,132.7
158.86,89,19,0,0,50,118.13
38.36,66,1,1,0,50,64.4
7.43,33,4,1,0,50,14.88
24.06,78,6,1,0,50,69.57
4.76,27,10,1,0,50,15.82
13.39,83,10,1,0,50,54.25
12.73,33,11,1,0,50,37.65
39.16,117,14,1,0,50,129.72
16.87,39,13,2,0,50,57.18
1.76,12,19,2,0,50,5.58
23.07,36,6,4,0,50,30.35
19.14,25,13,4,0,50,23.28
16.42,26,10,5,0,50,36.98
6.16,11,14,5,0,50,12.3
37.76,168,5,6,0,50,204.02
22.4,39,0,1,0,50,33.95
14.81,27,9,1,0,50,48.55
6.92,12,10,1,0,50,15.67
2.35,6,8,3,0,50,15.15
17.8,56,12,3,0,50,48.5
1.91,7,20,4,0,50,5.25
61.4,26,21,4,0,50,49.93
85.4,464,22,4,0,50,417.32
89.82,407,7,5,0,50,273.72
54.36,54,11,5,0,50,105.63
10.14,24,10,6,0,50,20.33
3.9,11,11,6,0,50,15.63
17.99,26,14,6,0,50,33.5
5.46,14,23,6,0,50,11.67
13.52,37,0,1,0,50,36.5
17.57,46,9,1,0,50,39.47
14.68,46,0,2,0,50,37.48
17.48,30,9,2,0,50,41.23
18.98,38,14,2,0,50,34.67
22.15,30,9,5,0,50,63.63
17.25,41,14,5,0,50,37.22
9.45,13,23,1,0,50,15.23
10.95,36,0,2,0,50,22.52
13.01,27,10,2,0,50,27.67
3.52,15,4,6,0,50,8.3
2.58,16,0,3,0,50,10.95
5.27,14,23,3,0,50,18.4
4.22,13,4,5,0,50,7.58
16.94,83,0,0,0,50,28.03
13.37,64,10,0,0,50,20.02
11.04,51,0,2,0,50,19.95
11.27,29,9,2,0,50,12.93
11.98,50,0,4,0,50,22.02
14.29,55,9,4,0,50,21.5
2.19,24,10,4,0,50,5.38
16.87,72,8,5,0,50,48.62
3.01,36,9,5,0,50,9.42
8.18,80,11,5,0,50,22.92
11.47,76,14,5,0,50,29.35
2.98,27,9,6,0,50,8.1
2.87,32,11,6,0,50,7.33
2.43,15,0,1,0,50,6.62
2.56,39,10,1,0,50,8.43
20.15,106,23,1,0,50,55.87
7.69,42,1,2,0,50,20.55
17.23,148,8,2,0,50,54.55
4.1,40,3,4,0,50,11.37
13.51,75,10,4,0,50,26.63
2.36,24,1,0,0,50,5.12
10.15,88,0,1,0,50,30.37
11.46,59,9,1,0,50,24.35
2.35,27,23,3,0,50,6.33
320.19,149,0,5,0,50,215.05
1.99,21,5,5,0,50,6.72
61.02,125,6,5,0,50,89.9
66.26,125,1,6,0,50,92.82
16.22,39,3,6,0,50,17.12
31.71,87,10,6,0,50,43.33
4.75,73,2,0,0,50,14.42
284.02,116,9,0,0,50,162.3
25.32,45,12,0,0,50,26.88
2.7,58,10,1,0,50,10.67
2.22,19,23,2,0,50,5.8
2.61,43,11,3,0,50,8.05
2.54,46,10,4,0,50,6.97
22.02,84,22,4,0,50,26.98
21.78,1359,22,4,0,50,142.17
19.36,107,7,5,0,50,41.43
2.19,23,5,6,0,50,5.93
4.83,5,10,0,0,50,10.58
2.5,28,23,0,0,50,6.08
2.63,43,10,1,0,50,11.53
2.56,27,13,4,0,50,5.42
17.56,150,0,5,0,50,39.95
16.85,88,10,5,0,50,37.42
31.31,40,21,6,0,50,28.8
324.94,59,21,6,0,50,196.32
136.43,48,1,0,0,50,89.02
11.02,50,4,0,0,50,34.63
347.91,44,16,1,0,50,307.7
186.99,31,21,1,0,50,168.37
5.16,70,1,2,0,50,25.4
14.09,64,6,3,0,50,21.97
7.38,19,10,3,0,50,9.53
18.38,217,8,4,0,50,99.43
8.04,163,10,4,0,50,58.5
30.21,109,13,4,0,50,55.12
3.89,24,7,6,0,50,20.48
4.04,31,9,6,0,50,16.0
2.57,30,23,6,0,50,5.82
2.6,35,23,0,0,50,6.47
12.62,66,0,2,0,50,32.48
12.49,83,9,2,0,50,28.92
2.61,30,23,2,0,50,6.87
94.58,475,22,4,0,50,152.32
3.92,67,1,5,0,50,39.0
10.85,64,3,6,0,50,29.85
12.54,48,5,6,0,50,24.4
2.68,33,23,6,0,50,8.33
2.37,36,0,1,0,50,7.42
15.08,354,0,1,0,50,61.68
9.41,168,4,1,0,50,43.92
88.36,84,8,1,0,50,57.5
1.76,231,9,1,0,50,15.65
2.71,37,23,1,0,50,6.53
2.62,42,10,2,0,50,6.82
15.09,405,0,3,0,50,55.38
2.55,31,23,3,0,50,5.95
2.67,65,7,5,0,50,11.18
15.14,76,6,6,0,50,34.85
11.11,45,14,6,0,50,20.75
2.39,23,0,3,0,50,5.97
11.05,34,14,3,0,50,21.92
2.54,28,0,4,0,50,8.32
29.69,116,4,5,0,50,72.73
18.99,159,22,6,0,50,54.0
2.59,66,0,0,0,50,9.72
22.99,295,10,0,0,50,38.1
46.45,134,12,0,0,50,65.33
12.23,84,0,1,0,50,30.05
10.51,29,9,1,0,50,17.3
2.66,28,23,1,0,50,7.02
43.05,431,3,6,0,50,115.13
37.17,304,10,6,0,50,90.17
4.54,25,11,6,0,50,13.3
2.61,32,23,6,0,50,7.8
13.68,43,13,0,0,50,28.15
14.98,62,14,0,0,50,30.82
2.61,29,23,0,0,50,6.78
25.43,191,4,2,0,50,35.65
20.89,846,7,2,0,50,93.9
20.73,801,9,2,0,50,113.27
18.24,74,0,5,0,50,27.9
43.85,350,1,5,0,50,84.62
5.88,413,4,5,0,50,40.4
4.67,48,6,6,0,50,10.48
26.67,126,6,6,0,50,34.82
13.97,47,11,6,0,50,32.58
2.58,27,0,0,0,50,6.55
2.57,34,10,0,0,50,8.55
2.66,35,0,1,0,50,8.45
1.71,60,12,1,0,50,5.77
24.1,153,2,2,0,50,34.92
4.61,12,3,2,0,50,7.7
24.09,83,6,2,0,50,35.52
48.11,127,1,3,0,50,69.23
4.18,49,3,3,0,50,9.07
4.6,29,5,3,0,50,7.6
6.88,486,6,3,0,50,37.6
2.14,47,9,3,0,50,8.37
52.12,478,9,3,0,50,141.67
10.66,177,4,5,0,50,32.47
18.55,93,11,5,0,50,19.87
13.57,26,15,5,0,50,11.78
15.61,74,15,5,0,50,15.4
14.32,108,7,6,0,50,60.53
23.03,82,11,6,0,50,33.7
5.71,31,10,5,0,50,13.0
2.52,44,13,5,0,50,7.95
4.44,71,4,6,0,50,22.75
5.52,57,7,6,0,50,21.87
17.11,100,8,6,0,50,43.78
4.36,39,11,6,0,50,10.35
10.18,55,13,6,0,50,14.45
9.53,37,0,1,0,50,18.43
10.72,50,9,1,0,50,20.68
11.77,68,0,2,0,50,22.32
5.06,43,0,2,0,50,14.7
6.88,136,9,2,0,50,29.57
9.38,51,10,2,0,50,13.17
2.4,23,1,4,0,50,5.5
14.64,65,10,4,0,50,30.27
12.43,29,14,4,0,50,17.38
3.34,32,10,5,0,50,12.12
3.85,44,1,6,0,50,9.33
5.79,45,4,6,0,50,14.73
6.7,55,8,6,0,50,19.92
2.51,6,11,6,0,50,9.27
15.32,80,12,6,0,50,29.45
5.06,9,0,1,0,50,8.37
3.8,68,1,1,0,50,14.7
11.79,58,10,1,0,50,21.25
2.41,22,23,1,0,50,5.93
2.61,45,13,2,0,50,7.85
2.6,54,0,3,0,50,9.63
12.5,49,10,4,0,50,29.37
14.78,62,13,4,0,50,26.23
58.76,89,22,4,0,50,66.42
9.83,36,7,5,0,50,12.88
14.5,52,7,6,0,50,17.63
6.91,41,11,6,0,50,19.3
14.22,39,13,6,0,50,22.67
33.75,153,0,0,0,50,68.47
21.37,43,1,0,0,50,44.17
23.39,70,10,0,0,50,36.27
3.16,31,2,3,0,50,6.33
18.62,1464,6,3,0,50,167.73
167.5,446,11,3,0,50,137.23
3.48,112,11,0,0,50,29.32
2.45,24,1,1,0,50,6.63
2.3,41,10,1,0,50,7.97
3.06,22,11,2,0,50,6.6
2.52,30,13,2,0,50,9.97
2.01,25,0,3,0,50,7.43
6.07,43,1,5,0,50,13.37
7.49,81,4,5,0,50,18.53
13.27,51,3,6,0,50,26.57
3.03,24,4,6,0,50,5.58
2.99,34,8,6,0,50,6.62
14.61,49,12,6,0,50,25.83
2.43,21,23,6,0,50,5.18
3.13,30,10,0,0,50,14.88
2.59,27,23,0,0,50,5.78
2.45,47,12,1,0,50,5.43
1118.99,118,11,2,0,50,655.45
37.25,379,22,2,0,50,83.13
3.3,37,3,3,0,50,10.82
0.58,73,12,4,0,50,6.93
691.3,144,15,5,0,50,409.65
316.3,127,22,5,0,50,183.58
2.56,27,23,6,0,50,6.88
9.78,46,2,3,0,50,18.48
11.66,40,9,3,0,50,23.52
1.92,24,1,5,0,50,7.98
3.78,18,4,5,0,50,6.97
3.03,38,4,5,0,50,8.83
8.77,56,9,5,0,50,16.43
12.67,50,12,5,0,50,30.57
2.11,18,13,5,0,50,5.32
8.62,49,6,6,0,50,13.77
8.12,147,6,6,0,50,34.2
3.78,56,9,6,0,50,11.1
2.37,6,12,6,0,50,7.05
2.56,31,23,6,0,50,5.52
3.15,34,12,0,0,50,6.98
2.32,34,12,2,0,50,7.35
3.49,52,1,5,0,50,7.75
2.33,11,23,6,0,50,7.48
3.32,16,4,1,0,50,5.53
27.65,52,5,1,0,50,28.35
593.2,257,5,1,0,50,359.63
6.18,77,0,2,0,50,16.28
6.12,44,2,2,0,50,13.62
7.58,97,3,2,0,50,26.72
6.1,30,10,2,0,50,11.13
6.1,46,11,2,0,50,13.2
21.43,99,0,3,0,50,38.63
19.98,61,1,3,0,50,33.83
6.66,39,6,3,0,50,17.48
3.42,20,10,3,0,50,6.27
3.41,52,11,3,0,50,18.67
164.84,342,4,4,0,50,150.17
15.53,63,3,5,0,50,24.28
15.45,45,6,5,0,50,18.35
35.9,144,5,1,0,50,53.08
149.08,132,6,1,0,50,106.17
12.2,78,10,1,0,50,27.48
15.81,112,3,2,0,50,36.45
13.48,113,3,3,0,50,42.73
20.83,64,5,3,0,50,27.82
304.29,382,4,4,0,50,205.58
375.78,153,7,4,0,50,240.12
4.19,23,4,6,0,50,6.97
9.07,26,8,6,0,50,15.8
2.64,42,23,6,0,50,7.05
14.69,76,3,6,0,50,27.1
2.85,26,5,6,0,50,10.83
14.07,62,10,6,0,50,21.8
2.0,44,11,0,0,50,9.15
1.81,44,10,1,0,50,8.55
2.78,28,0,2,0,50,7.17
10.65,87,0,2,0,50,29.48
3.84,31,10,2,0,50,10.87
2.24,33,11,3,0,50,5.02
2.29,15,0,4,0,50,6.25
7.53,35,9,5,0,50,13.62
5.23,18,13,5,0,50,11.73
2.64,22,0,4,0,50,6.43
1.81,25,11,4,0,50,7.4
7.1,0,23,4,0,50,6.07
11.9,153,23,4,0,50,28.18
37.76,65,5,5,0,50,43.27
2.57,38,23,6,0,50,6.38
2.99,30,10,0,0,50,8.1
2.08,41,10,1,0,50,7.03
2.56,20,23,1,0,50,5.45
1.75,15,11,2,0,50,5.15
2.41,29,23,2,0,50,5.32
16.94,102,10,3,0,50,39.8
14.84,72,13,3,0,50,31.43
1.38,27,23,3,0,50,5.03
2.13,18,4,5,0,50,7.57
16.95,187,1,6,0,50,61.63
12.63,33,7,6,0,50,25.88
2.52,18,8,6,0,50,5.35
5.32,30,8,6,0,50,10.07
24.4,156,11,6,0,50,60.88
1.88,31,0,1,0,50,5.88
2.49,19,11,2,0,50,5.18
13.11,49,1,3,0,50,21.35
26.07,99,2,3,0,50,38.7
20.75,67,9,3,0,50,46.02
14.14,59,23,3,0,50,27.37
17.56,100,4,4,0,50,36.52
10.19,31,23,4,0,50,17.87
1.74,82,0,5,0,50,17.42
21.43,107,6,6,0,50,40.28
4.05,27,10,6,0,50,12.58
12.61,97,12,6,0,50,27.8
2.64,42,10,0,0,50,9.65
1.57,43,23,0,0,50,6.15
2.21,16,10,1,0,50,5.17
9.77,65,10,3,0,50,23.28
7.15,38,10,3,0,50,15.93
2.68,62,0,4,0,50,7.75
1.81,40,10,4,0,50,6.92
16.72,106,22,4,0,50,26.25
70.4,139,1,6,0,50,96.55
17.41,499,3,6,0,50,111.65
97.34,435,5,6,0,50,186.97
15.82,620,9,6,0,50,106.4
17.56,245,15,6,0,50,44.98
54.77,174,1,0,0,50,168.58
2.06,33,4,0,0,50,7.97
12.5,296,6,0,0,50,72.23
58.7,1338,7,0,0,50,319.4
24.53,586,1,1,0,50,124.33
40.39,1593,5,1,0,50,333.9
1.6,29,2,2,0,50,6.6
8.51,382,2,2,0,50,75.73
10.87,452,3,2,0,50,86.28
8.71,67,6,2,0,50,19.43
8.45,96,9,2,0,50,21.48
35.91,142,9,2,0,50,54.2
26.76,41,13,2,0,50,14.97
5.66,152,14,2,0,50,54.5
15.68,128,9,3,0,50,40.43
15.42,85,13,3,0,50,27.58
2.31,36,1,3,0,50,6.67
12.1,120,0,4,0,50,29.42
18.88,151,9,4,0,50,48.08
1.96,22,10,4,0,50,6.83
26.39,49,22,4,0,50,25.75
22.81,41,23,4,0,50,27.83
3.96,54,1,5,0,50,12.0
22.59,108,3,5,0,50,36.58
14.21,62,23,0,0,50,23.17
21.68,207,5,1,0,50,54.25
12.39,163,8,1,0,50,35.08
12.75,60,11,1,0,50,19.83
147.53,2,14,2,0,50,85.75
694.72,232,16,2,0,50,448.92
49.95,836,0,3,0,50,184.08
40.71,342,6,3,0,50,105.83
6.82,76,8,3,0,50,15.0
8.47,441,7,4,0,50,73.08
14.56,184,23,4,0,50,43.75
9.6,457,1,5,0,50,64.17
7.31,420,3,5,0,50,66.5
3.97,195,5,5,0,50,36.5
5.86,184,6,5,0,50,37.0
5.18,419,8,5,0,50,54.92
357.37,45,12,5,0,50,224.17
493.96,340,16,5,0,50,364.47
14.03,253,12,6,0,50,51.17
4.86,434,16,6,0,50,56.83
2.07,12,12,0,0,50,5.18
2.36,36,23,0,0,50,5.83
2.59,26,23,1,0,50,6.42
2.66,34,10,2,0,50,6.58
8.63,104,6,5,0,50,18.75
9.54,52,10,5,0,50,19.92
16.7,92,12,5,0,50,30.75
7.48,74,6,6,0,50,23.1
9.0,179,7,6,0,50,44.25
2.27,28,8,6,0,50,5.58
2.37,44,23,0,0,50,6.83
2.73,16,11,1,0,50,5.75
2.01,30,23,1,0,50,5.5
10.58,126,2,5,0,50,26.92
31.55,136,3,5,0,50,49.25
11.12,24,8,5,0,50,15.08
2.55,53,9,5,0,50,13.85
7.35,293,10,5,0,50,45.75
5.71,54,12,5,0,50,13.92
16.43,110,7,6,0,50,33.33
3.6,36,12,6,0,50,9.67
15.61,81,13,6,0,50,25.58
2.22,27,23,6,0,50,6.17
18.49,63,2,1,0,50,28.25
10.92,102,7,1,0,50,20.67
20.36,233,9,1,0,50,64.6
24.88,121,12,1,0,50,40.83
21.75,214,23,1,0,50,64.5
10.24,72,10,2,0,50,17.5
1.88,71,3,5,0,50,18.25
2.98,172,4,5,0,50,22.0
19.28,266,5,5,0,50,66.33
27.75,186,6,5,0,50,50.33
34.12,855,10,5,0,50,154.67
14.41,117,14,5,0,50,37.17
2.5,23,23,0,0,50,6.0
2.62,28,23,2,0,50,7.33
3.2,46,10,3,0,50,9.25
2.46,37,0,4,0,50,6.17
13.97,111,3,5,0,50,28.18
14.41,249,6,5,0,50,44.33
17.01,101,8,5,0,50,36.12
8.45,57,11,5,0,50,14.5
6.09,45,12,5,0,50,14.03
15.66,50,6,6,0,50,19.25
1.88,42,10,6,0,50,7.33
2.23,51,11,6,0,50,10.33
17.09,137,12,6,0,50,38.33
2.54,46,23,6,0,50,8.77
2.43,23,23,0,0,50,5.78
2.53,25,23,2,0,50,6.37
2.54,37,23,3,0,50,6.8
41.75,81,1,5,0,50,39.1
5.2,154,8,5,0,50,25.45
18.45,82,9,5,0,50,25.22
4.69,76,10,5,0,50,21.27
33.73,265,12,5,0,50,66.22
10.12,834,13,5,0,50,120.37
2.84,40,23,5,0,50,9.4
61.49,223,23,5,0,50,89.27
14.59,93,2,6,0,50,22.8
58.51,157,3,6,0,50,87.25
150.01,190,7,6,0,50,158.35
5.07,167,3,0,0,50,24.17
9.21,389,9,0,0,50,47.78
815.86,171,12,0,0,50,602.37
50.89,62,23,0,0,50,47.85
615.75,46,0,1,0,50,449.42
212.69,647,23,1,0,50,274.92
80.43,310,4,2,0,50,96.63
0.91,16,20,2,0,50,7.17
5.54,41,20,2,0,50,8.58
14.73,261,23,2,0,50,58.28
3.73,98,2,3,0,50,19.42
14.74,238,3,3,0,50,49.75
14.98,196,10,3,0,50,47.58
3.75,30,15,3,0,50,8.75
9.15,124,3,5,0,50,24.7
8.77,106,4,5,0,50,21.83
8.76,38,7,5,0,50,13.75
12.0,114,13,5,0,50,30.0
6.88,197,6,6,0,50,50.75
15.94,86,13,6,0,50,30.83
2.67,33,0,0,0,50,6.0
2.59,33,0,1,0,50,6.67
4.93,184,12,2,0,50,44.08
2.59,33,10,3,0,50,11.5
2.56,36,23,3,0,50,7.68
3.38,37,10,4,0,50,9.42
22.49,149,1,5,0,50,49.0
4.76,113,6,5,0,50,20.33
14.52,59,7,5,0,50,22.92
2.83,41,8,6,0,50,8.67
6.73,41,12,6,0,50,14.58
2.56,25,23,6,0,50,6.83
2.55,25,11,0,0,50,6.0
19.63,243,0,1,0,50,70.0
12.48,112,0,2,0,50,33.77
12.42,87,9,2,0,50,24.83
2.57,24,23,2,0,50,6.68
2.59,36,10,3,0,50,7.17
20.26,82,2,4,0,50,27.5
9.24,58,5,4,0,50,17.67
62.65,216,23,4,0,50,107.15
130.95,217,3,5,0,50,114.08
138.0,114,6,5,0,50,128.02
1.31,46,9,5,0,50,13.5
18.08,123,0,6,0,50,59.83
109.92,194,1,6,0,50,126.42
36.23,157,4,6,0,50,62.33
147.18,455,6,6,0,50,202.25
12.98,208,9,6,0,50,44.6
2.38,25,23,6,0,50,5.42
2.65,63,11,0,0,50,24.58
2.46,30,23,0,0,50,6.58
2.46,16,11,1,0,50,5.83
10.37,35,6,5,0,50,16.5
41.25,228,10,5,0,50,90.33
9.87,23,14,5,0,50,18.35
122.84,604,22,5,0,50,212.92
131.73,849,4,6,0,50,253.15
2.39,35,23,0,0,50,7.33
3.06,31,10,1,0,50,7.58
6.43,93,12,1,0,50,16.58
6.67,29,15,1,0,50,9.83
2.32,19,10,2,0,50,5.25
12.14,63,1,3,0,50,21.0
0.69,47,3,3,0,50,5.92
7.33,95,4,3,0,50,19.5
12.21,49,9,3,0,50,25.33
11.6,80,3,5,0,50,20.5
19.0,89,5,5,0,50,34.08
24.31,257,9,5,0,50,69.17
2.55,25,23,6,0,50,7.18
2.56,35,10,1,0,50,8.25
12.18,85,0,2,0,50,26.1
11.77,46,9,2,0,50,19.08
5.56,96,22,2,0,50,16.0
74.28,377,0,3,0,50,122.5
15.19,197,2,3,0,50,50.17
56.0,393,5,3,0,50,105.83
2.73,23,10,3,0,50,6.5
10.41,106,10,3,0,50,28.75
2.22,26,12,3,0,50,6.25
2.48,51,0,4,0,50,9.5
2.86,35,11,4,0,50,6.92
24.56,112,7,5,0,50,48.92
7.06,66,10,5,0,50,21.33
23.29,66,14,5,0,50,34.58
7.27,57,8,6,0,50,16.25
7.67,206,9,6,0,50,36.5
10.31,50,10,0,0,50,16.92
7.28,40,11,0,0,50,18.2
47.87,395,5,1,0,50,92.42
22.4,998,23,1,0,50,142.97
20.09,125,16,3,0,50,31.17
3.78,21,2,4,0,50,8.83
2.26,31,3,4,0,50,5.92
32.62,483,6,4,0,50,102.67
6.19,74,15,4,0,50,16.67
4.27,136,2,6,0,50,21.33
1.42,33,6,6,0,50,6.75
2.64,27,23,6,0,50,7.17
7.63,40,1,3,0,50,14.02
12.23,217,2,3,0,50,49.0
12.39,151,3,3,0,50,36.17
46.49,614,5,3,0,50,151.08
20.58,233,9,3,0,50,61.67
11.2,103,3,4,0,50,28.42
15.93,103,5,4,0,50,32.6
18.21,151,7,4,0,50,44.5
24.45,269,10,4,0,50,81.0
20.84,28,3,5,0,50,19.5
20.42,34,3,5,0,50,21.75
10.29,74,6,5,0,50,24.75
7.83,41,8,5,0,50,12.75
14.3,120,13,5,0,50,34.67
21.91,98,2,6,0,50,43.02
16.74,94,9,6,0,50,29.25
12.31,61,11,6,0,50,20.0
2.23,29,23,1,0,50,5.92
2.31,31,11,2,0,50,5.92
12.39,86,0,3,0,50,25.17
1.73,45,5,3,0,50,6.75
11.74,62,10,3,0,50,23.92
2.46,39,23,3,0,50,7.5
1.86,19,11,4,0,50,5.17
12.3,67,5,5,0,50,26.68
13.05,191,9,5,0,50,44.67
10.61,25,6,6,0,50,15.52
2.08,51,9,6,0,50,8.83
14.2,114,10,6,0,50,30.52
4.22,44,11,6,0,50,11.0
16.97,155,0,2,0,50,36.42
9.93,122,3,2,0,50,33.58
2.64,26,10,2,0,50,7.17
2.41,28,23,2,0,50,6.33
2.82,58,10,3,0,50,10.08
12.46,58,23,3,0,50,20.5
12.22,432,5,4,0,50,77.78
1.08,59,6,4,0,50,9.5
12.22,69,5,6,0,50,24.43
15.44,272,9,6,0,50,58.42
2.28,117,10,6,0,50,21.58
2.76,26,23,6,0,50,6.25
2.79,45,10,0,0,50,8.0
2.64,59,23,0,0,50,10.75
17.7,113,23,1,0,50,48.08
6.26,113,2,2,0,50,21.42
11.79,169,5,2,0,50,44.08
6.25,10,10,2,0,50,8.33
3.18,100,10,2,0,50,13.93
21.36,172,12,2,0,50,45.33
38.06,673,5,3,0,50,146.83
4.06,311,7,1,0,50,42.18
15.71,741,8,2,0,50,118.65
13.05,289,10,2,0,50,61.42
0.79,47,12,2,0,50,8.92
1.82,87,4,5,0,50,12.42
0.81,83,10,5,0,50,7.92
12.8,573,10,5,0,50,104.42
7.3,233,3,3,0,50,48.75
4.25,231,6,3,0,50,32.17
5.17,16,14,2,0,50,34.57
1.08,1,0,3,0,50,6.27
2.18,6,0,3,0,50,17.7
1.41,3,23,6,0,50,16.28
2.8,8,13,0,0,50,20.67
3.87,11,1,1,0,50,27.03
3.26,9,13,1,0,50,19.02
3.96,10,0,2,0,50,24.98
4.43,23,1,3,0,50,38.25
3.35,138,18,3,0,50,27.58
3.73,111,8,4,0,50,24.83
5.56,171,19,4,0,50,34.17
3.67,104,8,0,0,50,17.5
4.04,87,18,0,0,50,22.75
4.54,162,8,1,0,50,29.33
4.54,162,21,1,0,50,25.83
4.72,232,8,2,0,50,33.08
5.25,177,21,3,0,50,31.33
5.56,260,8,4,0,50,51.7
1.28,67,10,6,0,50,8.17
13.0,205,10,6,0,50,43.58
14.84,213,14,6,0,50,71.67
2.15,109,15,6,0,50,20.58
4.69,233,19,6,0,50,49.52
4.84,186,9,0,0,50,32.75
4.78,140,18,0,0,50,23.17
4.7,183,8,1,0,50,32.17
5.94,300,18,1,0,50,46.83
3.98,206,8,2,0,50,33.12
4.74,345,18,2,0,50,40.28
3.75,109,8,3,0,50,21.12
4.76,169,18,3,0,50,45.0
3.24,107,8,4,0,50,16.92
3.99,145,9,6,0,50,31.2
3.92,146,18,6,0,50,23.58
5.08,205,9,0,0,50,32.93
3.68,146,18,0,0,50,35.83
4.13,169,8,1,0,50,35.08
4.45,197,20,1,0,50,30.0
4.4,142,9,2,0,50,21.5
3.58,165,18,2,0,50,23.58
3.71,124,9,3,0,50,20.72
10.34,146,19,3,0,50,26.83
3.5,186,8,4,0,50,25.0
3.85,135,18,5,0,50,19.75
7.0,280,21,5,0,50,50.62
2.75,65,18,6,0,50,11.17
4.79,116,22,6,0,50,28.5
3.65,128,9,0,0,50,24.92
5.67,184,21,0,0,50,33.08
4.42,157,8,1,0,50,24.58
4.73,173,20,1,0,50,37.25
3.99,97,9,2,0,50,21.1
6.87,145,20,3,0,50,36.85
3.96,142,9,4,0,50,31.5
0.78,33,10,4,0,50,7.5
4.59,234,18,1,0,50,35.17
6.2,225,19,2,0,50,46.58
0.95,4,20,2,0,50,10.17
0.75,52,20,2,0,50,8.58
4.78,154,9,4,0,50,26.0
10.23,254,9,1,0,50,36.83
6.45,191,21,2,0,50,37.42
5.59,144,22,3,0,50,28.25
6.8,192,9,4,0,50,35.5
5.59,81,23,4,0,50,17.58
6.56,224,9,0,0,50,37.58
5.15,107,19,2,0,50,20.83
6.82,222,9,4,0,50,48.17
8.09,281,21,4,0,50,44.75
5.77,496,23,4,0,50,66.0
4.33,95,9,1,0,50,15.92
5.55,242,9,1,0,50,35.75
6.15,267,21,1,0,50,41.93
2.14,137,9,2,0,50,21.5
6.2,217,9,2,0,50,32.83
5.18,149,22,2,0,50,30.27
8.12,304,9,3,0,50,52.62
6.8,281,9,0,0,50,39.83
5.89,210,21,0,0,50,33.33
6.54,193,9,1,0,50,40.45
4.96,115,22,1,0,50,20.5
6.84,207,9,2,0,50,33.17
5.32,117,22,2,0,50,24.08
6.49,169,9,3,0,50,30.58
5.99,154,21,3,0,50,25.27
7.07,285,8,4,0,50,39.75
8.48,236,9,6,0,50,36.25
5.41,169,21,0,0,50,36.33
8.69,542,22,1,0,50,94.2
6.09,180,21,2,0,50,32.92
9.19,257,8,3,0,50,38.58
14.63,31,11,5,0,50,32.92
104.37,172,22,5,0,50,104.45
23.93,397,8,6,0,50,62.33
20.97,359,2,6,0,50,50.68
20.19,174,5,6,0,50,42.95
4.88,51,7,5,0,50,10.42
71.38,101,8,5,0,50,75.53
51.05,116,10,5,0,50,58.95
186.06,2737,11,5,0,50,487.02
7.75,80,20,5,0,50,10.58
4.43,39,21,5,0,50,14.92
19.21,81,23,1,0,50,77.98
7.25,24,11,2,0,50,25.55
0.9,14,0,3,0,50,9.75
4.85,18,2,3,0,50,12.17
0.82,9,3,3,0,50,9.13
2.53,31,4,3,0,50,17.9
4.1,21,8,4,0,50,30.52
6.39,50,12,4,0,50,52.53
5.03,24,13,4,0,50,25.25
6.5,56,7,5,0,50,66.77
2.62,20,12,5,0,50,19.98
1.07,14,15,5,0,50,11.55
0.81,7,4,6,0,50,8.78
7.93,54,7,6,0,50,79.52
18.08,43,9,6,0,50,30.78
32.3,59,10,6,0,50,79.6
16.81,51,23,6,0,50,69.48
16.8,41,9,0,0,50,125.45
2.42,7,23,0,0,50,10.32
15.27,35,23,0,0,50,48.28
8.73,15,9,1,0,50,16.53
3.04,20,10,1,0,50,28.58
19.71,38,23,1,0,50,49.83
16.03,45,10,2,0,50,68.08
1.92,10,14,2,0,50,10.32
4.53,26,23,3,0,50,24.52
7.34,21,0,4,0,50,12.38
4.53,22,9,4,0,50,13.53
7.04,1,10,4,0,50,8.4
11.24,6,10,4,0,50,5.92
11.78,219,0,4,0,50,32.2
17.55,463,2,4,0,50,65.52
2.14,140,3,5,0,50,19.33
3.87,196,4,5,0,50,25.1
4.91,211,4,5,0,50,23.67
1.92,430,7,5,0,50,17.23
7.25,1559,8,5,0,50,54.82
3.87,345,9,5,0,50,27.98
9.02,705,10,5,0,50,72.93
6.06,264,12,5,0,50,31.8
2.2,172,13,5,0,50,18.27
6.22,57,3,6,0,50,64.88
44.45,115,8,6,0,50,174.68
14.4,20,12,6,0,50,25.63
17.39,8,23,1,0,50,23.95
15.24,19,4,2,0,50,25.47
2.28,13,7,2,0,50,14.63
6.62,30,9,2,0,50,27.8
2.02,10,5,3,0,50,14.62
1.85,10,5,4,0,50,19.37
3.53,20,8,4,0,50,33.5
1.85,13,4,5,0,50,10.22
22.8,24,5,5,0,50,16.02
17.15,37,22,5,0,50,32.13
2.85,8,1,5,0,50,9.97
6.61,30,3,5,0,50,37.23
1.15,13,8,5,0,50,10.53
2.49,9,9,5,0,50,14.48
3.99,9,0,3,0,50,13.53
6.3,16,0,4,0,50,18.13
5.99,9,11,4,0,50,21.78
8.08,9,15,4,0,50,20.23
8.83,19,0,0,0,50,54.6
13.11,100,12,5,0,50,147.43
9.07,22,19,5,0,50,32.53
6.71,41,8,1,0,50,22.92
5.94,24,18,1,0,50,20.33
6.79,39,21,1,0,50,33.22
4.77,51,9,2,0,50,34.05
0.72,39,11,2,0,50,6.23
1.96,63,12,2,0,50,9.83
0.72,37,15,2,0,50,6.5
14.78,22,21,2,0,50,26.8
949.86,1030,2,3,0,50,535.87
2.23,167,3,4,0,50,14.3
1.85,56,7,4,0,50,12.02
3.28,152,0,6,0,50,16.18
7.12,240,1,6,0,50,36.22
3.63,174,7,0,0,50,29.9
4.73,761,12,0,0,50,55.17
6.86,340,2,1,0,50,56.65
920.08,473,0,4,0,50,502.73
1.07,115,6,5,0,50,9.7
7.53,144,7,5,0,50,24.88
3.73,352,8,5,0,50,36.95
5.52,87,11,5,0,50,22.4
6.29,77,14,5,0,50,13.83
1.01,93,8,6,0,50,10.45
8.62,989,9,6,0,50,66.75
6.72,109,0,0,0,50,20.1
4.23,78,8,0,0,50,11.83
8.3,195,0,1,0,50,34.0
3.35,411,4,1,0,50,38.48
4.22,54,14,1,0,50,8.28
4.74,124,0,2,0,50,17.98
4.14,74,14,2,0,50,10.42
6.26,58,1,3,0,50,16.77
3.63,434,4,3,0,50,32.72
3.76,86,13,3,0,50,10.45
5.14,128,0,4,0,50,16.3
4.66,125,13,4,0,50,13.93
17.12,118,8,5,0,50,29.43
4.12,217,10,5,0,50,18.22
19.55,165,13,5,0,50,35.37
2.07,49,0,0,0,50,13.57
2.93,173,11,0,0,50,16.88
3.11,213,10,1,0,50,22.78
3.19,94,0,2,0,50,21.07
3.63,205,10,2,0,50,21.25
3.81,238,13,3,0,50,20.73
2.59,121,0,4,0,50,19.25
1.44,51,11,4,0,50,6.93
5.81,87,2,5,0,50,21.88
4.48,496,6,5,0,50,48.83
16.76,85,7,5,0,50,40.12
0.64,80,11,0,0,50,5.68
4.39,192,0,1,0,50,19.23
2.92,204,11,1,0,50,20.68
3.36,269,11,2,0,50,22.33
2.75,183,13,3,0,50,19.2
2.59,53,2,4,0,50,14.15
26.19,69,6,4,0,50,46.67
25.25,124,12,4,0,50,46.92
17.13,127,14,4,0,50,26.28
1.2,94,4,6,0,50,8.53
12.29,374,5,6,0,50,46.27
13.47,878,8,6,0,50,80.98
2.83,140,0,0,0,50,16.55
3.24,256,10,0,0,50,22.53
3.01,180,13,1,0,50,19.97
2.76,113,0,2,0,50,15.95
3.02,187,9,2,0,50,18.57
1.17,50,0,3,0,50,8.1
3.08,225,10,3,0,50,20.02
4.17,195,0,4,0,50,17.87
1.09,158,13,4,0,50,10.98
2.91,171,14,4,0,50,16.67
3.51,126,9,5,0,50,16.45
13.13,554,12,5,0,50,57.37
19.84,104,8,6,0,50,31.57
22.37,677,12,6,0,50,85.53
2.63,57,0,1,0,50,13.6
3.45,227,10,1,0,50,23.8
2.49,36,0,2,0,50,12.1
3.23,239,10,2,0,50,24.62
3.28,237,10,3,0,50,21.83
2.37,79,0,4,0,50,13.4
2.8,288,13,4,0,50,24.62
4.37,19,2,5,0,50,12.73
5.98,39,2,5,0,50,5.6
5.29,362,5,5,0,50,34.1
1.93,296,7,5,0,50,20.4
16.41,72,12,5,0,50,28.43
10.09,107,3,6,0,50,21.67
10.94,132,7,6,0,50,22.15
2.38,183,0,0,0,50,13.33
18.04,393,10,0,0,50,81.85
2.16,69,0,1,0,50,12.0
2.75,179,11,1,0,50,18.17
7.47,136,10,2,0,50,23.98
2.61,82,0,3,0,50,15.4
2.46,167,13,3,0,50,14.9
18.09,188,14,3,0,50,29.0
12.83,382,0,4,0,50,46.02
0.62,89,1,4,0,50,7.2
20.94,917,9,4,0,50,139.38
16.43,69,1,6,0,50,24.02
5.48,332,12,6,0,50,45.8
17.36,103,13,6,0,50,32.82
2.41,68,10,0,0,50,10.88
9.13,93,13,1,0,50,26.43
2.58,136,0,2,0,50,17.5
8.75,131,14,2,0,50,21.63
2.47,50,0,3,0,50,14.93
2.89,179,12,3,0,50,18.5
2.07,185,0,4,0,50,23.4
3.84,535,14,4,0,50,29.5
4.95,137,2,5,0,50,17.8
4.33,359,4,5,0,50,27.92
0.79,130,10,5,0,50,7.05
8.12,247,12,5,0,50,29.98
16.89,370,13,5,0,50,50.97
2.71,93,0,0,0,50,19.5
4.19,216,13,0,0,50,17.28
3.41,187,10,1,0,50,21.55
2.48,58,0,2,0,50,12.92
3.22,199,11,2,0,50,24.28
1.86,58,0,3,0,50,11.4
2.95,227,10,3,0,50,27.23
1.2,43,0,4,0,50,6.82
3.13,102,14,4,0,50,12.28
3.09,537,3,5,0,50,36.4
16.44,58,15,5,0,50,22.65
1.7,102,0,0,0,50,10.85
3.29,230,9,0,0,50,18.8
1.68,58,0,1,0,50,8.95
3.28,254,11,1,0,50,22.27
1.01,51,0,2,0,50,8.92
3.09,241,10,2,0,50,26.45
3.18,155,10,3,0,50,28.22
1.24,48,0,4,0,50,10.72
2.91,66,15,4,0,50,9.52
10.23,113,2,5,0,50,26.5
2.78,269,7,5,0,50,25.65
16.99,102,12,5,0,50,30.0
2.75,118,1,6,0,50,15.42
1.33,95,2,6,0,50,13.62
5.0,55,6,6,0,50,15.3
2.97,79,13,6,0,50,12.67
4.11,118,0,0,0,50,20.05
2.79,96,10,0,0,50,15.0
2.7,159,0,1,0,50,21.42
2.9,110,10,1,0,50,14.75
2.81,118,0,2,0,50,20.27
3.65,185,11,2,0,50,27.58
2.71,129,0,3,0,50,16.32
2.71,153,10,3,0,50,20.5
2.18,30,0,4,0,50,7.17
2.71,77,0,5,0,50,9.27
27.82,333,0,5,0,50,67.15
26.13,143,9,5,0,50,36.6
0.9,91,11,5,0,50,5.45
2.5,122,14,5,0,50,11.17
3.14,155,4,6,0,50,25.07
2.62,195,0,0,0,50,14.33
2.71,171,9,0,0,50,13.67
2.92,236,0,1,0,50,17.93
4.22,286,9,1,0,50,32.92
2.73,146,10,1,0,50,12.8
2.94,568,13,1,0,50,33.7
4.28,217,0,2,0,50,22.05
4.24,70,9,2,0,50,9.9
14.84,179,13,2,0,50,26.58
2.82,234,0,3,0,50,15.27
2.81,153,13,3,0,50,14.53
4.35,246,0,4,0,50,22.13
3.37,278,12,4,0,50,19.67
2.77,258,0,0,0,50,16.27
2.58,167,8,0,0,50,15.27
3.11,170,0,1,0,50,11.37
27.82,296,8,1,0,50,48.5
26.76,204,5,4,0,50,47.8
3.41,236,6,4,0,50,17.63
2.8,226,0,0,0,50,14.27
4.06,209,9,0,0,50,16.77
3.12,212,0,1,0,50,14.32
1.5,60,9,1,0,50,5.13
5.0,279,4,3,0,50,17.77
4.31,421,10,3,0,50,34.72
6.0,600,13,3,0,50,49.43
1.41,37,16,3,0,50,13.83
6.28,552,0,4,0,50,74.17
2.6,155,2,4,0,50,12.2
20.24,83,9,4,0,50,26.45
3.05,330,0,0,0,50,19.63
2.66,114,8,0,0,50,10.87
2.05,156,0,1,0,50,11.87
0.89,43,9,1,0,50,6.67
4.81,117,11,1,0,50,17.07
2.92,232,0,3,0,50,15.27
16.61,485,8,3,0,50,85.4
21.69,2019,10,3,0,50,186.0
3.31,234,0,4,0,50,16.02
16.97,156,13,4,0,50,25.95
9.78,369,3,6,0,50,40.4
10.55,98,7,6,0,50,22.67
2.84,190,23,6,0,50,13.03
2.62,176,9,0,0,50,14.13
2.72,165,0,1,0,50,16.5
3.06,194,8,1,0,50,17.13
10.11,476,1,2,0,50,42.77
9.56,279,3,2,0,50,41.7
0.58,105,4,2,0,50,5.35
2.38,223,7,2,0,50,21.4
14.83,171,13,2,0,50,23.53
3.18,338,23,2,0,50,20.07
1.71,76,8,3,0,50,7.93
1.82,117,23,3,0,50,10.97
4.23,299,9,4,0,50,31.83
12.89,253,14,4,0,50,31.57
0.7,123,3,5,0,50,6.43
1.86,127,3,5,0,50,11.67
11.42,56,4,5,0,50,28.35
42.89,227,5,5,0,50,62.63
42.02,231,10,5,0,50,57.9
3.61,274,11,5,0,50,28.37
9.6,849,12,5,0,50,74.97
2.36,441,14,5,0,50,27.07
2.85,223,4,6,0,50,19.23
2.83,277,23,6,0,50,18.33
2.99,183,9,0,0,50,17.95
1.98,95,23,0,0,50,9.53
16.56,465,11,1,0,50,53.88
2.66,207,23,1,0,50,14.72
3.32,317,14,2,0,50,19.3
3.71,218,23,2,0,50,15.2
3.94,186,23,3,0,50,13.03
16.77,164,2,6,0,50,25.88
3.2,143,13,6,0,50,18.2
4.68,250,23,6,0,50,22.25
2.77,233,10,0,0,50,15.7
2.66,136,23,0,0,50,14.08
2.94,218,4,1,0,50,18.77
22.18,249,9,1,0,50,52.0
20.06,122,13,1,0,50,27.8
2.79,250,0,2,0,50,18.32
5.43,136,9,2,0,50,16.37
2.88,234,13,2,0,50,18.73
4.2,230,1,3,0,50,22.07
1.55,116,9,3,0,50,7.5
2.24,150,9,3,0,50,9.47
2.8,206,0,4,0,50,16.68
3.48,270,8,4,0,50,26.22
1.96,135,5,5,0,50,9.7
0.88,169,6,5,0,50,9.58
2.73,252,9,6,0,50,16.83
0.52,83,10,6,0,50,5.87
3.42,226,10,6,0,50,19.48
4.71,153,13,6,0,50,14.07
1.08,172,0,0,0,50,11.17
2.79,13,0,0,0,50,5.17
13.89,265,9,0,0,50,44.68
20.23,179,15,0,0,50,31.17
1.64,177,10,1,0,50,11.63
0.59,107,10,1,0,50,6.73
2.75,199,14,1,0,50,23.33
5.54,197,0,2,0,50,20.47
7.21,328,11,2,0,50,19.17
2.15,131,8,3,0,50,10.5
0.91,120,9,3,0,50,9.47
2.48,482,13,3,0,50,25.5
3.22,250,14,3,0,50,21.25
2.96,192,3,4,0,50,13.7
0.87,149,13,4,0,50,6.83
3.22,296,14,4,0,50,17.6
2.26,231,7,5,0,50,17.0
10.54,554,12,5,0,50,51.95
2.73,71,7,6,0,50,10.27
18.39,205,15,6,0,50,26.87
2.02,185,3,0,0,50,16.23
0.97,146,3,0,0,50,8.85
3.45,308,9,0,0,50,31.1
16.99,670,5,1,0,50,70.83
12.14,475,9,1,0,50,51.73
2.91,280,0,0,0,50,17.43
3.16,307,10,0,0,50,25.4
3.76,211,23,0,0,50,14.47
2.23,149,9,1,0,50,16.9
9.72,414,11,1,0,50,35.03
1.62,119,0,2,0,50,7.53
3.36,338,9,2,0,50,24.4
2.52,185,0,3,0,50,13.02
4.74,726,10,3,0,50,56.13
2.43,287,1,5,0,50,21.33
4.48,162,2,5,0,50,14.0
0.96,167,2,5,0,50,9.32
1.02,181,4,5,0,50,11.3
2.21,212,4,5,0,50,19.7
7.99,449,9,5,0,50,38.28
2.94,69,14,5,0,50,8.73
14.71,347,4,6,0,50,46.93
3.33,266,11,6,0,50,29.63
1.87,146,15,6,0,50,10.6
29.39,1134,3,0,0,50,145.87
1.29,84,8,0,0,50,5.17
16.92,121,14,0,0,50,28.33
8.78,517,5,1,0,50,48.9
7.13,516,10,1,0,50,39.8
17.01,124,2,2,0,50,37.8
19.49,994,11,2,0,50,94.98
12.54,811,4,3,0,50,77.27
11.85,627,10,3,0,50,64.53
3.19,247,4,4,0,50,23.1
6.59,495,8,4,0,50,40.93
17.61,548,12,4,0,50,60.7
10.92,442,4,5,0,50,50.92
10.61,479,8,5,0,50,48.17
3.32,130,8,6,0,50,13.18
3.53,332,11,6,0,50,27.83
12.42,402,1,0,0,50,41.0
15.92,143,4,0,0,50,34.4
2.75,283,8,0,0,50,20.2
3.47,297,11,0,0,50,30.87
1.92,210,23,2,0,50,12.08
3.35,364,12,3,0,50,23.33
2.8,265,0,4,0,50,19.77
3.85,291,10,4,0,50,26.47
3.67,264,10,5,0,50,27.6
3.29,323,12,5,0,50,26.7
9.68,347,5,6,0,50,29.95
0.77,39,7,6,0,50,7.93
4.45,520,8,6,0,50,36.42
10.7,243,9,6,0,50,29.0
2.06,142,0,0,0,50,8.03
3.09,304,10,0,0,50,24.03
1.96,164,0,1,0,50,11.23
9.93,834,10,1,0,50,81.77
2.9,119,0,2,0,50,8.73
3.05,264,10,2,0,50,20.77
13.25,562,9,3,0,50,58.87
2.52,108,11,3,0,50,14.8
5.22,132,14,3,0,50,17.43
17.13,205,1,5,0,50,43.9
17.07,290,11,5,0,50,45.72
2.58,166,23,6,0,50,13.6
3.31,260,10,0,0,50,21.75
13.74,577,23,0,0,50,65.05
7.89,231,7,1,0,50,27.13
17.97,718,12,1,0,50,60.82
11.87,249,0,2,0,50,40.6
12.73,319,7,2,0,50,39.23
12.75,447,0,3,0,50,53.18
0.7,29,7,3,0,50,5.13
13.18,353,7,3,0,50,41.97
2.89,126,23,3,0,50,12.93
11.63,341,10,4,0,50,26.87
2.12,183,2,5,0,50,16.97
1.13,144,9,5,0,50,11.35
17.53,777,10,5,0,50,72.47
2.47,388,9,6,0,50,25.17
12.24,251,0,0,0,50,35.22
1.03,60,4,0,0,50,8.22
12.38,312,7,0,0,50,36.63
2.0,157,0,1,0,50,11.5
3.24,138,13,1,0,50,14.6
3.4,246,10,2,0,50,18.93
2.57,147,0,3,0,50,10.97
3.16,207,10,3,0,50,16.97
1.91,112,0,4,0,50,10.53
5.3,355,10,4,0,50,34.52
12.88,205,17,4,0,50,31.7
8.91,235,2,5,0,50,26.4
8.28,78,4,5,0,50,16.0
16.85,115,1,6,0,50,29.1
3.39,106,12,6,0,50,8.57
2.98,221,13,0,0,50,17.23
12.07,265,22,0,0,50,39.1
18.28,180,23,0,0,50,42.6
30.8,500,2,1,0,50,73.03
2.86,113,11,2,0,50,9.93
1.38,156,0,3,0,50,9.23
3.34,195,11,3,0,50,17.17
3.1,196,23,3,0,50,12.07
2.94,212,11,4,0,50,16.37
3.79,296,2,5,0,50,22.73
4.56,407,3,5,0,50,40.15
2.52,102,13,5,0,50,8.0
8.69,190,12,0,0,50,24.6
3.0,125,14,0,0,50,10.37
15.18,392,3,1,0,50,53.2
15.96,575,5,1,0,50,67.95
2.25,120,10,1,0,50,11.85
2.93,211,0,2,0,50,13.07
4.0,206,10,2,0,50,16.7
2.35,143,0,3,0,50,10.83
2.85,142,10,3,0,50,13.5
1.85,99,0,4,0,50,8.93
3.38,316,10,4,0,50,22.13
13.73,368,3,5,0,50,49.67
14.44,560,8,5,0,50,65.58
2.59,141,14,5,0,50,11.4
13.0,392,3,6,0,50,49.12
12.7,413,9,6,0,50,40.67
1.83,131,0,0,0,50,10.77
3.06,202,9,0,0,50,17.07
2.78,175,0,1,0,50,13.63
3.88,222,10,1,0,50,20.43
2.97,183,0,2,0,50,15.8
1.64,148,0,3,0,50,7.9
2.77,176,10,3,0,50,15.77
1.0,140,14,4,0,50,10.03
2.48,95,14,4,0,50,8.12
12.57,336,3,5,0,50,46.13
19.72,936,9,5,0,50,90.83
3.23,126,11,5,0,50,11.0
16.89,656,6,0,0,50,73.07
4.62,374,8,0,0,50,28.18
0.81,102,9,0,0,50,5.9
20.59,140,13,0,0,50,30.3
9.23,181,9,1,0,50,20.45
0.53,93,10,1,0,50,5.07
3.3,114,13,1,0,50,10.6
1.87,338,6,2,0,50,20.47
18.07,360,11,2,0,50,55.25
12.85,408,23,2,0,50,52.13
7.22,125,4,3,0,50,18.87
3.65,259,12,3,0,50,28.45
2.98,131,1,4,0,50,10.93
28.85,572,3,4,0,50,95.67
11.71,386,8,4,0,50,56.13
13.29,447,4,5,0,50,50.75
9.18,318,9,5,0,50,45.22
6.12,63,10,5,0,50,14.4
20.56,475,13,5,0,50,65.6
1.97,165,0,0,0,50,12.33
4.61,282,13,0,0,50,17.38
3.9,133,0,1,0,50,13.27
2.35,95,11,1,0,50,10.05
1.98,150,0,2,0,50,9.2
3.42,338,10,2,0,50,26.07
1.56,121,0,3,0,50,7.1
1.8,128,10,3,0,50,7.95
2.5,179,0,4,0,50,11.45
12.8,273,23,4,0,50,47.07
26.88,601,1,5,0,50,81.9
2.72,135,3,5,0,50,14.3
3.55,111,4,3,0,50,14.77
1.59,152,5,3,0,50,8.2
15.8,212,13,3,0,50,32.17
12.51,185,23,3,0,50,40.22
13.18,196,4,4,0,50,46.42
12.5,215,4,5,0,50,46.37
11.63,137,8,5,0,50,46.22
2.05,56,0,6,0,50,11.05
3.02,144,11,6,0,50,20.15
2.81,153,12,1,0,50,16.18
3.45,150,2,2,0,50,34.5
6.68,129,4,2,0,50,28.5
3.01,117,10,2,0,50,18.0
3.06,114,10,3,0,50,16.25
1.85,95,0,4,0,50,11.33
3.14,163,11,4,0,50,21.25
2.75,76,8,5,0,50,12.25
3.44,195,12,5,0,50,28.58
8.89,60,1,6,0,50,17.08
10.09,307,2,6,0,50,51.18
13.44,271,4,6,0,50,51.7
12.87,190,9,6,0,50,42.42
2.68,95,14,6,0,50,14.08
2.01,75,0,0,0,50,10.83
9.47,139,11,0,0,50,31.92
5.22,139,14,0,0,50,20.25
3.18,146,11,1,0,50,18.92
13.08,143,4,3,0,50,40.42
5.4,196,6,3,0,50,31.83
13.75,234,7,3,0,50,44.27
2.06,68,0,4,0,50,10.35
3.19,144,11,4,0,50,19.67
21.29,389,5,5,0,50,67.92
3.2,208,10,5,0,50,30.33
3.22,70,2,6,0,50,18.83
3.18,178,3,6,0,50,31.42
2.97,175,6,6,0,50,22.08
2.07,49,0,0,0,50,11.17
2.78,149,10,0,0,50,18.17
3.62,260,10,1,0,50,29.83
2.58,90,0,2,0,50,12.75
3.41,137,13,2,0,50,18.75
1.37,35,0,3,0,50,6.08
1.04,48,0,3,0,50,5.92
1.85,69,0,4,0,50,10.08
3.2,173,11,4,0,50,24.83
2.99,127,2,5,0,50,19.33
12.34,162,4,5,0,50,29.67
11.92,189,8,5,0,50,44.27
14.77,251,10,5,0,50,52.17
1.07,55,14,5,0,50,8.75
2.56,99,15,5,0,50,13.18
6.24,287,5,6,0,50,57.05
3.77,180,8,6,0,50,29.43
0.78,53,9,6,0,50,9.17
2.73,94,0,0,0,50,13.67
2.19,86,10,0,0,50,12.17
2.53,76,0,1,0,50,11.75
3.09,171,10,1,0,50,22.0
2.99,109,0,2,0,50,15.5
3.23,172,10,2,0,50,20.0
3.35,108,0,3,0,50,15.58
3.36,169,10,3,0,50,21.75
2.18,136,0,4,0,50,14.92
16.85,94,14,4,0,50,28.0
2.26,93,0,0,0,50,11.5
3.43,144,11,0,0,50,21.25
2.57,48,9,1,0,50,9.5
2.42,21,0,2,0,50,5.25
2.03,37,10,2,0,50,8.17
2.84,79,0,3,0,50,10.25
2.05,20,10,3,0,50,5.42
2.85,42,0,4,0,50,7.58
1.94,127,10,4,0,50,15.25
3.52,93,13,4,0,50,13.28
2.91,58,9,0,0,50,12.83
2.82,69,0,1,0,50,12.75
2.77,57,10,1,0,50,9.75
2.85,26,0,2,0,50,5.67
2.62,69,10,2,0,50,23.5
3.12,112,0,3,0,50,15.33
2.35,46,10,3,0,50,8.5
3.23,177,0,4,0,50,21.42
3.21,52,9,4,0,50,9.67
2.97,117,13,4,0,50,16.92
14.97,226,13,4,0,50,41.92
12.08,115,5,5,0,50,27.17
2.53,76,13,5,0,50,12.02
3.05,85,0,0,0,50,12.33
4.01,236,9,0,0,50,43.58
2.98,54,0,1,0,50,10.33
1.96,28,10,1,0,50,5.83
2.46,25,10,2,0,50,6.42
2.52,96,0,3,0,50,13.25
2.87,49,9,3,0,50,11.1
1.74,47,0,4,0,50,8.75
16.73,117,11,4,0,50,31.67
2.79,73,13,4,0,50,17.83
15.9,36,14,4,0,50,19.28
14.37,46,6,5,0,50,28.92
14.99,164,9,5,0,50,38.92
2.93,64,0,0,0,50,12.25
2.87,142,10,0,0,50,21.75
2.12,53,0,1,0,50,10.0
3.06,153,10,1,0,50,21.92
1.69,82,0,2,0,50,11.0
3.16,100,0,3,0,50,14.08
3.32,42,11,3,0,50,8.42
2.66,103,12,3,0,50,19.42
14.38,118,14,3,0,50,29.08
1.83,91,0,4,0,50,11.25
2.8,113,12,4,0,50,14.92
3.08,146,12,5,0,50,19.33
2.84,103,14,5,0,50,15.08
2.97,155,6,6,0,50,20.0
2.82,127,9,6,0,50,16.92
1.98,118,0,0,0,50,14.92
2.63,125,10,0,0,50,15.92
2.06,78,0,1,0,50,11.0
3.12,154,9,1,0,50,20.42
1.7,53,0,2,0,50,7.75
3.12,139,9,2,0,50,20.17
2.51,109,0,3,0,50,16.08
5.56,185,11,3,0,50,23.92
1.75,105,0,4,0,50,14.5
2.91,129,9,4,0,50,19.08
3.31,248,10,4,0,50,35.95
3.13,154,12,4,0,50,19.42
2.54,76,4,5,0,50,10.33
4.11,86,8,5,0,50,12.67
0.85,39,11,5,0,50,6.0
17.26,110,14,5,0,50,24.97
9.8,308,4,6,0,50,44.68
11.7,475,6,6,0,50,90.92
1.31,59,0,0,0,50,6.88
3.11,160,10,0,0,50,21.23
1.87,73,0,1,0,50,10.17
2.75,136,10,1,0,50,18.2
5.66,203,0,2,0,50,40.02
2.89,206,10,2,0,50,25.12
2.1,87,0,3,0,50,10.15
1.51,88,10,3,0,50,9.57
2.94,73,12,3,0,50,14.93
2.02,113,0,4,0,50,12.33
3.06,137,12,4,0,50,14.77
10.8,479,5,5,0,50,80.53
2.82,173,10,5,0,50,19.6
7.53,260,3,6,0,50,43.47
3.19,171,11,6,0,50,25.18
4.01,165,2,0,0,50,28.2
3.36,142,8,0,0,50,21.05
0.93,60,0,1,0,50,6.15
2.48,81,12,1,0,50,8.9
1.33,72,0,2,0,50,7.27
1.44,71,1,2,0,50,9.95
2.87,160,10,2,0,50,18.77
1.83,116,0,3,0,50,13.37
3.15,94,10,3,0,50,13.93
3.17,160,12,4,0,50,18.52
0.81,77,5,5,0,50,7.13
16.75,101,1,6,0,50,26.43
17.13,123,12,6,0,50,27.77
2.57,86,10,0,0,50,19.83
1.82,89,0,1,0,50,10.53
3.74,131,11,1,0,50,14.75
0.59,62,10,2,0,50,6.58
2.97,129,14,2,0,50,16.53
1.98,117,0,3,0,50,13.23
9.0,132,14,3,0,50,25.18
7.25,210,1,4,0,50,38.02
8.95,237,2,4,0,50,38.05
5.49,117,9,4,0,50,25.55
17.12,95,14,4,0,50,26.48
24.1,162,1,6,0,50,46.48
5.3,147,3,6,0,50,27.62
4.17,148,12,6,0,50,30.03
3.19,51,15,6,0,50,10.38
8.92,59,19,6,0,50,29.73
8.66,50,20,6,0,50,13.27
0.66,51,18,0,0,50,5.58
22.28,461,9,1,0,50,87.38
21.77,401,12,1,0,50,67.2
1.25,66,18,1,0,50,9.02
1.01,68,19,1,0,50,11.67
0.81,62,19,2,0,50,8.72
7.76,133,10,4,0,50,22.22
6.81,144,12,4,0,50,34.37
4.83,276,14,4,0,50,50.6
13.91,71,15,4,0,50,23.03
0.84,81,19,5,0,50,9.9
11.67,86,6,6,0,50,17.73
4.87,11,7,6,0,50,13.27
2.74,50,9,6,0,50,13.77
17.22,152,9,6,0,50,51.08
2.09,88,11,6,0,50,15.65
4.98,372,12,1,0,50,53.75
4.74,151,14,1,0,50,28.22
2.53,30,10,2,0,50,8.15
9.15,306,12,2,0,50,49.38
13.73,93,10,3,0,50,20.5
4.8,256,18,3,0,50,46.87
32.23,282,10,4,0,50,67.42
35.47,697,12,4,0,50,114.23
8.24,234,15,4,0,50,53.32
13.77,341,7,5,0,50,60.37
15.8,65,8,5,0,50,27.77
8.62,23,9,5,0,50,10.95
65.0,72,10,5,0,50,42.93
140.48,188,11,5,0,50,114.48
33.9,5,13,5,0,50,18.67
38.49,559,7,6,0,50,117.07
37.07,565,12,6,0,50,119.38
1.0,80,19,6,0,50,8.95
4.8,183,6,0,0,50,37.82
181.73,280,8,0,0,50,122.52
84.78,356,10,0,0,50,107.97
1.17,46,8,2,0,50,8.15
33.22,272,5,3,0,50,68.32
3.31,56,8,3,0,50,10.98
7.25,44,10,3,0,50,17.48
3.93,192,11,3,0,50,35.05
32.08,297,21,3,0,50,74.72
17.08,105,4,5,0,50,27.0
10.2,159,10,5,0,50,23.03
0.58,67,11,5,0,50,6.68
3.3,180,14,5,0,50,23.67
16.84,85,4,6,0,50,27.23
17.0,147,12,6,0,50,33.73
1.06,59,0,1,0,50,6.13
3.46,128,12,1,0,50,19.15
1.33,95,0,2,0,50,8.17
1.96,69,11,2,0,50,9.78
2.23,74,0,3,0,50,11.05
3.05,123,12,3,0,50,14.55
1.88,91,0,4,0,50,14.32
2.65,123,13,4,0,50,12.0
16.75,78,1,5,0,50,37.83
18.69,262,7,5,0,50,55.22
7.38,523,8,5,0,50,59.07
1.33,57,0,0,0,50,7.6
2.93,145,11,0,0,50,20.35
1.65,77,0,1,0,50,7.67
3.47,150,13,1,0,50,16.57
1.24,50,0,2,0,50,6.68
2.43,82,10,2,0,50,9.8
1.83,69,0,3,0,50,10.52
2.41,68,10,3,0,50,11.87
2.63,93,0,4,0,50,11.13
7.23,263,6,4,0,50,38.98
1.08,100,2,5,0,50,12.52
2.14,67,3,5,0,50,9.63
2.9,132,8,5,0,50,24.48
16.57,71,2,6,0,50,27.37
4.87,95,10,6,0,50,15.47
2.83,91,12,6,0,50,17.77
2.67,82,0,0,0,50,12.42
3.12,129,10,0,0,50,20.88
1.96,102,0,1,0,50,12.22
3.0,152,10,1,0,50,18.3
3.09,100,3,2,0,50,14.82
22.59,125,7,2,0,50,51.9
22.54,224,12,2,0,50,56.32
3.91,300,2,3,0,50,38.6
1.19,75,9,3,0,50,8.38
2.5,86,14,3,0,50,13.28
1.94,114,0,6,0,50,11.77
1.76,97,0,0,0,50,11.68
3.23,164,10,0,0,50,29.35
2.94,94,0,1,0,50,12.4
2.74,154,9,1,0,50,15.25
1.99,112,0,2,0,50,12.55
3.56,180,10,2,0,50,29.18
7.24,180,0,3,0,50,29.0
6.65,138,4,3,0,50,23.58
2.81,120,8,3,0,50,14.83
17.08,81,13,3,0,50,23.22
2.01,93,0,4,0,50,12.75
1.65,73,6,4,0,50,14.78
1.42,46,7,4,0,50,5.75
16.91,111,14,4,0,50,30.68
27.1,895,6,6,0,50,158.35
2.02,97,0,0,0,50,11.85
2.93,101,5,0,0,50,14.92
3.65,151,6,0,0,50,24.83
0.56,56,7,0,0,50,5.32
2.36,174,8,0,0,50,27.45
2.46,117,13,0,0,50,18.53
1.74,99,1,1,0,50,11.93
5.89,300,7,1,0,50,35.88
0.99,73,0,2,0,50,6.82
3.15,185,10,2,0,50,25.38
9.33,108,0,3,0,50,23.68
3.88,44,3,3,0,50,7.35
4.88,138,3,3,0,50,20.52
9.99,32,6,3,0,50,18.73
1.33,79,11,3,0,50,10.22
2.7,158,0,4,0,50,18.17
2.8,120,10,4,0,50,15.32
35.86,656,2,5,0,50,127.65
15.76,33,15,5,0,50,18.82
11.88,339,6,6,0,50,56.93
12.07,377,9,6,0,50,67.75
2.15,145,0,0,0,50,16.58
2.45,83,9,0,0,50,22.25
2.29,120,13,0,0,50,18.3
2.56,121,0,1,0,50,15.18
11.64,312,5,1,0,50,53.52
6.93,248,9,1,0,50,43.95
2.17,82,12,1,0,50,18.03
2.54,163,0,2,0,50,17.08
11.99,401,6,2,0,50,63.0
20.15,436,8,2,0,50,82.13
1.84,83,0,3,0,50,11.28
2.55,120,12,3,0,50,14.42
7.93,325,1,4,0,50,51.92
1.86,122,3,4,0,50,18.02
3.27,143,9,4,0,50,18.02
17.37,404,5,5,0,50,81.47
9.22,136,9,5,0,50,23.7
8.38,418,10,5,0,50,52.02
8.06,248,13,5,0,50,35.57
1.91,32,2,6,0,50,5.1
0.92,82,6,6,0,50,10.5
4.47,322,8,6,0,50,48.58
2.52,98,0,0,0,50,13.0
2.69,78,9,0,0,50,12.02
2.56,128,1,1,0,50,15.95
0.54,56,1,1,0,50,6.35
0.57,46,2,1,0,50,5.23
3.31,223,11,1,0,50,25.3
1.59,87,0,2,0,50,10.73
12.96,107,6,2,0,50,36.0
17.03,105,13,2,0,50,28.02
1.01,45,0,3,0,50,5.68
2.94,138,11,3,0,50,16.15
2.33,115,0,4,0,50,12.98
2.67,122,14,4,0,50,14.95
9.17,68,0,5,0,50,17.1
3.47,70,2,5,0,50,20.62
3.1,145,7,5,0,50,20.67
16.65,191,3,6,0,50,46.0
1.64,56,13,6,0,50,10.2
2.54,107,1,0,0,50,13.55
2.79,142,10,0,0,50,16.35
2.54,152,10,1,0,50,19.5
1.2,79,5,3,0,50,9.12
0.77,55,6,3,0,50,9.1
2.39,136,7,3,0,50,17.73
5.17,246,6,6,0,50,30.73
6.65,376,10,6,0,50,47.63
1.79,72,1,1,0,50,8.55
0.5,34,2,1,0,50,5.33
0.85,49,7,1,0,50,7.48
5.75,175,8,1,0,50,22.6
7.42,443,9,1,0,50,61.07
11.94,546,12,1,0,50,80.77
5.23,201,5,2,0,50,31.15
2.3,131,12,2,0,50,14.9
76.36,691,0,3,0,50,174.15
42.37,934,4,3,0,50,187.83
31.52,281,9,3,0,50,72.18
9.39,167,1,5,0,50,33.8
0.98,76,11,5,0,50,11.53
9.35,182,11,5,0,50,32.5
17.1,79,1,6,0,50,31.18
4.21,152,8,6,0,50,25.6
10.91,82,10,6,0,50,31.18
7.04,239,1,0,0,50,38.35
0.84,45,7,0,0,50,9.67
9.13,149,8,0,0,50,33.63
4.8,116,9,0,0,50,20.13
9.75,131,12,0,0,50,27.42
11.27,347,8,1,0,50,67.57
9.83,114,12,1,0,50,23.33
17.85,604,1,2,0,50,135.53
12.16,508,4,2,0,50,110.37
7.8,359,6,2,0,50,59.98
11.67,485,7,2,0,50,88.08
4.95,189,4,3,0,50,22.8
5.43,126,7,3,0,50,29.0
17.62,285,8,3,0,50,55.87
5.06,258,1,4,0,50,42.15
1.0,76,4,4,0,50,8.92
4.18,28,7,4,0,50,9.65
1.4,141,8,4,0,50,16.58
2.92,166,13,4,0,50,19.45
17.96,249,23,4,0,50,61.68
17.79,288,3,5,0,50,62.83
11.45,390,6,5,0,50,60.38
11.57,361,10,5,0,50,49.28
14.31,339,2,6,0,50,60.85
10.66,188,7,6,0,50,48.85
2.09,52,14,6,0,50,7.27
10.67,369,1,0,0,50,61.25
1.22,43,4,0,0,50,8.7
1.11,77,9,0,0,50,13.25
11.02,376,11,0,0,50,60.42
6.25,218,0,1,0,50,31.45
9.87,351,1,1,0,50,61.82
1.15,88,9,1,0,50,13.67
9.83,136,12,1,0,50,26.12
6.69,104,3,2,0,50,18.18
3.06,113,6,2,0,50,15.47
2.62,145,7,2,0,50,16.13
2.96,206,10,2,0,50,22.17
10.95,323,6,3,0,50,49.95
11.03,336,10,3,0,50,53.8
2.97,115,1,5,0,50,14.92
1.81,44,2,5,0,50,8.6
1.52,48,4,5,0,50,10.6
0.77,67,4,5,0,50,8.62
10.87,208,6,5,0,50,41.1
9.23,121,8,5,0,50,28.55
9.28,56,1,6,0,50,15.45
9.2,108,3,6,0,50,22.93
8.73,90,8,6,0,50,25.7
10.41,322,9,6,0,50,56.23
2.95,107,5,0,0,50,15.47
1.76,45,6,0,0,50,13.28
4.05,150,8,0,0,50,25.72
10.91,363,10,0,0,50,55.93
3.45,120,0,2,0,50,14.93
2.41,196,2,2,0,50,22.8
4.52,447,4,2,0,50,52.0
4.12,156,6,2,0,50,27.53
2.9,85,8,2,0,50,21.58
5.05,92,8,2,0,50,26.9
11.0,307,11,2,0,50,51.78
2.56,106,5,4,0,50,13.05
0.86,67,6,4,0,50,9.02
4.54,207,8,4,0,50,32.62
8.39,506,11,4,0,50,68.43
2.53,107,7,5,0,50,12.6
1.0,54,10,5,0,50,6.22
11.91,299,5,6,0,50,66.65
12.13,376,8,6,0,50,58.47
2.69,78,0,2,0,50,15.1
4.58,171,6,2,0,50,31.0
6.05,118,8,2,0,50,18.28
2.49,63,5,3,0,50,10.5
2.09,123,8,3,0,50,16.57
2.12,76,13,3,0,50,10.67
2.78,88,2,4,0,50,12.67
2.82,101,4,4,0,50,22.23
10.47,230,6,5,0,50,37.48
14.76,228,10,5,0,50,53.23
13.65,201,1,6,0,50,35.93
11.16,242,4,6,0,50,42.75
9.08,129,6,6,0,50,24.05
3.07,26,7,6,0,50,6.48
12.09,345,10,6,0,50,70.22
2.08,29,0,0,0,50,11.77
1.75,70,1,0,0,50,8.07
21.99,507,2,0,0,50,95.9
14.25,342,5,0,0,50,60.73
11.76,286,6,1,0,50,47.5
11.66,395,10,1,0,50,54.13
1.93,24,4,4,0,50,5.25
1.09,47,4,4,0,50,5.8
0.68,51,13,4,0,50,6.88
2.91,150,13,4,0,50,16.6
7.73,68,2,5,0,50,14.43
10.72,111,4,5,0,50,27.58
12.06,180,7,5,0,50,36.53
14.22,439,13,5,0,50,62.58
9.14,70,1,6,0,50,16.93
5.38,202,5,6,0,50,27.53
2.61,147,6,6,0,50,23.13
2.22,60,8,6,0,50,7.82
8.92,80,9,6,0,50,16.82
10.5,255,1,0,0,50,46.08
10.89,311,11,0,0,50,55.83
3.95,180,9,2,0,50,34.72
3.29,216,12,2,0,50,25.42
11.27,325,6,3,0,50,59.03
2.39,42,8,3,0,50,6.6
12.88,464,11,3,0,50,68.52
4.95,276,8,4,0,50,32.57
2.5,155,9,4,0,50,19.35
4.27,241,12,4,0,50,28.6
8.01,43,0,5,0,50,13.22
9.14,111,5,5,0,50,26.95
9.35,61,0,6,0,50,15.0
5.76,110,2,6,0,50,17.82
1.85,40,5,6,0,50,6.22
7.46,106,7,6,0,50,18.12
9.06,168,9,6,0,50,34.45
0.66,47,1,3,0,50,7.87
20.5,829,2,3,0,50,121.98
6.69,506,7,3,0,50,66.53
2.24,103,9,4,0,50,12.88
10.74,89,15,4,0,50,21.75
9.48,125,2,5,0,50,22.82
3.45,123,3,5,0,50,27.43
11.54,215,6,5,0,50,37.78
5.48,150,5,6,0,50,22.43
16.53,110,10,6,0,50,31.87
2.55,123,1,2,0,50,14.47
4.76,301,7,2,0,50,39.8
10.08,115,2,5,0,50,21.78
2.89,75,4,5,0,50,16.27
6.11,149,6,5,0,50,26.65
2.11,37,7,5,0,50,5.68
13.97,260,7,5,0,50,57.57
10.3,238,3,6,0,50,39.87
0.8,69,4,6,0,50,8.8
18.79,127,10,6,0,50,39.47
9.73,128,11,6,0,50,26.58
7.57,393,0,0,0,50,58.15
7.34,297,9,0,0,50,47.9
8.55,314,23,0,0,50,41.02
7.74,337,10,1,0,50,51.7
7.62,194,23,1,0,50,32.15
8.92,294,12,2,0,50,42.57
7.43,328,23,2,0,50,42.85
7.46,340,10,3,0,50,45.77
4.4,168,23,3,0,50,20.95
15.14,100,5,4,0,50,27.93
13.86,185,7,4,0,50,35.53
0.84,73,11,4,0,50,9.33
6.53,213,12,4,0,50,27.62
4.31,134,23,4,0,50,23.72
0.89,38,0,5,0,50,5.23
8.35,297,8,5,0,50,56.32
10.25,316,2,6,0,50,42.53
3.88,143,23,0,0,50,21.15
5.14,341,9,1,0,50,45.87
3.61,123,23,1,0,50,22.78
3.7,158,12,2,0,50,20.12
3.73,174,23,2,0,50,29.12
4.3,165,13,3,0,50,23.38
3.25,67,23,3,0,50,11.25
2.08,32,3,4,0,50,5.3
3.56,169,7,4,0,50,37.3
134.91,238,13,5,0,50,154.4
7.74,41,23,5,0,50,11.87
9.42,149,4,6,0,50,25.58
2.89,112,23,6,0,50,15.23
3.6,215,9,0,0,50,38.25
3.5,112,0,1,0,50,14.08
5.75,229,10,1,0,50,33.63
2.21,68,0,2,0,50,12.0
2.77,94,12,2,0,50,9.6
3.06,92,23,2,0,50,13.27
4.3,225,10,3,0,50,33.25
3.54,100,23,3,0,50,21.98
3.33,220,11,4,0,50,23.02
3.38,180,11,4,0,50,21.7
8.96,65,0,5,0,50,17.62
0.9,78,6,5,0,50,10.48
3.47,74,7,5,0,50,15.72
4.31,146,8,5,0,50,21.02
10.16,147,10,5,0,50,37.15
4.08,197,10,6,0,50,26.32
1.88,80,23,6,0,50,10.37
4.77,261,10,0,0,50,31.77
1.92,57,12,2,0,50,7.55
6.39,165,6,3,0,50,24.87
6.27,116,10,3,0,50,26.63
92.22,1138,2,4,0,50,284.9
9.57,87,7,4,0,50,17.5
17.36,255,10,4,0,50,53.42
3.97,34,7,5,0,50,12.83
11.18,283,10,5,0,50,43.58
11.51,394,2,6,0,50,73.57
30.57,430,7,6,0,50,86.3
4.46,182,9,6,0,50,43.93
7.85,45,6,0,0,50,12.93
3.24,109,7,0,0,50,22.27
11.56,147,9,0,0,50,34.78
15.36,347,2,1,0,50,74.7
17.03,552,8,1,0,50,74.65
17.07,516,2,2,0,50,90.28
6.14,330,4,2,0,50,48.32
8.98,326,4,3,0,50,66.1
8.61,93,9,3,0,50,20.7
3.49,101,23,3,0,50,17.42
4.41,83,5,4,0,50,11.77
3.71,140,10,4,0,50,19.42
1.07,56,23,4,0,50,7.4
3.51,138,12,5,0,50,15.48
17.76,354,2,6,0,50,62.0
7.28,193,4,6,0,50,29.75
14.48,460,7,6,0,50,75.82
10.99,603,9,6,0,50,96.55
4.57,150,0,0,0,50,27.68
4.1,229,10,0,0,50,29.0
3.99,125,23,0,0,50,17.88
2.36,94,13,1,0,50,11.13
1.92,59,0,2,0,50,11.63
3.77,209,9,2,0,50,23.23
2.48,82,0,3,0,50,10.83
5.39,279,10,3,0,50,34.08
3.55,129,0,4,0,50,22.48
2.95,80,14,4,0,50,10.0
12.68,269,4,5,0,50,46.93
1.86,131,8,5,0,50,21.27
10.05,164,11,5,0,50,34.65
25.23,67,1,6,0,50,30.23
25.55,190,6,6,0,50,41.07
0.94,73,8,6,0,50,7.25
4.52,40,2,0,0,50,10.92
4.91,32,12,0,0,50,12.3
25.51,121,22,0,0,50,33.5
3.36,78,4,1,0,50,11.27
1.66,129,9,1,0,50,17.52
2.29,80,10,1,0,50,11.33
3.4,107,23,1,0,50,18.2
3.46,169,9,2,0,50,23.58
3.73,117,23,2,0,50,18.97
11.52,444,11,3,0,50,49.75
2.75,91,23,3,0,50,12.73
4.47,159,9,4,0,50,23.25
8.44,44,2,5,0,50,17.77
2.26,208,7,5,0,50,26.73
9.48,90,13,5,0,50,17.5
7.72,11,2,6,0,50,11.23
8.22,104,9,6,0,50,31.47
3.43,105,0,0,0,50,19.53
4.28,284,10,0,0,50,34.78
3.47,153,0,1,0,50,19.7
9.15,375,10,1,0,50,63.03
4.41,95,13,1,0,50,16.47
3.42,126,0,2,0,50,15.07
15.6,60,13,2,0,50,22.17
3.49,133,0,3,0,50,16.18
4.51,223,10,3,0,50,31.67
3.53,114,0,4,0,50,22.63
4.21,252,9,4,0,50,33.22
8.35,456,0,5,0,50,66.28
2.55,99,10,5,0,50,11.98
3.8,130,14,5,0,50,20.1
6.06,58,11,6,0,50,12.17
3.49,117,0,0,0,50,17.47
5.19,278,11,0,0,50,36.53
3.65,103,0,1,0,50,14.87
3.6,190,9,1,0,50,32.93
2.62,87,0,2,0,50,11.33
3.65,231,9,2,0,50,27.08
3.29,93,0,3,0,50,15.6
4.29,239,9,3,0,50,34.62
3.65,120,0,4,0,50,15.72
3.28,110,12,4,0,50,15.67
11.62,212,2,5,0,50,39.05
3.76,106,23,6,0,50,23.75
5.09,195,9,0,0,50,52.38
11.88,173,11,1,0,50,25.12
1.51,60,23,1,0,50,14.47
4.07,159,23,2,0,50,21.78
1.1,80,23,3,0,50,12.78
9.9,78,9,4,0,50,13.5
2.18,55,23,6,0,50,12.7
3.14,188,10,0,0,50,34.02
4.17,145,23,0,0,50,17.0
2.51,185,10,1,0,50,18.83
1.84,168,10,2,0,50,21.3
3.78,131,23,2,0,50,18.87
4.61,192,12,3,0,50,30.45
3.9,111,23,3,0,50,17.38
3.5,106,4,6,0,50,15.47
3.63,74,5,6,0,50,11.47
2.12,113,6,6,0,50,18.55
2.76,100,10,6,0,50,12.75
3.6,123,23,6,0,50,20.27
3.81,101,23,0,0,50,17.83
2.57,151,9,1,0,50,20.95
1.41,90,23,1,0,50,15.25
1.45,100,9,2,0,50,16.67
3.68,123,23,2,0,50,20.48
1.92,130,12,3,0,50,16.9
1.55,97,23,3,0,50,16.9
10.49,128,12,4,0,50,25.93
3.81,128,23,4,0,50,18.5
19.3,165,2,5,0,50,51.47
25.01,209,3,5,0,50,65.77
28.19,235,5,5,0,50,72.1
7.71,62,8,5,0,50,25.5
2.22,53,12,5,0,50,12.82
3.78,110,23,6,0,50,22.88
3.97,96,23,0,0,50,13.03
1.24,74,23,2,0,50,12.67
1.63,98,12,3,0,50,17.92
3.43,94,23,3,0,50,19.07
3.27,113,11,4,0,50,19.58
2.14,61,7,6,0,50,6.8
10.82,337,9,6,0,50,53.92
3.85,106,23,6,0,50,18.45
1.51,119,10,1,0,50,16.43
1.41,59,23,1,0,50,14.03
2.49,88,23,2,0,50,16.62
3.61,188,10,3,0,50,30.52
1.8,158,13,4,0,50,18.12
4.53,102,2,5,0,50,25.22
12.05,97,4,5,0,50,24.33
6.26,155,7,5,0,50,32.1
18.56,755,8,5,0,50,127.33
3.86,86,23,5,0,50,15.98
1.58,125,9,6,0,50,17.37
1.41,84,23,6,0,50,14.18
3.07,259,11,0,0,50,29.67
1.32,86,23,0,0,50,13.75
4.2,165,11,1,0,50,26.77
1.83,97,23,1,0,50,17.47
2.54,158,10,2,0,50,26.87
1.23,80,23,2,0,50,14.18
2.58,138,10,3,0,50,23.23
4.23,92,23,3,0,50,19.52
1.86,117,10,4,0,50,19.33
6.05,299,6,5,0,50,52.93
1.53,101,23,6,0,50,16.88
2.79,98,11,0,0,50,20.48
1.3,75,23,0,0,50,12.93
2.12,156,9,1,0,50,25.15
1.78,124,23,1,0,50,19.02
2.04,81,13,2,0,50,12.2
3.54,114,2,3,0,50,15.33
30.63,791,5,3,0,50,161.67
0.67,40,9,3,0,50,7.6
13.79,118,11,3,0,50,42.05
8.33,150,5,5,0,50,46.73
6.34,277,6,5,0,50,53.05
2.41,71,10,5,0,50,10.9
15.41,108,6,6,0,50,36.42
21.08,215,8,6,0,50,71.37
11.64,49,13,6,0,50,18.02
2.26,72,23,6,0,50,15.58
3.89,146,10,0,0,50,23.2
2.7,90,23,0,0,50,16.02
1.15,97,12,1,0,50,13.57
3.68,84,23,1,0,50,14.5
0.59,42,23,2,0,50,6.08
13.19,149,13,3,0,50,30.6
7.65,148,4,4,0,50,22.05
5.67,70,6,4,0,50,17.6
2.57,163,7,4,0,50,27.78
1.86,79,23,0,0,50,11.33
2.04,93,23,1,0,50,12.28
2.83,143,9,2,0,50,29.3
1.56,39,23,2,0,50,6.4
2.44,74,9,3,0,50,20.57
0.96,51,10,3,0,50,9.6
3.26,68,23,3,0,50,14.12
12.95,101,13,4,0,50,25.45
2.44,131,23,6,0,50,21.28
1.81,52,9,0,0,50,16.43
2.31,144,9,1,0,50,23.28
1.5,85,23,1,0,50,11.45
1.53,45,23,1,0,50,5.87
2.27,164,9,2,0,50,24.47
2.12,87,23,2,0,50,17.12
2.82,56,9,3,0,50,25.65
2.51,93,23,3,0,50,13.3
13.07,67,13,4,0,50,23.45
2.17,112,8,5,0,50,13.68
2.3,37,12,5,0,50,15.32
2.15,103,7,6,0,50,18.3
3.4,144,10,6,0,50,30.08
2.38,108,23,6,0,50,18.8
2.2,50,14,0,0,50,7.47
2.12,53,23,0,0,50,12.03
1.39,58,0,2,0,50,6.98
1.52,65,9,2,0,50,10.22
2.12,82,23,2,0,50,12.48
3.82,89,9,3,0,50,35.38
2.21,82,23,3,0,50,11.45
2.64,55,14,4,0,50,8.57
12.65,33,10,6,0,50,18.4
2.11,80,23,6,0,50,17.78
2.88,89,9,0,0,50,26.47
2.09,90,0,1,0,50,21.97
1.69,64,9,1,0,50,14.13
2.23,67,23,1,0,50,9.63
2.25,68,10,2,0,50,18.27
2.08,66,23,2,0,50,16.35
2.06,149,9,3,0,50,19.75
1.41,54,23,3,0,50,10.17
7.02,177,23,0,0,50,30.63
6.83,118,9,1,0,50,24.9
6.64,188,23,1,0,50,26.88
6.8,158,9,2,0,50,31.3
6.84,175,0,3,0,50,28.85
6.7,170,11,3,0,50,26.58
6.59,217,0,4,0,50,29.75
6.72,210,10,4,0,50,27.42
3.27,76,3,6,0,50,12.67
5.72,101,7,6,0,50,24.2
11.18,226,9,6,0,50,43.63
6.89,161,0,0,0,50,22.95
6.79,225,9,0,0,50,41.4
6.62,155,0,1,0,50,26.18
5.48,262,9,1,0,50,39.07
6.29,157,0,2,0,50,29.02
8.01,157,9,2,0,50,27.63
12.32,47,13,2,0,50,18.17
6.67,197,0,3,0,50,31.32
14.14,293,5,3,0,50,72.73
29.26,540,6,3,0,50,103.0
7.75,184,9,3,0,50,42.08
1.29,120,10,3,0,50,14.27
1.45,111,11,3,0,50,12.03
0.74,48,12,3,0,50,6.63
1.95,32,13,3,0,50,6.38
6.54,126,0,4,0,50,23.35
7.31,230,9,4,0,50,45.23
10.47,86,0,5,0,50,22.57
9.3,75,4,5,0,50,14.08
4.26,51,8,5,0,50,15.17
4.05,67,10,5,0,50,12.68
4.13,188,3,6,0,50,25.82
14.04,268,2,1,0,50,58.1
47.65,281,5,1,0,50,92.45
8.93,133,9,1,0,50,25.65
27.83,459,2,2,0,50,107.0
11.13,160,7,2,0,50,33.9
16.87,255,11,2,0,50,52.23
46.32,232,2,4,0,50,88.43
39.31,543,6,4,0,50,128.07
18.59,135,9,4,0,50,44.92
6.21,128,0,5,0,50,22.47
6.87,188,9,5,0,50,30.3
4.48,164,0,6,0,50,18.87
18.93,214,9,6,0,50,39.98
9.43,67,17,6,0,50,10.97
6.62,135,1,0,0,50,22.28
7.02,280,9,0,0,50,51.38
3.25,98,0,1,0,50,11.42
2.02,44,0,1,0,50,6.02
6.36,213,9,1,0,50,37.3
6.42,146,0,2,0,50,25.4
6.57,221,9,2,0,50,47.47
4.57,101,0,3,0,50,16.42
4.33,177,0,4,0,50,28.0
28.56,213,9,4,0,50,58.97
10.41,143,13,4,0,50,35.55
10.58,419,5,5,0,50,70.03
6.25,141,0,0,0,50,27.7
6.82,221,9,0,0,50,30.12
1.94,53,23,0,0,50,13.02
2.82,125,9,1,0,50,17.08
20.39,109,1,2,0,50,30.67
36.07,204,5,2,0,50,64.65
1.59,108,7,2,0,50,17.57
1.94,140,10,3,0,50,21.98
1.66,89,0,4,0,50,10.88
1.01,81,6,5,0,50,10.4
1.61,45,7,5,0,50,6.23
3.31,155,0,0,0,50,17.5
2.18,131,5,0,0,50,22.75
4.06,120,6,0,0,50,18.73
0.75,76,9,0,0,50,7.65
3.06,135,0,1,0,50,17.87
4.65,220,1,1,0,50,28.63
5.02,481,1,1,0,50,50.82
1.22,46,10,1,0,50,7.17
1.99,72,12,1,0,50,8.2
1.77,39,15,1,0,50,5.37
9.01,179,5,2,0,50,32.05
10.32,178,7,2,0,50,31.93
2.4,68,11,2,0,50,8.95
1.45,35,0,3,0,50,5.05
1.6,115,8,3,0,50,18.23
2.24,161,0,0,0,50,17.95
2.04,66,3,0,0,50,10.47
1.13,86,1,1,0,50,7.9
1.4,59,9,1,0,50,13.88
0.68,59,4,2,0,50,6.98
2.53,94,8,2,0,50,22.62
2.5,116,12,2,0,50,13.35
156.51,165,0,3,0,50,148.98
12.94,357,3,3,0,50,64.15
2.41,88,5,3,0,50,11.73
12.83,83,10,3,0,50,30.33
5.83,46,11,3,0,50,13.42
1.75,53,0,4,0,50,15.17
161.41,511,2,4,0,50,210.75
1.05,70,6,4,0,50,8.13
24.86,384,0,5,0,50,97.13
0.79,38,3,5,0,50,6.6
5.89,282,4,5,0,50,63.22
1.58,113,6,6,0,50,16.93
0.88,99,7,6,0,50,9.95
2.34,96,9,6,0,50,18.43
2.44,83,4,1,0,50,9.15
16.78,4,6,1,0,50,11.17
16.05,316,8,1,0,50,63.83
0.77,35,11,1,0,50,7.45
2.48,52,2,2,0,50,8.28
5.27,90,3,2,0,50,16.05
1.11,81,5,2,0,50,12.83
6.87,455,8,2,0,50,57.62
6.17,221,11,2,0,50,26.18
0.74,52,4,3,0,50,7.65
4.16,93,4,3,0,50,12.48
12.04,38,5,3,0,50,17.83
4.27,249,7,3,0,50,33.23
3.03,183,6,4,0,50,26.37
2.04,188,8,4,0,50,24.0
7.15,36,1,5,0,50,10.37
33.06,104,2,5,0,50,37.47
2.83,46,4,5,0,50,7.97
21.36,48,6,5,0,50,25.15
27.55,312,8,5,0,50,89.83
32.81,209,12,5,0,50,62.78
8.23,95,3,6,0,50,30.45
7.0,216,4,6,0,50,32.27
6.86,245,8,6,0,50,42.33
2.02,73,23,6,0,50,10.92
1.42,38,23,0,0,50,6.42
2.5,138,9,1,0,50,27.57
1.95,79,23,1,0,50,12.33
12.45,182,11,2,0,50,46.23
2.32,83,23,2,0,50,9.77
13.06,77,12,3,0,50,23.17
2.44,158,23,3,0,50,21.2
13.04,64,14,4,0,50,20.78
69.25,717,6,5,0,50,214.85
39.47,324,4,6,0,50,94.82
28.43,227,8,6,0,50,85.35
12.36,77,4,0,0,50,29.47
1.9,75,5,0,0,50,13.45
5.36,94,6,0,0,50,21.12
2.17,69,23,0,0,50,13.88
3.08,106,3,1,0,50,16.23
5.37,136,5,1,0,50,20.72
2.13,32,12,1,0,50,6.27
2.1,107,23,1,0,50,17.3
13.12,42,12,2,0,50,19.02
11.34,353,10,5,0,50,73.43
9.03,59,14,5,0,50,15.57
12.91,44,2,6,0,50,21.97
12.96,31,10,6,0,50,19.0
1.84,41,23,6,0,50,7.33
2.43,73,23,0,0,50,9.13
2.77,169,9,1,0,50,28.35
2.51,62,23,1,0,50,12.17
12.84,39,12,2,0,50,18.95
2.64,82,23,2,0,50,15.47
13.0,48,12,3,0,50,18.15
2.06,67,23,3,0,50,9.38
12.96,33,13,4,0,50,18.68
10.21,144,4,5,0,50,58.7
3.85,38,8,5,0,50,11.42
6.38,32,3,6,0,50,12.97
56.21,2265,4,6,0,50,392.8
24.15,118,12,6,0,50,43.53
5.32,126,0,1,0,50,27.42
1.19,81,1,1,0,50,12.95
0.92,53,2,1,0,50,8.5
10.03,559,3,1,0,50,66.5
2.44,152,8,1,0,50,23.53
12.86,42,12,2,0,50,18.95
1.35,37,23,2,0,50,6.37
1.3,72,1,3,0,50,9.52
1.4,59,1,3,0,50,10.45
11.39,434,1,3,0,50,83.3
6.59,117,4,3,0,50,40.12
0.94,77,5,3,0,50,9.88
0.7,52,5,3,0,50,7.82
1.93,113,11,3,0,50,20.62
13.17,37,12,3,0,50,18.1
5.14,103,1,4,0,50,17.55
5.48,196,2,4,0,50,31.03
2.8,48,13,4,0,50,6.57
2.35,87,13,4,0,50,20.2
1.34,7,3,5,0,50,5.72
14.1,229,8,5,0,50,51.35
1.88,77,23,6,0,50,9.6
1.66,95,23,0,0,50,10.52
3.08,177,9,1,0,50,23.97
1.82,96,23,1,0,50,17.2
2.1,62,11,2,0,50,15.25
0.82,55,11,2,0,50,7.48
2.11,90,23,2,0,50,11.13
1.84,61,12,3,0,50,10.7
2.12,88,23,3,0,50,15.53
10.72,68,5,4,0,50,17.35
2.15,180,6,4,0,50,18.18
2.3,109,11,4,0,50,20.07
9.31,201,1,5,0,50,41.53
68.49,508,1,5,0,50,203.0
40.83,664,5,5,0,50,197.72
6.71,16,11,5,0,50,10.92
7.67,21,13,5,0,50,18.2
1.95,37,1,6,0,50,15.43
91.66,1256,2,6,0,50,303.38
18.37,104,8,6,0,50,32.32
2.13,82,23,0,0,50,16.43
2.36,61,13,1,0,50,14.42
2.16,106,23,2,0,50,17.58
12.84,53,12,3,0,50,22.92
13.11,32,13,4,0,50,17.52
8.45,96,3,5,0,50,24.77
24.65,495,8,5,0,50,117.5
8.21,52,13,5,0,50,16.52
22.74,307,1,6,0,50,76.25
17.43,168,3,6,0,50,40.63
5.8,116,6,6,0,50,20.3
1.92,65,23,6,0,50,12.27
2.29,91,9,0,0,50,22.4
2.19,69,23,0,0,50,15.3
2.37,149,9,1,0,50,22.95
2.07,64,23,1,0,50,12.37
3.23,149,11,2,0,50,19.93
1.94,58,23,2,0,50,13.57
2.54,134,9,3,0,50,20.33
1.93,73,23,3,0,50,12.15
81.31,142,9,4,0,50,107.17
67.71,80,9,6,0,50,72.87
2.15,66,11,6,0,50,11.38
1.9,63,23,6,0,50,8.48
12.96,48,11,0,0,50,20.33
3.02,91,23,0,0,50,18.0
2.04,50,12,1,0,50,7.7
1.66,73,23,1,0,50,15.55
2.27,120,11,2,0,50,17.75
2.04,62,23,2,0,50,16.93
13.0,46,12,3,0,50,19.73
2.01,57,23,3,0,50,16.67
10.98,54,4,4,0,50,17.0
19.34,55,6,4,0,50,30.3
9.55,90,9,4,0,50,22.72
3.45,112,10,4,0,50,16.17
3.07,43,12,4,0,50,8.03
4.07,42,2,5,0,50,15.78
8.43,78,7,6,0,50,23.83
7.84,135,8,6,0,50,32.82
9.27,98,11,6,0,50,23.98
2.19,77,23,6,0,50,15.35
1.8,43,9,0,0,50,10.5
2.01,56,23,0,0,50,12.78
2.4,117,11,1,0,50,21.1
2.12,38,23,1,0,50,11.32
2.73,194,10,2,0,50,26.7
2.02,81,23,2,0,50,16.72
2.11,97,23,3,0,50,12.05
2.05,38,12,4,0,50,13.5
2.61,31,4,5,0,50,7.15
2.41,39,6,5,0,50,7.33
1.95,26,2,0,0,50,10.27
21.24,137,2,0,0,50,55.82
9.14,83,4,0,0,50,21.28
9.61,96,12,0,0,50,25.92
5.49,71,23,1,0,50,19.3
8.75,55,16,2,0,50,13.82
2.26,88,1,3,0,50,15.2
2.11,32,13,3,0,50,12.63
2.37,61,23,3,0,50,13.78
3.69,127,11,4,0,50,22.25
15.12,241,13,4,0,50,53.95
8.81,136,2,5,0,50,31.77
8.35,92,5,5,0,50,19.47
5.38,86,7,5,0,50,24.25
2.61,119,23,1,0,50,14.18
3.92,124,9,2,0,50,45.1
2.39,85,23,2,0,50,19.68
12.75,47,12,3,0,50,18.78
1.95,52,23,3,0,50,12.32
2.1,86,23,4,0,50,14.38
1.92,78,11,5,0,50,16.0
1.58,103,12,5,0,50,16.15
2.36,99,23,5,0,50,15.12
12.54,162,10,0,0,50,48.22
12.68,177,13,0,0,50,37.22
58.52,441,2,1,0,50,142.97
3.98,41,6,1,0,50,11.58
6.19,194,6,1,0,50,37.43
51.68,799,7,1,0,50,158.5
2.59,110,23,2,0,50,17.3
4.03,265,9,3,0,50,36.9
1.62,62,0,4,0,50,9.32
12.41,32,14,4,0,50,17.63
2.25,97,23,6,0,50,16.93
0.92,60,11,0,0,50,5.85
2.05,85,10,1,0,50,20.78
2.34,76,23,1,0,50,17.85
1.29,46,12,2,0,50,7.83
2.03,62,23,2,0,50,13.1
1.45,81,11,3,0,50,10.93
2.18,66,23,3,0,50,15.93
5.16,190,11,4,0,50,27.78
3.83,78,12,4,0,50,14.3
3.49,47,3,5,0,50,14.17
4.47,59,6,5,0,50,13.53
2.13,94,23,6,0,50,15.62
8.97,39,13,0,0,50,13.12
2.15,110,23,0,0,50,16.63
2.08,20,12,1,0,50,15.18
2.19,145,23,1,0,50,22.75
0.97,39,0,2,0,50,6.93
1.64,77,0,3,0,50,12.8
2.3,80,9,3,0,50,18.5
2.18,83,23,3,0,50,20.57
11.95,207,13,4,0,50,37.83
16.58,64,4,5,0,50,27.8
15.43,37,8,5,0,50,26.95
2.14,89,23,6,0,50,18.75
2.25,99,10,0,0,50,19.43
1.62,72,0,1,0,50,12.43
2.08,121,23,1,0,50,22.1
2.25,87,10,2,0,50,19.38
2.16,85,23,2,0,50,13.6
2.09,75,23,3,0,50,14.97
11.66,40,14,4,0,50,22.08
16.6,156,3,5,0,50,40.72
17.1,280,10,5,0,50,62.3
14.29,116,3,6,0,50,23.32
14.29,98,5,6,0,50,34.38
2.21,78,23,6,0,50,23.03
2.69,121,0,0,0,50,14.45
2.04,68,23,1,0,50,16.42
2.21,58,12,2,0,50,14.23
1.99,85,23,2,0,50,17.73
9.05,664,11,3,0,50,97.57
2.84,105,23,3,0,50,16.95
1.6,44,5,4,0,50,5.6
9.98,140,1,5,0,50,24.15
9.08,135,2,5,0,50,30.98
7.84,110,6,5,0,50,26.1
4.8,109,7,5,0,50,21.25
18.35,141,8,5,0,50,53.38
2.07,87,23,6,0,50,16.88
2.04,41,12,0,0,50,13.82
2.09,91,23,0,0,50,14.98
1.63,112,11,1,0,50,15.47
2.27,111,23,1,0,50,14.97
3.81,80,7,2,0,50,14.38
2.22,68,9,2,0,50,18.97
1.42,63,23,2,0,50,10.53
2.55,142,10,3,0,50,24.38
1.64,45,0,4,0,50,7.5
2.15,108,12,4,0,50,25.05
3.32,97,2,5,0,50,13.32
3.28,58,7,5,0,50,10.82
20.08,131,1,6,0,50,33.57
7.32,130,3,6,0,50,20.77
10.96,62,6,6,0,50,23.98
13.07,130,7,6,0,50,26.07
27.04,940,8,6,0,50,141.57
18.1,123,12,6,0,50,32.22
2.68,125,23,6,0,50,22.22
0.72,51,10,0,0,50,8.55
2.1,51,23,0,0,50,15.22
1.83,32,12,1,0,50,5.9
2.03,62,23,1,0,50,16.42
1.83,28,12,2,0,50,5.58
2.51,224,23,2,0,50,27.38
2.19,58,12,3,0,50,8.87
2.04,59,23,3,0,50,16.0
12.98,45,12,4,0,50,23.07
8.11,385,7,5,0,50,74.55
6.44,71,9,5,0,50,30.12
2.21,80,23,6,0,50,14.67
2.33,86,8,0,0,50,21.1
2.01,82,23,1,0,50,17.75
2.63,100,10,2,0,50,29.67
2.42,139,23,2,0,50,22.55
1.32,91,10,3,0,50,13.53
332.41,239,8,4,0,50,230.03
1.54,39,12,4,0,50,7.2
63.65,154,23,4,0,50,88.67
4.81,11,2,5,0,50,8.5
32.19,100,3,5,0,50,65.22
22.96,151,4,5,0,50,51.13
7.62,49,0,6,0,50,19.48
6.32,148,1,6,0,50,36.2
9.38,353,2,6,0,50,93.65
35.03,215,4,6,0,50,77.73
204.76,140,5,6,0,50,199.4
209.03,193,9,6,0,50,142.85
15.44,117,12,6,0,50,36.67
2.04,81,23,6,0,50,12.22
4.19,144,9,0,0,50,38.35
2.15,59,23,0,0,50,18.07
1.04,74,9,1,0,50,10.57
2.07,108,23,1,0,50,17.17
2.47,112,11,2,0,50,17.9
2.19,99,0,3,0,50,15.3
2.61,92,11,3,0,50,19.7
2.04,59,23,3,0,50,10.65
15.22,338,12,4,0,50,57.37
6.44,24,2,5,0,50,14.2
4.72,21,3,5,0,50,10.37
5.84,172,6,5,0,50,30.0
6.54,85,9,5,0,50,20.98
3.96,103,10,5,0,50,19.7
6.55,122,14,5,0,50,25.48
9.82,56,3,6,0,50,20.58
19.87,169,5,6,0,50,36.12
15.75,351,6,6,0,50,64.82
21.42,667,11,6,0,50,127.45
1.94,60,23,6,0,50,13.47
2.41,123,9,0,0,50,24.22
2.31,90,0,1,0,50,12.93
1.96,100,9,1,0,50,16.42
2.14,94,23,1,0,50,20.17
2.83,119,12,2,0,50,26.25
1.95,75,23,2,0,50,15.22
3.19,250,9,3,0,50,31.65
2.14,101,23,3,0,50,17.27
7.72,63,14,4,0,50,16.15
5.19,214,5,5,0,50,55.52
2.13,71,7,5,0,50,8.03
3.77,84,10,5,0,50,19.37
8.22,91,1,6,0,50,21.48
41.56,358,3,6,0,50,95.67
1.97,93,23,6,0,50,11.82
1.94,78,23,0,0,50,11.88
2.46,62,11,1,0,50,9.85
2.08,107,23,1,0,50,16.83
1.93,95,23,2,0,50,16.92
3.61,127,10,3,0,50,25.48
2.56,66,23,3,0,50,16.48
11.18,24,7,4,0,50,10.35
2.11,78,14,4,0,50,10.6
2.7,132,3,6,0,50,17.83
2.66,137,5,6,0,50,15.32
20.28,15,12,6,0,50,18.8
2.08,58,23,6,0,50,16.15
2.28,59,23,0,0,50,15.68
11.33,174,13,1,0,50,29.18
1.92,40,23,1,0,50,6.82
1.78,19,12,2,0,50,5.08
2.05,93,23,2,0,50,12.1
8.99,40,14,3,0,50,12.3
1.67,89,23,3,0,50,11.63
2.12,67,12,4,0,50,17.13
4.03,111,2,5,0,50,16.0
11.49,127,3,5,0,50,29.85
7.76,154,4,5,0,50,29.27
4.08,89,8,5,0,50,22.57
2.28,43,9,5,0,50,8.75
2.07,74,23,6,0,50,16.23
2.39,129,23,0,0,50,20.55
2.09,51,23,1,0,50,12.85
10.28,338,13,2,0,50,55.47
3.61,97,23,2,0,50,15.28
13.73,248,13,3,0,50,50.6
2.15,93,23,3,0,50,21.72
1.29,71,13,4,0,50,7.78
2.33,74,13,4,0,50,9.55
15.24,209,1,6,0,50,47.5
4.58,116,5,6,0,50,18.28
9.18,135,7,6,0,50,31.25
8.5,47,9,0,0,50,13.6
4.74,108,7,1,0,50,21.55
5.09,106,9,1,0,50,19.77
11.49,138,8,2,0,50,26.3
6.46,179,10,2,0,50,40.32
18.67,239,11,2,0,50,52.25
1.84,76,9,3,0,50,9.72
2.24,27,10,3,0,50,5.65
2.21,93,23,3,0,50,17.37
1.61,50,13,4,0,50,7.53
1.8,74,23,4,0,50,16.65
8.78,51,16,5,0,50,11.15
10.08,86,2,6,0,50,21.65
6.72,92,11,6,0,50,18.05
10.92,64,23,6,0,50,12.7
9.04,51,16,0,0,50,14.7
2.12,77,1,1,0,50,11.07
9.29,24,15,1,0,50,10.38
2.1,31,1,2,0,50,6.88
1.89,23,13,2,0,50,5.23
2.15,81,23,2,0,50,16.6
2.38,89,13,3,0,50,14.47
2.01,54,0,4,0,50,11.17
2.89,60,4,5,0,50,9.28
1.72,84,8,5,0,50,9.5
8.34,233,10,5,0,50,40.6
29.81,292,11,5,0,50,86.85
1.81,56,23,6,0,50,8.22
11.63,198,14,0,0,50,30.38
2.02,63,23,1,0,50,12.98
2.26,73,0,3,0,50,12.68
9.64,98,15,3,0,50,16.92
2.11,60,1,4,0,50,11.27
3.49,58,8,4,0,50,8.25
2.36,103,13,4,0,50,18.52
2.0,95,14,4,0,50,12.18
6.21,159,6,5,0,50,31.72
8.1,226,9,5,0,50,46.45
2.72,120,12,5,0,50,27.82
2.26,119,0,0,0,50,19.1
2.14,90,23,0,0,50,14.12
2.86,113,9,1,0,50,19.77
2.07,49,23,1,0,50,19.25
2.49,86,10,2,0,50,17.47
2.1,81,23,2,0,50,22.87
2.06,78,23,3,0,50,16.88
0.95,69,4,4,0,50,8.87
9.95,61,16,2,0,50,18.55
11.18,341,17,2,0,50,67.43
47.03,203,16,3,0,50,79.48
4.68,172,20,4,0,50,25.43
3.26,115,1,5,0,50,17.22
23.63,200,2,5,0,50,50.8
1.44,48,3,5,0,50,7.98
8.66,377,4,5,0,50,70.5
23.58,340,1,6,0,50,81.98
19.11,221,4,6,0,50,44.87
2.5,33,5,6,0,50,5.95
75.07,213,13,6,0,50,86.2
46.54,587,15,6,0,50,145.45
58.62,97,2,0,0,50,67.32
26.38,211,17,0,0,50,64.65
30.61,57,0,1,0,50,27.1
8.97,102,18,1,0,50,14.9
7.53,125,2,2,0,50,28.15
1.55,58,17,2,0,50,8.32
65.85,81,20,2,0,50,57.87
72.72,154,3,3,0,50,67.27
61.64,97,17,3,0,50,46.7
62.66,146,2,4,0,50,64.62
34.35,62,17,4,0,50,29.88
16.62,41,13,5,0,50,20.82
5.2,75,5,6,0,50,22.65
2.48,58,7,6,0,50,9.8
2.19,62,23,6,0,50,13.82
2.48,100,9,0,0,50,19.92
2.1,80,23,0,0,50,13.28
1.83,41,12,1,0,50,6.08
2.27,84,23,1,0,50,13.73
2.67,106,12,2,0,50,13.68
2.0,72,23,2,0,50,16.45
2.53,94,11,3,0,50,15.25
2.06,48,23,3,0,50,16.08
8.26,96,3,5,0,50,23.9
7.75,373,7,5,0,50,56.02
2.96,52,5,6,0,50,14.18
2.38,46,6,6,0,50,8.07
2.01,95,23,6,0,50,12.95
2.55,80,10,0,0,50,14.95
2.18,84,23,0,0,50,13.12
3.34,163,9,1,0,50,23.77
2.08,92,23,1,0,50,13.63
1.93,44,12,2,0,50,6.37
2.04,75,23,2,0,50,17.18
3.95,122,10,3,0,50,20.42
2.28,63,23,3,0,50,15.0
2.91,199,14,4,0,50,33.3
1.89,99,0,0,0,50,12.8
3.11,44,12,0,0,50,14.18
2.47,75,0,1,0,50,18.63
5.21,246,0,2,0,50,40.6
10.26,183,2,2,0,50,34.13
2.38,106,0,3,0,50,17.1
2.11,78,9,3,0,50,16.85
2.06,56,0,4,0,50,11.47
12.98,29,13,4,0,50,15.78
7.8,175,3,5,0,50,29.55
4.17,87,4,5,0,50,13.12
3.68,119,4,5,0,50,20.18
6.77,259,8,5,0,50,36.72
3.71,61,10,5,0,50,11.88
6.47,263,5,6,0,50,50.53
2.32,115,23,6,0,50,20.3
2.06,79,0,1,0,50,14.2
2.25,126,11,1,0,50,15.68
2.05,63,0,2,0,50,10.85
2.62,46,11,2,0,50,7.95
2.11,62,23,2,0,50,15.15
3.69,142,9,3,0,50,33.75
2.22,139,23,3,0,50,18.97
1.87,49,15,4,0,50,5.63
9.11,51,6,5,0,50,19.4
18.52,254,7,5,0,50,66.37
8.62,115,9,5,0,50,27.18
31.3,520,5,6,0,50,133.02
2.19,124,0,0,0,50,19.02
2.38,86,9,2,0,50,13.18
2.36,79,0,3,0,50,14.82
2.27,85,10,3,0,50,21.8
2.14,87,0,4,0,50,19.32
1.74,76,10,4,0,50,15.88
2.18,76,0,0,0,50,16.1
2.66,130,10,0,0,50,20.28
2.15,69,0,1,0,50,14.87
2.53,81,10,1,0,50,18.73
1.37,54,0,2,0,50,7.65
19.52,23,23,2,0,50,22.63
28.93,73,5,3,0,50,34.63
15.86,860,7,3,0,50,184.9
41.14,223,0,4,0,50,84.3
2.13,156,3,4,0,50,25.03
48.83,1079,4,4,0,50,199.5
1.57,124,12,4,0,50,16.17
93.24,549,0,5,0,50,197.17
9.1,567,4,5,0,50,70.45
98.14,971,7,5,0,50,210.73
0.63,52,11,5,0,50,7.45
26.94,246,23,5,0,50,58.32
64.38,976,1,6,0,50,341.2
5.56,120,7,6,0,50,29.43
11.67,321,8,6,0,50,101.65
1.3,109,13,6,0,50,13.22
1.08,44,0,0,0,50,11.58
91.43,127,0,0,0,50,122.72
13.56,25,8,0,0,50,18.03
6.37,94,11,0,0,50,17.5
5.13,116,23,0,0,50,14.98
2.09,75,0,2,0,50,21.5
2.08,72,0,3,0,50,12.82
1.52,122,9,3,0,50,16.27
2.25,71,23,3,0,50,12.87
10.83,30,12,4,0,50,12.82
2.1,47,9,5,0,50,10.9
2.75,48,10,5,0,50,12.23
4.96,84,12,5,0,50,19.88
2.14,81,0,1,0,50,19.43
2.25,99,9,1,0,50,14.95
2.04,71,23,1,0,50,13.27
2.56,99,9,2,0,50,19.33
2.08,65,0,3,0,50,13.28
2.38,99,9,3,0,50,19.12
2.09,75,0,4,0,50,20.85
12.87,35,12,4,0,50,16.02
5.37,29,22,4,0,50,7.58
10.36,205,0,5,0,50,40.58
2.58,128,5,5,0,50,16.97
1.9,39,6,5,0,50,7.12
2.13,72,0,0,0,50,21.72
5.32,180,7,0,0,50,37.02
20.98,760,8,0,0,50,144.87
2.42,148,12,0,0,50,18.68
1.99,69,0,1,0,50,17.32
2.29,100,10,1,0,50,15.82
2.17,50,23,1,0,50,13.85
1.43,63,9,2,0,50,14.9
2.06,51,23,2,0,50,15.3
1.05,70,5,3,0,50,7.9
23.4,613,9,3,0,50,105.78
24.65,108,13,3,0,50,36.12
2.16,71,23,3,0,50,13.8
7.96,237,9,4,0,50,37.22
4.64,41,12,4,0,50,8.37
3.21,84,3,5,0,50,21.38
5.7,100,7,5,0,50,23.65
6.73,91,9,5,0,50,16.72
28.25,760,6,6,0,50,141.8
19.18,148,9,6,0,50,37.93
7.43,65,10,6,0,50,19.98
2.22,76,23,6,0,50,13.52
7.43,247,9,0,0,50,40.9
2.16,57,23,0,0,50,11.88
2.32,106,10,1,0,50,20.57
2.52,91,10,2,0,50,22.72
2.67,115,23,2,0,50,16.37
12.16,189,9,3,0,50,46.67
1.75,22,23,3,0,50,7.87
11.65,91,13,4,0,50,23.38
6.92,171,1,5,0,50,40.13
22.76,168,2,5,0,50,59.52
6.18,138,4,5,0,50,28.4
7.43,234,6,5,0,50,36.72
4.23,134,8,5,0,50,19.33
12.65,223,8,6,0,50,51.28
4.51,48,12,6,0,50,11.42
2.12,78,23,6,0,50,21.7
2.3,89,9,0,0,50,17.22
2.17,82,23,0,0,50,13.95
2.36,139,11,1,0,50,18.97
2.52,38,23,1,0,50,9.87
1.83,40,23,2,0,50,7.85
2.2,104,9,3,0,50,18.95
1.82,43,23,3,0,50,7.55
9.4,180,3,5,0,50,28.57
9.93,153,5,5,0,50,28.57
24.73,275,9,5,0,50,62.3
38.75,186,14,5,0,50,57.95
2.32,84,10,6,0,50,16.35
2.36,106,23,6,0,50,20.17
12.32,664,10,0,0,50,82.83
13.14,27,9,1,0,50,14.73
1.97,24,9,1,0,50,5.32
48.28,389,2,2,0,50,121.0
22.72,68,7,2,0,50,28.03
21.0,137,10,3,0,50,36.95
26.38,160,12,3,0,50,51.88
26.36,441,3,4,0,50,107.23
31.18,316,7,4,0,50,96.83
2.2,43,10,4,0,50,5.88
2.0,64,23,3,0,50,8.42
16.98,198,8,5,0,50,57.78
16.0,48,14,5,0,50,21.23
2.21,86,23,6,0,50,19.2
26.04,1762,13,0,0,50,216.43
14.34,1654,17,0,0,50,171.48
18.11,1522,20,0,0,50,194.87
1.72,73,23,1,0,50,9.87
2.45,126,10,2,0,50,25.42
1.96,54,23,2,0,50,8.62
1.26,128,14,3,0,50,14.62
5.34,111,15,3,0,50,17.1
2.04,33,23,3,0,50,12.48
4.17,202,12,4,0,50,30.78
16.46,169,13,4,0,50,34.98
4.01,114,5,6,0,50,18.72
4.59,147,7,6,0,50,28.2
2.15,57,23,6,0,50,13.9
1.42,50,23,0,0,50,7.5
1.22,12,0,2,0,50,6.88
3.16,159,11,2,0,50,31.87
1.65,23,23,2,0,50,9.65
2.26,29,23,3,0,50,9.18
21.85,65,1,0,0,50,28.17
24.77,120,5,0,0,50,36.32
5.49,181,9,0,0,50,32.2
11.17,343,10,0,0,50,85.47
2.12,55,1,1,0,50,11.43
3.0,74,2,1,0,50,10.98
45.74,519,3,1,0,50,113.13
5.09,251,6,1,0,50,57.85
2.21,37,2,2,0,50,6.33
27.74,53,4,2,0,50,38.27
19.85,20,8,2,0,50,21.03
1.71,32,23,2,0,50,10.23
2.46,80,12,3,0,50,12.75
1.62,33,23,3,0,50,10.18
12.43,335,10,4,0,50,61.27
12.18,226,13,4,0,50,43.82
6.48,14,3,6,0,50,10.47
14.04,84,4,6,0,50,30.47
3.79,66,5,6,0,50,13.1
25.64,96,9,6,0,50,39.3
2.2,74,23,6,0,50,16.33
2.69,128,9,0,0,50,19.07
2.05,54,23,0,0,50,11.15
2.54,125,10,1,0,50,17.48
1.24,26,23,1,0,50,8.17
2.18,100,10,2,0,50,19.63
1.92,47,23,2,0,50,13.63
2.19,71,10,3,0,50,16.58
2.04,100,23,3,0,50,15.0
2.91,75,9,4,0,50,14.8
4.58,91,10,4,0,50,15.88
7.85,82,14,4,0,50,19.1
22.4,154,6,5,0,50,47.87
25.51,312,8,5,0,50,88.43
16.72,130,12,5,0,50,39.38
2.15,74,23,6,0,50,17.22
2.24,80,9,0,0,50,14.22
1.33,35,23,0,0,50,6.48
2.39,74,9,1,0,50,16.68
1.59,43,23,1,0,50,6.42
2.1,58,0,3,0,50,8.85
4.14,56,13,3,0,50,10.15
1.82,29,23,3,0,50,9.63
12.59,40,13,4,0,50,21.1
8.68,114,9,5,0,50,29.87
10.11,100,11,5,0,50,22.42
2.32,124,23,6,0,50,15.68
3.35,120,9,0,0,50,32.45
2.15,75,9,1,0,50,17.52
1.52,54,23,1,0,50,7.5
2.31,98,10,2,0,50,25.02
1.34,29,23,2,0,50,8.05
2.91,103,9,3,0,50,16.52
1.29,23,0,5,0,50,7.6
2.32,150,10,5,0,50,24.65
56.75,315,4,6,0,50,103.28
75.46,338,3,0,0,50,149.33
1.01,39,3,1,0,50,6.43
14.69,64,4,1,0,50,26.12
0.82,62,7,1,0,50,6.9
13.61,43,10,1,0,50,17.7
1.99,43,23,1,0,50,12.8
1.61,30,23,2,0,50,8.4
1.83,39,9,3,0,50,12.07
2.2,34,23,3,0,50,9.12
16.63,285,9,4,0,50,69.47
19.27,301,3,5,0,50,58.68
20.16,290,10,5,0,50,66.02
14.87,34,3,6,0,50,18.25
14.61,56,12,6,0,50,20.42
1.93,58,0,0,0,50,13.4
3.08,97,9,0,0,50,25.23
2.23,46,23,0,0,50,17.28
3.93,165,10,1,0,50,29.27
1.84,35,0,2,0,50,10.67
2.4,113,9,2,0,50,19.28
22.02,111,1,3,0,50,53.57
16.86,172,5,3,0,50,37.97
21.83,574,7,3,0,50,100.83
20.41,568,10,3,0,50,101.27
10.13,191,23,3,0,50,37.98
9.79,100,10,4,0,50,25.1
9.71,58,23,4,0,50,23.32
9.86,121,10,5,0,50,24.25
19.09,222,11,5,0,50,47.53
18.91,153,15,5,0,50,34.27
7.57,35,23,5,0,50,15.53
13.98,93,3,6,0,50,23.48
20.42,59,9,6,0,50,31.63
1.51,51,23,6,0,50,6.77
14.19,32,12,1,0,50,18.28
1.99,31,0,2,0,50,10.33
13.61,32,12,2,0,50,15.67
1.81,32,23,2,0,50,6.75
1.24,72,9,3,0,50,9.38
6.11,64,12,3,0,50,14.27
4.62,28,13,3,0,50,9.17
1.22,20,23,3,0,50,7.08
1.43,117,10,4,0,50,13.17
1.14,106,10,4,0,50,12.5
14.02,23,14,4,0,50,15.65
30.6,88,6,5,0,50,57.2
32.82,546,7,5,0,50,135.63
14.35,20,13,5,0,50,17.52
4.92,53,4,6,0,50,13.03
17.94,45,6,6,0,50,29.93
3.81,49,10,6,0,50,19.38
24.05,110,13,6,0,50,45.03
1.87,33,0,0,0,50,10.6
2.08,55,23,0,0,50,15.23
10.72,143,7,1,0,50,27.02
10.37,212,9,1,0,50,37.4
2.76,185,10,1,0,50,28.33
1.48,24,0,2,0,50,8.43
11.49,82,13,2,0,50,19.75
1.76,44,0,3,0,50,6.78
14.61,73,14,3,0,50,23.08
2.11,118,23,3,0,50,15.5
2.65,141,10,4,0,50,22.92
344.09,254,23,4,0,50,283.05
21.09,274,5,5,0,50,72.33
24.71,721,8,5,0,50,148.18
81.35,769,0,6,0,50,182.78
52.95,252,5,6,0,50,82.88
70.21,88,8,6,0,50,84.93
53.45,897,0,0,0,50,201.25
5.54,309,3,0,0,50,54.9
11.18,283,4,0,0,50,73.82
70.49,149,6,0,0,50,79.47
161.85,177,7,0,0,50,169.37
170.81,289,11,0,0,50,184.22
2.12,70,23,0,0,50,12.12
13.68,25,12,1,0,50,14.25
1.42,32,0,4,0,50,8.55
14.25,32,12,4,0,50,17.52
16.16,94,4,5,0,50,31.9
16.11,177,7,5,0,50,52.92
3.19,68,3,6,0,50,10.27
2.48,106,9,0,0,50,20.42
2.2,121,23,0,0,50,17.92
1.7,62,23,1,0,50,9.28
41.65,244,12,2,0,50,74.68
2.88,128,10,3,0,50,17.1
1.86,51,0,4,0,50,7.63
5.02,203,12,4,0,50,33.2
29.35,172,5,5,0,50,53.58
25.44,286,6,5,0,50,68.25
17.59,660,11,5,0,50,132.38
19.86,514,2,6,0,50,107.15
20.11,277,5,6,0,50,68.48
14.54,65,11,6,0,50,19.42
1.55,16,23,6,0,50,7.8
2.23,67,9,0,0,50,15.1
2.01,65,23,0,0,50,19.47
2.33,81,10,1,0,50,21.05
1.7,33,23,1,0,50,10.32
1.94,21,23,2,0,50,8.5
1.75,28,23,3,0,50,6.5
2.11,63,9,4,0,50,18.68
9.44,54,13,4,0,50,25.48
3.66,117,1,5,0,50,28.0
67.28,420,2,5,0,50,113.12
54.4,174,8,5,0,50,83.33
4.64,60,14,5,0,50,12.23
7.35,177,1,6,0,50,44.07
27.86,168,2,6,0,50,59.12
12.21,91,4,6,0,50,26.57
14.57,85,7,6,0,50,27.68
1.72,65,0,0,0,50,8.92
1.98,75,10,0,0,50,16.48
2.15,89,23,0,0,50,14.55
2.31,99,9,1,0,50,14.6
1.94,89,23,1,0,50,11.63
2.18,84,9,2,0,50,17.23
2.16,28,23,2,0,50,11.0
2.28,126,12,3,0,50,16.62
2.16,96,10,4,0,50,20.8
2.31,98,10,0,0,50,18.53
2.42,101,23,0,0,50,12.63
6.21,59,6,1,0,50,16.52
1.88,32,0,2,0,50,6.47
22.56,271,4,2,0,50,53.02
10.34,265,7,2,0,50,42.9
7.37,343,8,2,0,50,50.63
3.74,40,13,2,0,50,18.4
2.28,58,9,3,0,50,15.42
1.85,26,23,3,0,50,8.82
14.24,40,13,4,0,50,18.07
6.85,106,7,5,0,50,20.52
7.76,185,13,5,0,50,27.52
11.93,160,11,6,0,50,40.73
5.26,60,3,0,0,50,12.5
6.63,88,5,0,0,50,15.07
2.21,43,7,0,0,50,7.8
1.95,49,23,0,0,50,13.35
2.39,126,9,1,0,50,18.9
1.58,31,23,1,0,50,5.83
2.28,100,11,2,0,50,20.72
1.79,41,23,2,0,50,9.37
2.42,97,9,3,0,50,18.07
1.57,41,23,3,0,50,6.3
10.3,181,14,4,0,50,40.9
10.67,100,9,0,0,50,27.07
2.01,70,23,0,0,50,15.45
2.62,124,9,1,0,50,29.38
11.69,147,23,1,0,50,29.23
11.43,121,9,2,0,50,31.72
11.44,93,23,2,0,50,22.83
11.41,125,9,3,0,50,43.58
11.48,78,23,3,0,50,22.55
11.1,168,9,4,0,50,41.0
9.19,253,9,5,0,50,50.92
9.95,144,13,5,0,50,27.48
6.49,17,3,6,0,50,16.22
14.05,272,4,6,0,50,55.53
11.49,140,7,6,0,50,25.28
11.16,165,9,6,0,50,30.87
11.62,89,23,6,0,50,27.72
11.63,70,9,0,0,50,27.0
2.02,47,23,0,0,50,18.77
19.82,122,14,1,0,50,28.4
11.82,91,23,1,0,50,24.98
11.0,84,9,2,0,50,27.73
11.53,87,23,2,0,50,23.77
2.5,96,11,3,0,50,17.18
2.05,71,23,3,0,50,11.17
12.29,102,9,4,0,50,35.03
2.35,43,11,4,0,50,8.05
1.14,10,23,6,0,50,6.68
3.54,191,10,0,0,50,25.48
2.04,57,23,0,0,50,14.13
2.26,114,9,1,0,50,21.72
1.87,35,23,1,0,50,10.35
3.38,89,13,2,0,50,21.92
2.07,62,23,2,0,50,16.55
2.26,102,10,3,0,50,24.85
1.33,97,10,4,0,50,14.67
14.11,53,2,6,0,50,17.2
16.55,84,10,6,0,50,23.57
1.75,38,23,6,0,50,5.78
2.19,77,23,0,0,50,12.23
3.18,208,9,1,0,50,30.0
1.66,40,23,1,0,50,10.9
1.56,93,10,2,0,50,11.17
1.86,47,23,3,0,50,6.98
8.98,99,13,4,0,50,20.57
10.35,174,10,5,0,50,36.48
9.6,161,13,5,0,50,33.7
4.29,91,2,6,0,50,13.73
3.94,125,4,6,0,50,16.35
6.53,171,7,6,0,50,36.03
1.62,26,23,6,0,50,5.43
2.77,83,10,0,0,50,22.27
2.06,64,23,0,0,50,14.6
1.65,72,10,1,0,50,19.5
1.95,41,23,1,0,50,9.15
2.79,115,10,2,0,50,22.83
1.91,52,23,2,0,50,9.33
1.78,63,9,3,0,50,15.07
1.9,40,23,3,0,50,6.93
14.07,19,12,4,0,50,15.33
2.64,64,4,5,0,50,8.12
3.91,61,6,5,0,50,15.4
1.86,29,23,6,0,50,9.03
2.64,178,9,0,0,50,21.9
2.0,171,2,1,0,50,22.2
2.23,83,9,1,0,50,14.32
2.0,78,23,1,0,50,11.37
2.13,84,9,2,0,50,15.32
1.65,70,23,2,0,50,13.85
2.67,89,9,3,0,50,15.67
2.34,54,23,3,0,50,7.62
1.99,75,11,4,0,50,16.97
5.73,31,0,5,0,50,9.13
7.92,142,6,5,0,50,33.55
2.02,27,23,6,0,50,6.62
2.25,156,10,0,0,50,20.75
1.87,35,23,0,0,50,7.47
2.3,109,9,1,0,50,20.13
2.29,93,23,1,0,50,16.83
2.48,59,11,2,0,50,20.23
2.0,61,23,2,0,50,7.78
2.41,101,10,3,0,50,18.78
1.83,56,23,3,0,50,8.72
2.26,81,10,4,0,50,22.38
3.3,64,5,6,0,50,9.6
3.12,78,6,6,0,50,12.95
2.1,40,23,6,0,50,11.15
1.97,104,10,0,0,50,18.7
1.45,18,23,0,0,50,7.37
1.73,44,14,1,0,50,6.68
2.35,149,23,1,0,50,13.32
2.22,93,9,2,0,50,16.23
2.04,52,23,2,0,50,11.92
2.13,54,23,3,0,50,7.92
1.85,77,6,4,0,50,13.28
12.34,203,10,5,0,50,45.55
4.36,112,3,6,0,50,13.93
8.6,52,23,6,0,50,14.9
11.26,287,9,0,0,50,47.23
56.08,4098,23,0,0,50,618.02
19.29,1247,23,1,0,50,184.45
1.66,51,23,2,0,50,7.58
1.33,89,9,3,0,50,12.18
2.09,80,23,3,0,50,19.77
2.34,100,10,4,0,50,18.23
19.71,64,22,4,0,50,22.0
4.57,80,18,5,0,50,12.62
4.13,329,21,5,0,50,43.93
0.92,85,2,0,0,50,10.58
27.65,312,18,0,0,50,58.92
0.73,43,21,0,0,50,5.13
101.3,136,21,0,0,50,61.07
3.47,34,22,0,0,50,9.02
13.85,72,23,0,0,50,23.48
34.36,266,1,1,0,50,56.63
1.49,127,4,1,0,50,16.67
4.41,389,18,1,0,50,47.48
1.47,111,21,1,0,50,11.47
0.67,48,1,2,0,50,7.93
1.01,83,2,2,0,50,8.3
5.09,70,15,2,0,50,11.33
7.07,226,18,2,0,50,52.95
206.71,424,19,2,0,50,179.52
11.35,459,0,3,0,50,68.73
23.82,65,19,3,0,50,23.68
30.9,418,4,4,0,50,72.7
12.79,98,17,4,0,50,21.27
11.55,75,2,5,0,50,14.43
1.71,136,3,5,0,50,15.85
1.88,101,5,5,0,50,14.48
9.51,158,0,6,0,50,28.9
9.34,80,1,6,0,50,20.77
2.4,159,2,6,0,50,21.38
0.88,71,4,1,0,50,9.03
6.01,60,18,1,0,50,16.95
7.39,321,22,1,0,50,48.57
0.81,60,0,2,0,50,9.38
202.07,93,14,2,0,50,127.12
3.12,64,16,2,0,50,11.12
14.72,87,3,3,0,50,21.83
13.51,812,16,5,0,50,133.9
10.29,76,19,5,0,50,20.3
10.88,58,21,5,0,50,17.82
14.27,503,22,5,0,50,86.55
20.61,106,16,6,0,50,30.57
16.1,29,13,0,0,50,15.93
5.7,33,23,0,0,50,9.35
10.69,288,9,1,0,50,50.23
9.95,239,23,1,0,50,46.63
1.37,84,10,2,0,50,12.45
7.09,74,23,2,0,50,14.72
9.88,253,9,3,0,50,49.28
7.75,32,23,3,0,50,13.17
8.67,45,12,4,0,50,13.02
3.45,79,4,5,0,50,11.43
4.22,72,7,5,0,50,21.43
7.68,70,23,6,0,50,17.43
11.14,263,9,0,0,50,48.55
2.06,54,23,0,0,50,9.13
0.79,37,1,1,0,50,9.03
9.33,228,9,1,0,50,36.33
1.02,75,11,1,0,50,11.25
9.71,249,23,1,0,50,54.97
9.71,238,9,2,0,50,38.65
7.78,74,23,2,0,50,17.0
9.76,320,9,3,0,50,54.73
7.76,55,23,3,0,50,13.57
9.86,376,10,4,0,50,58.08
19.72,505,4,5,0,50,91.85
19.02,60,8,5,0,50,37.75
5.34,225,4,6,0,50,49.08
3.0,69,6,6,0,50,16.85
7.54,56,23,0,0,50,15.62
10.16,286,9,1,0,50,45.97
29.34,1893,23,1,0,50,287.32
10.2,339,9,2,0,50,55.05
2.1,59,23,2,0,50,16.85
9.54,322,9,3,0,50,54.6
7.73,48,23,3,0,50,12.67
10.91,102,9,4,0,50,26.12
2.46,43,11,4,0,50,7.22
6.39,47,23,6,0,50,12.08
8.5,263,9,0,0,50,51.27
10.07,218,23,1,0,50,47.65
10.0,277,9,2,0,50,53.08
7.66,50,23,2,0,50,14.73
9.66,220,9,3,0,50,49.7
7.77,39,23,3,0,50,15.05
8.71,247,9,4,0,50,44.37
7.59,54,23,6,0,50,16.95
9.69,231,9,0,0,50,53.47
7.68,54,23,0,0,50,14.55
22.93,319,6,1,0,50,66.92
2.02,70,10,1,0,50,12.12
9.89,274,23,1,0,50,52.57
9.61,213,9,2,0,50,52.78
7.66,66,23,2,0,50,17.2
9.67,355,10,3,0,50,66.77
23.4,134,23,3,0,50,47.03
22.16,92,15,4,0,50,51.0
25.96,102,0,5,0,50,32.63
11.03,192,16,5,0,50,37.52
11.4,174,17,5,0,50,38.6
72.44,745,7,6,0,50,165.33
4.95,385,11,6,0,50,52.33
61.14,244,13,6,0,50,104.2
6.98,47,9,0,0,50,13.22
4.03,264,11,0,0,50,32.25
4.99,178,15,0,0,50,26.48
14.62,50,9,1,0,50,31.25
13.31,21,13,1,0,50,14.18
8.76,294,17,1,0,50,40.5
8.26,621,18,1,0,50,87.35
2.54,33,21,1,0,50,6.22
3.75,269,7,2,0,50,42.67
20.6,634,9,2,0,50,101.35
0.6,41,12,3,0,50,5.45
9.0,180,12,3,0,50,24.6
10.11,569,15,3,0,50,75.35
5.25,183,10,4,0,50,31.5
7.04,123,13,4,0,50,28.08
26.62,170,14,4,0,50,39.28
18.96,28,20,4,0,50,19.93
7.47,34,8,5,0,50,14.35
9.73,236,17,5,0,50,43.1
7.4,35,8,6,0,50,11.6
10.09,223,17,6,0,50,38.07
7.85,63,7,0,0,50,16.83
10.11,200,17,0,0,50,49.9
7.66,48,7,1,0,50,17.0
10.19,369,17,1,0,50,58.0
7.91,38,7,2,0,50,15.63
10.14,220,17,2,0,50,40.58
10.0,318,7,3,0,50,53.75
8.49,238,17,3,0,50,44.47
2.24,32,8,4,0,50,10.07
0.81,48,11,4,0,50,9.3
1.02,54,18,4,0,50,9.78
10.95,71,9,5,0,50,22.83
12.49,170,13,5,0,50,32.68
2.01,51,12,6,0,50,5.68
1.52,59,15,6,0,50,12.92
1.01,63,17,6,0,50,7.02
7.88,28,7,0,0,50,15.87
9.91,188,17,0,0,50,41.0
8.27,184,7,1,0,50,27.25
10.1,218,17,1,0,50,45.87
7.74,49,7,2,0,50,17.22
1.16,58,17,2,0,50,13.4
9.12,249,17,2,0,50,37.52
2.14,61,7,3,0,50,10.83
10.36,285,17,3,0,50,65.8
8.02,67,7,4,0,50,21.25
0.73,66,18,4,0,50,7.27
10.47,25,22,4,0,50,10.53
8.71,119,12,5,0,50,24.07
3.53,78,13,5,0,50,13.85
7.19,47,16,5,0,50,18.12
5.77,90,18,6,0,50,14.92
7.36,65,20,6,0,50,13.53
7.61,20,8,0,0,50,12.93
10.07,217,17,0,0,50,45.23
7.84,50,8,1,0,50,18.5
10.12,257,17,1,0,50,50.95
7.98,28,8,2,0,50,14.1
10.04,219,17,2,0,50,54.75
8.0,42,8,3,0,50,12.93
9.99,243,17,3,0,50,54.05
7.15,40,8,4,0,50,14.72
1.21,81,18,4,0,50,7.75
12.38,18,22,4,0,50,13.08
16.42,130,13,5,0,50,34.77
1.44,97,16,5,0,50,10.8
21.07,125,17,5,0,50,47.78
21.98,63,6,0,0,50,23.25
35.98,96,11,0,0,50,41.98
10.05,137,14,0,0,50,28.63
7.29,301,15,0,0,50,77.25
6.75,233,18,0,0,50,41.73
5.26,71,20,0,0,50,12.42
23.35,179,7,1,0,50,50.08
90.63,166,9,1,0,50,86.88
99.68,342,11,1,0,50,135.4
4.95,53,14,1,0,50,11.4
28.22,442,15,1,0,50,100.12
35.98,337,11,3,0,50,88.42
8.07,144,14,3,0,50,35.92
8.18,209,15,3,0,50,41.58
7.46,168,20,3,0,50,37.55
30.17,226,21,3,0,50,59.07
34.89,823,13,4,0,50,155.63
7.58,296,16,4,0,50,53.05
15.98,293,17,4,0,50,51.53
5.1,156,18,6,0,50,20.05
4.66,151,21,6,0,50,19.63
29.88,81,12,0,0,50,31.65
19.69,35,16,0,0,50,28.48
8.37,124,8,1,0,50,23.52
2.94,153,18,1,0,50,28.55
7.68,33,8,2,0,50,13.7
12.97,798,17,2,0,50,125.55
8.13,50,8,3,0,50,14.93
10.79,403,17,3,0,50,68.1
7.62,41,8,4,0,50,16.0
7.52,39,8,2,0,50,12.67
9.98,257,17,2,0,50,55.5
10.52,313,8,3,0,50,41.52
2.29,69,19,3,0,50,17.52
9.84,174,8,4,0,50,28.2
15.18,162,21,4,0,50,43.43
4.11,58,11,5,0,50,10.77
4.37,109,14,5,0,50,17.28
1.96,114,13,6,0,50,18.95
7.61,61,8,0,0,50,15.18
10.37,401,17,0,0,50,56.65
7.49,44,8,1,0,50,11.8
8.54,79,17,1,0,50,18.95
7.26,50,8,2,0,50,13.05
2.61,81,19,2,0,50,17.12
21.83,41,7,3,0,50,28.2
34.84,61,12,3,0,50,37.73
4.15,87,9,5,0,50,13.83
87.12,555,10,5,0,50,139.47
75.98,248,19,5,0,50,99.47
29.7,419,21,5,0,50,86.7
4.74,111,9,1,0,50,15.15
8.03,187,11,1,0,50,28.1
4.3,76,13,2,0,50,13.87
5.4,306,16,2,0,50,43.97
2.15,156,11,3,0,50,18.23
6.82,133,12,3,0,50,25.83
5.08,207,15,3,0,50,31.05
4.95,188,16,1,0,50,21.77
6.05,116,17,1,0,50,25.1
4.66,173,13,2,0,50,22.4
6.16,166,15,2,0,50,25.42
5.26,219,10,4,0,50,29.68
5.4,75,12,4,0,50,12.35
10.0,188,11,6,0,50,40.2
9.16,153,13,6,0,50,43.6
13.91,244,15,6,0,50,44.32
3.62,237,14,0,0,50,34.88
3.07,100,15,0,0,50,17.6
6.99,254,16,0,0,50,36.28
6.42,85,13,1,0,50,14.72
5.19,76,16,1,0,50,13.87
27.77,74,13,2,0,50,33.38
19.33,17,19,2,0,50,21.55
4.48,202,16,3,0,50,30.58
4.44,53,20,3,0,50,13.2
2.06,64,14,4,0,50,15.13
14.12,53,22,4,0,50,16.3
22.53,21,10,5,0,50,23.08
11.85,56,15,5,0,50,17.05
2.24,141,17,5,0,50,24.9
2.54,64,9,6,0,50,9.53
104.77,406,7,0,0,50,179.97
12.2,260,11,0,0,50,31.37
4.04,175,12,0,0,50,23.83
4.43,288,13,0,0,50,49.98
54.25,107,14,0,0,50,55.52
97.02,450,16,0,0,50,166.5
17.75,403,13,1,0,50,88.85
7.59,133,18,1,0,50,19.1
7.02,50,6,3,0,50,9.65
8.57,101,8,3,0,50,18.9
16.5,403,9,3,0,50,80.63
11.61,613,11,3,0,50,99.47
1.37,48,14,3,0,50,14.57
20.15,732,15,3,0,50,119.93
11.38,386,10,4,0,50,74.8
20.44,1025,12,4,0,50,218.03
3.05,165,16,4,0,50,32.08
6.72,12,7,5,0,50,7.52
19.0,41,15,5,0,50,28.13
1.9,30,17,5,0,50,6.63
3.64,130,18,5,0,50,25.18
4.89,100,20,5,0,50,16.63
7.78,57,8,0,0,50,16.23
18.61,93,12,0,0,50,26.45
3.03,75,18,0,0,50,17.2
1.63,50,7,1,0,50,6.33
2.41,39,20,1,0,50,16.58
1.89,35,8,2,0,50,8.7
0.83,49,18,2,0,50,8.58
2.04,67,7,3,0,50,13.6
1.95,34,8,4,0,50,8.87
1.77,66,17,4,0,50,16.1
1.93,47,8,5,0,50,6.92
3.45,89,18,5,0,50,14.48
3.84,50,21,5,0,50,12.13
12.28,377,13,6,0,50,78.33
24.38,257,17,6,0,50,59.87
1.43,40,22,6,0,50,6.33
5.44,73,11,0,0,50,12.97
6.51,78,13,0,0,50,15.18
6.83,33,18,1,0,50,14.12
2.1,53,8,2,0,50,12.58
2.63,113,18,2,0,50,26.93
2.06,74,7,3,0,50,18.43
3.0,144,17,3,0,50,16.85
2.2,67,7,4,0,50,14.57
2.39,61,8,0,0,50,14.43
2.31,79,18,0,0,50,17.22
2.02,33,8,1,0,50,10.95
2.2,76,18,1,0,50,13.85
1.99,43,8,2,0,50,7.72
2.41,80,17,2,0,50,16.97
1.77,113,18,3,0,50,16.97
2.33,121,7,4,0,50,15.42
14.52,52,20,4,0,50,18.83
10.02,87,19,5,0,50,24.98
21.1,38,16,6,0,50,27.65
19.65,70,21,6,0,50,37.12
2.21,55,13,0,0,50,7.42
18.83,84,9,1,0,50,29.72
19.31,14,14,1,0,50,24.32
1.76,36,8,2,0,50,6.4
2.49,102,17,2,0,50,24.28
2.34,57,8,3,0,50,8.05
2.23,79,17,3,0,50,17.18
2.29,89,7,4,0,50,11.68
2.17,74,17,4,0,50,13.43
0.84,30,7,5,0,50,7.42
55.81,687,14,0,0,50,178.52
20.09,295,17,0,0,50,68.85
24.48,251,12,1,0,50,62.25
16.25,125,16,1,0,50,33.07
12.85,49,11,3,0,50,16.08
8.7,281,14,3,0,50,64.25
15.46,383,16,3,0,50,80.67
14.21,18,12,4,0,50,13.67
14.2,31,17,4,0,50,16.42
2.22,33,13,5,0,50,5.08
10.19,63,14,5,0,50,17.73
16.8,86,18,5,0,50,30.33
15.73,59,21,5,0,50,18.62
1.79,25,8,6,0,50,5.05
1.82,18,17,6,0,50,8.28
1.46,21,8,0,0,50,7.12
2.61,112,17,1,0,50,23.0
1.9,25,8,2,0,50,8.67
1.27,17,8,3,0,50,6.13
1.95,47,8,4,0,50,8.62
2.3,101,18,4,0,50,21.82
2.32,72,19,4,0,50,9.45
2.4,21,21,4,0,50,5.15
13.14,156,12,5,0,50,26.58
12.96,157,14,5,0,50,33.67
1.11,71,16,6,0,50,10.3
1.7,38,8,0,0,50,10.85
2.65,73,17,0,0,50,16.67
20.28,54,8,1,0,50,24.1
17.05,86,12,1,0,50,28.92
54.34,578,10,2,0,50,145.78
5.35,372,14,2,0,50,54.75
1.97,82,15,2,0,50,11.92
4.71,115,19,2,0,50,17.75
2.18,46,7,4,0,50,10.77
2.3,74,20,4,0,50,19.68
11.02,137,17,5,0,50,27.7
7.19,20,22,5,0,50,9.65
2.15,170,14,6,0,50,24.23
1.86,32,7,0,0,50,10.88
1.77,55,7,1,0,50,11.63
11.18,59,23,1,0,50,16.15
2.04,47,8,2,0,50,12.0
2.96,110,17,2,0,50,23.38
1.52,73,8,3,0,50,8.6
4.13,108,18,3,0,50,16.22
4.17,48,20,3,0,50,9.35
1.82,70,8,4,0,50,15.12
0.57,23,15,6,0,50,6.47
2.06,35,8,0,0,50,8.67
13.26,34,22,0,0,50,13.55
2.05,75,8,1,0,50,11.32
2.74,125,17,1,0,50,21.2
1.98,34,8,2,0,50,9.1
2.59,97,17,2,0,50,17.85
1.89,58,8,3,0,50,8.18
2.22,70,8,4,0,50,14.12
4.41,171,16,5,0,50,24.15
2.34,98,18,5,0,50,10.97
2.19,69,20,5,0,50,8.52
1.72,37,8,0,0,50,5.53
1.67,58,18,0,0,50,13.68
1.94,32,7,1,0,50,6.7
2.03,71,17,1,0,50,10.98
1.27,24,8,2,0,50,7.32
2.54,97,18,2,0,50,26.33
1.39,40,8,3,0,50,6.02
2.9,134,17,3,0,50,17.98
2.15,94,8,4,0,50,13.37
10.76,35,22,4,0,50,15.35
4.22,57,13,5,0,50,8.52
2.57,95,14,5,0,50,19.15
2.32,35,16,5,0,50,8.7
9.83,142,17,5,0,50,26.33
1.79,138,21,5,0,50,16.9
1.93,34,8,1,0,50,9.8
1.87,82,17,1,0,50,13.1
2.37,138,17,2,0,50,20.93
1.63,69,8,3,0,50,7.57
1.15,57,13,3,0,50,9.02
2.32,96,7,4,0,50,12.08
9.12,113,19,4,0,50,26.93
8.12,203,21,4,0,50,42.67
1.53,34,8,1,0,50,5.87
2.0,85,17,1,0,50,19.55
1.84,41,8,2,0,50,9.53
2.2,69,17,2,0,50,15.78
1.89,22,8,3,0,50,8.95
2.37,122,17,3,0,50,18.58
2.02,83,7,4,0,50,14.1
1.39,25,20,4,0,50,5.15
2.21,96,17,0,0,50,21.47
1.74,36,8,1,0,50,10.13
1.66,35,8,2,0,50,6.22
11.74,51,23,2,0,50,13.3
1.58,30,9,3,0,50,8.03
2.52,121,17,3,0,50,19.13
2.01,68,8,4,0,50,10.17
1.32,75,17,4,0,50,9.75
1.76,36,8,0,0,50,10.13
1.73,34,8,1,0,50,10.1
3.52,131,17,1,0,50,23.97
1.32,13,8,2,0,50,6.78
1.67,68,17,2,0,50,14.5
2.01,40,8,3,0,50,9.6
2.44,106,17,3,0,50,17.0
1.8,79,7,4,0,50,18.87
2.81,50,18,4,0,50,9.32
11.85,151,19,4,0,50,29.33
8.28,62,20,4,0,50,13.83
2.07,29,8,5,0,50,11.6
3.54,129,18,5,0,50,21.7
11.64,181,7,6,0,50,34.97
1.89,130,17,6,0,50,14.05
24.82,403,19,6,0,50,85.67
0.93,67,11,0,0,50,8.55
2.56,95,11,0,0,50,15.28
3.92,187,12,0,0,50,24.07
0.82,70,16,0,0,50,8.98
27.25,304,18,0,0,50,71.78
11.65,70,11,1,0,50,17.52
1.63,64,11,1,0,50,8.73
11.3,46,20,1,0,50,16.77
1.14,104,12,2,0,50,10.22
7.68,400,14,2,0,50,72.35
4.13,80,18,2,0,50,13.08
12.35,262,7,3,0,50,41.95
11.53,129,17,3,0,50,22.12
2.23,81,7,4,0,50,12.02
2.72,105,18,4,0,50,19.23
22.45,1197,10,6,0,50,198.2
8.55,459,15,6,0,50,83.08
14.81,67,18,6,0,50,21.35
2.71,94,7,0,0,50,16.55
1.93,64,20,0,0,50,12.18
11.74,229,7,1,0,50,38.47
11.39,133,20,1,0,50,28.8
11.91,149,7,2,0,50,34.42
10.97,161,17,2,0,50,34.2
11.07,119,7,3,0,50,30.97
11.94,148,17,3,0,50,38.35
11.74,213,7,4,0,50,35.75
27.15,435,20,4,0,50,93.58
11.14,68,10,5,0,50,21.35
15.16,153,11,5,0,50,41.13
6.14,50,14,1,0,50,14.67
19.57,198,16,1,0,50,46.77
19.72,45,19,1,0,50,25.7
2.11,92,17,2,0,50,12.25
2.45,88,18,3,0,50,14.63
1.91,61,8,4,0,50,9.47
2.33,81,17,4,0,50,21.55
21.3,251,11,5,0,50,51.52
18.06,131,12,5,0,50,36.42
2.2,43,16,5,0,50,7.37
20.06,42,7,6,0,50,18.12
35.66,147,13,6,0,50,34.82
1.18,118,11,1,0,50,11.58
1.86,93,11,1,0,50,10.02
7.36,398,13,1,0,50,56.08
2.57,159,18,1,0,50,23.38
41.16,124,9,2,0,50,52.83
55.07,112,16,2,0,50,53.33
6.03,89,18,2,0,50,16.15
5.66,88,20,2,0,50,16.25
10.84,342,10,3,0,50,54.98
1.99,88,11,3,0,50,12.1
4.53,152,16,3,0,50,27.77
6.88,182,18,3,0,50,27.58
5.92,34,22,3,0,50,10.63
2.56,53,9,4,0,50,7.58
5.66,55,9,4,0,50,11.25
50.68,131,11,4,0,50,48.12
2.31,49,15,4,0,50,11.63
0.66,38,17,4,0,50,6.32
8.31,398,18,5,0,50,75.0
3.01,99,21,5,0,50,20.17
115.24,458,9,6,0,50,125.25
8.55,263,14,6,0,50,46.52
19.59,281,15,6,0,50,44.92
1.51,40,16,6,0,50,11.95
6.24,155,4,0,0,50,36.25
31.0,344,11,0,0,50,54.93
29.21,219,12,0,0,50,42.45
26.25,71,13,0,0,50,28.3
20.4,23,14,0,0,50,11.67
6.24,121,16,0,0,50,19.57
2.55,112,17,0,0,50,15.7
2.94,156,20,0,0,50,15.05
1.56,111,21,0,0,50,11.35
1.24,114,21,0,0,50,12.97
3.06,59,10,1,0,50,8.42
5.1,141,12,1,0,50,36.77
8.01,114,14,1,0,50,20.08
19.37,314,17,1,0,50,58.02
0.69,58,18,1,0,50,7.92
50.29,50,7,2,0,50,45.77
16.84,53,18,2,0,50,20.92
16.06,112,11,4,0,50,31.68
4.84,107,13,5,0,50,19.4
9.83,131,17,5,0,50,39.43
7.19,63,19,5,0,50,13.57
1.8,91,7,0,0,50,10.13
1.6,68,8,1,0,50,11.87
22.19,154,7,2,0,50,51.08
6.84,234,10,2,0,50,37.47
3.16,84,14,2,0,50,21.18
3.65,115,15,2,0,50,23.0
1.93,86,16,3,0,50,13.2
2.09,70,14,4,0,50,16.67
15.88,542,17,4,0,50,84.87
8.99,126,20,4,0,50,37.58
11.39,84,0,5,0,50,13.97
1.87,65,8,1,0,50,9.58
1.82,26,20,1,0,50,5.63
1.86,42,7,2,0,50,10.78
1.82,59,8,3,0,50,13.2
2.14,76,8,4,0,50,14.9
2.37,72,20,4,0,50,18.45
2.19,67,7,0,0,50,15.62
1.87,35,7,1,0,50,12.55
2.49,95,17,1,0,50,19.23
1.62,86,7,2,0,50,11.25
2.26,94,18,2,0,50,14.75
1.33,27,7,3,0,50,5.27
2.5,71,17,3,0,50,21.97
20.35,137,8,4,0,50,41.15
0.9,88,18,4,0,50,9.5
15.93,39,20,4,0,50,20.78
3.19,50,11,5,0,50,7.8
4.69,60,11,6,0,50,17.3
4.89,136,14,6,0,50,38.32
2.96,8,11,0,0,50,10.48
9.12,62,10,1,0,50,51.08
7.03,18,15,1,0,50,15.28
9.56,38,5,2,0,50,33.38
8.0,17,7,2,0,50,27.95
12.78,37,7,2,0,50,45.27
5.36,18,11,2,0,50,20.88
2.76,16,4,3,0,50,21.75
7.06,36,8,5,0,50,50.28
9.92,45,13,5,0,50,50.93
9.64,50,5,0,0,50,41.8
5.46,38,11,0,0,50,39.35
6.19,28,22,0,0,50,18.62
2.62,23,12,1,0,50,31.4
2.36,37,1,2,0,50,23.82
2.9,63,1,3,0,50,26.4
2.37,23,14,4,0,50,28.4
2.7,45,3,5,0,50,25.23
2.68,49,14,6,0,50,27.78
2.0,19,1,0,0,50,21.07
2.57,36,14,0,0,50,24.12
2.49,39,1,1,0,50,25.32
2.5,37,14,1,0,50,27.75
1.23,11,0,2,0,50,13.6
0.97,6,1,2,0,50,10.57
2.4,28,14,2,0,50,28.18
1.38,13,0,3,0,50,14.38
0.93,7,1,3,0,50,9.93
2.53,33,14,3,0,50,22.97
1.25,7,6,6,0,50,7.4
2.11,22,7,6,0,50,16.95
2.77,18,14,6,0,50,15.4
2.68,19,1,0,0,50,12.62
2.78,13,14,0,0,50,14.02
2.04,151,12,5,0,50,20.28
23.7,304,12,5,0,50,80.12
24.89,351,13,3,0,50,69.7
1.08,42,14,3,0,50,5.38
22.06,103,23,3,0,50,36.28
22.66,175,7,2,0,50,51.33
14.17,194,12,2,0,50,35.58
8.16,139,13,2,0,50,22.27
0.54,27,13,6,0,50,5.05
12.92,114,13,6,0,50,24.13
0.93,94,12,0,0,50,9.8
13.26,116,13,0,0,50,25.27
20.29,994,13,1,0,50,142.23
22.46,170,13,0,0,50,39.25
22.47,178,0,1,0,50,41.12
21.63,104,1,0,0,50,33.05
21.96,174,0,1,0,50,38.53
3.89,101,13,3,0,50,15.68
2.1,28,0,4,0,50,5.63
1.71,117,9,4,0,50,12.6
5.28,99,9,4,0,50,15.77
1.53,81,11,4,0,50,7.93
4.01,120,14,4,0,50,17.3
0.73,47,1,5,0,50,6.47
11.57,298,2,5,0,50,46.42
1.92,202,5,5,0,50,22.88
4.76,199,6,5,0,50,26.82
3.56,266,10,0,0,50,41.13
1.83,72,9,1,0,50,8.33
3.63,111,10,1,0,50,17.9
3.92,116,14,3,0,50,15.97
3.0,134,0,4,0,50,20.55
3.53,200,1,4,0,50,24.73
4.13,126,2,6,0,50,22.72
3.91,117,3,6,0,50,18.02
2.5,146,12,0,0,50,26.13
1.91,75,13,0,0,50,10.5
1.04,88,9,1,0,50,9.73
0.9,73,10,1,0,50,8.57
8.96,273,12,2,0,50,45.1
2.7,96,8,3,0,50,14.2
6.46,184,1,6,0,50,28.33
15.0,374,9,6,0,50,68.23
4.07,112,14,0,0,50,16.57
1.36,90,9,1,0,50,10.03
3.25,188,10,1,0,50,31.7
1.47,22,0,2,0,50,5.22
0.99,91,9,2,0,50,9.25
5.38,242,10,2,0,50,38.68
1.5,23,0,3,0,50,6.88
14.21,130,10,3,0,50,36.53
4.3,177,11,3,0,50,25.58
9.63,178,12,3,0,50,27.48
3.22,131,13,3,0,50,17.07
1.56,31,0,4,0,50,6.7
0.89,75,9,4,0,50,10.05
2.95,128,10,4,0,50,21.42
2.22,146,1,5,0,50,21.98
12.49,768,2,5,0,50,123.53
1.93,58,23,6,0,50,10.03
0.67,56,0,0,0,50,5.03
3.19,105,9,0,0,50,22.02
3.17,114,12,0,0,50,17.3
1.94,48,23,0,0,50,8.7
1.31,77,9,1,0,50,9.53
8.95,408,12,1,0,50,60.43
0.75,49,0,2,0,50,5.57
1.0,75,9,2,0,50,10.13
3.59,161,10,2,0,50,23.0
76.36,691,0,3,0,50,174.15
42.37,934,4,3,0,50,187.83
31.52,281,9,3,0,50,72.18
9.39,167,1,5,0,50,33.8
0.98,76,11,5,0,50,11.53
9.35,182,11,5,0,50,32.5
2.38,19,12,1,0,50,17.27
5.07,28,13,1,0,50,29.33
5.29,24,2,2,0,50,25.52
1.16,8,4,2,0,50,11.47
5.27,15,14,2,0,50,38.05
5.33,26,2,3,0,50,29.12
0.61,9,3,3,0,50,5.82
0.89,19,9,3,0,50,9.73
6.15,37,13,3,0,50,36.0
5.73,20,2,4,0,50,28.8
12.05,56,4,4,0,50,62.17
1.2,7,6,4,0,50,7.75
4.42,8,14,4,0,50,20.37
1.1,4,2,5,0,50,5.48
4.89,19,2,6,0,50,24.53
12.69,16,10,1,0,50,17.37
4.73,7,0,2,0,50,24.68
20.06,46,3,2,0,50,88.92
23.11,5,9,2,0,50,13.55
24.41,42,10,2,0,50,41.57
122.24,286,4,3,0,50,342.17
64.93,3,10,3,0,50,37.58
117.32,34,11,3,0,50,102.98
4.17,14,14,3,0,50,30.95
3.88,17,5,4,0,50,25.3
0.77,57,5,1,0,50,9.08
1.88,47,1,3,0,50,9.52
6.28,152,6,1,0,50,34.75
5.74,170,12,1,0,50,30.33
1.71,88,5,2,0,50,15.18
1.53,92,8,2,0,50,14.2
3.65,129,9,5,0,50,21.58
14.69,184,11,5,0,50,34.75
5.9,227,11,4,0,50,33.08
3.04,144,13,4,0,50,24.75
1.57,26,1,2,0,50,6.42
5.6,202,4,2,0,50,38.25
13.15,370,5,2,0,50,79.72
1.75,41,7,2,0,50,8.43
3.56,89,8,2,0,50,35.68
0.75,61,9,2,0,50,9.0
2.86,68,0,3,0,50,16.67
31.35,2296,14,4,0,50,313.73
5.07,107,6,5,0,50,30.22
7.82,160,8,5,0,50,36.75
5.76,199,10,5,0,50,41.5
20.39,1481,23,5,0,50,239.25
8.36,521,4,6,0,50,71.08
12.69,752,14,3,0,50,106.92
20.92,1373,16,3,0,50,199.08
3.66,141,1,4,0,50,25.08
11.72,608,14,4,0,50,116.08
8.19,486,0,5,0,50,94.58
4.81,41,5,5,0,50,7.42
4.48,260,6,5,0,50,43.75
41.0,2360,13,6,0,50,361.97
1.04,100,22,6,0,50,12.42
3.97,191,1,0,0,50,26.4
9.28,498,14,1,0,50,97.58
0.9,41,1,2,0,50,10.83
4.36,211,14,3,0,50,38.33
4.33,73,0,4,0,50,15.25
7.28,363,12,0,0,50,51.75
2.95,155,0,1,0,50,20.58
2.89,73,0,1,0,50,15.05
11.72,455,16,6,0,50,84.25
2.74,99,17,6,0,50,18.37
12.14,529,18,6,0,50,84.2
9.17,304,20,6,0,50,67.32
27.36,517,9,0,0,50,112.0
36.13,291,12,0,0,50,81.63
9.31,386,15,0,0,50,70.58
7.38,185,7,1,0,50,35.32
13.44,1029,8,1,0,50,134.47
4.48,83,13,1,0,50,18.93
54.4,507,14,1,0,50,125.42
26.81,74,17,1,0,50,44.38
10.91,56,18,1,0,50,35.02
7.09,21,14,4,0,50,24.4
1.58,20,2,5,0,50,16.72
7.01,31,13,0,0,50,26.97
4.86,27,1,1,0,50,29.63
6.77,6,15,3,0,50,14.55
1.11,20,2,4,0,50,11.0
1.41,7,12,1,0,50,11.43
1.8,25,13,1,0,50,20.62
13.66,41,2,2,0,50,28.42
7.69,50,2,4,0,50,40.28
7.54,54,13,4,0,50,43.08
3.3,7,13,5,0,50,9.8
5.31,8,0,2,0,50,41.12
24.91,12,12,4,0,50,21.22
20.44,32,13,4,0,50,62.95
4.07,16,15,4,0,50,34.5
7.99,17,9,5,0,50,30.83
5.71,5,7,6,0,50,17.83
4.97,17,8,6,0,50,34.8
2.51,2,9,6,0,50,8.1
9.2,23,10,6,0,50,43.93
2.7,5,1,1,0,50,17.97
3.73,7,13,1,0,50,20.27
4.8,14,1,4,0,50,35.62
2.6,20,14,3,0,50,18.55
2.21,18,0,4,0,50,13.15
2.28,11,5,4,0,50,8.02
2.56,7,7,4,0,50,16.6
2.49,20,15,4,0,50,18.18
15.2,35,1,6,0,50,66.85
37.46,71,2,6,0,50,91.65
60.13,169,7,6,0,50,156.27
30.32,81,11,6,0,50,78.38
2.42,26,0,0,0,50,12.27
2.4,28,12,0,0,50,15.13
2.21,21,1,1,0,50,22.58
2.33,17,13,1,0,50,16.13
2.13,15,1,2,0,50,10.87
9.16,20,6,2,0,50,17.05
2.42,20,14,2,0,50,14.52
2.2,18,0,3,0,50,11.57
2.61,15,10,3,0,50,13.9
3.47,20,10,3,0,50,20.2
10.82,12,14,3,0,50,19.3
3.05,6,1,4,0,50,8.25
2.36,16,15,4,0,50,13.17
1.67,9,6,5,0,50,13.95
0.68,3,10,5,0,50,8.1
19.44,27,13,5,0,50,33.73
18.1,15,14,5,0,50,42.67
5.49,11,6,6,0,50,27.13
2.33,19,14,0,0,50,13.62
2.47,28,2,1,0,50,11.43
2.31,18,14,1,0,50,13.5
2.1,22,1,2,0,50,10.93
2.54,26,14,1,0,50,15.6
2.72,25,1,2,0,50,14.17
2.85,29,10,4,0,50,22.93
3.98,26,10,4,0,50,26.42
7.81,26,16,4,0,50,26.67
4.63,19,2,5,0,50,14.02
5.51,31,3,5,0,50,41.38
1.85,22,2,6,0,50,12.35
9.19,47,3,6,0,50,31.57
0.78,15,5,6,0,50,5.45
2.94,23,6,6,0,50,20.18
2.33,12,11,0,0,50,14.48
2.11,18,23,0,0,50,12.2
2.23,18,12,1,0,50,14.77
2.17,23,1,2,0,50,12.53
2.44,21,11,2,0,50,16.5
2.43,24,0,3,0,50,15.47
3.14,13,1,4,0,50,10.4
2.66,11,13,1,0,50,13.97
3.36,5,0,2,0,50,16.8
23.75,28,4,2,0,50,60.85
14.47,13,12,4,0,50,23.43
16.94,16,5,5,0,50,44.95
1.41,11,1,0,0,50,11.33
10.82,52,1,0,0,50,45.03
2.43,21,14,1,0,50,15.67
2.83,37,15,2,0,50,20.02
1.82,27,1,4,0,50,8.7
20.02,111,5,4,0,50,143.82
28.61,57,11,4,0,50,63.18
15.22,13,15,4,0,50,22.22
9.56,18,23,6,0,50,43.98
3.62,46,14,0,0,50,18.12
1.66,9,0,1,0,50,8.52
2.71,36,14,1,0,50,16.98
3.39,31,0,2,0,50,13.18
2.28,22,1,3,0,50,12.4
3.14,31,1,4,0,50,12.97
3.03,33,15,4,0,50,29.83
7.53,16,10,5,0,50,23.58
17.76,19,23,6,0,50,92.12
2.76,73,20,3,0,50,13.72
3.74,225,7,4,0,50,24.48
17.05,83,20,4,0,50,64.78
4.8,18,15,5,0,50,26.98
3.57,17,16,5,0,50,21.58
23.85,56,17,5,0,50,82.5
4.26,10,22,5,0,50,9.82
3.74,36,16,6,0,50,23.53
1.17,35,17,6,0,50,13.43
27.07,148,18,6,0,50,183.98
3.74,30,21,6,0,50,24.83
2.18,25,10,0,0,50,11.38
2.52,64,22,0,0,50,15.02
2.25,42,8,1,0,50,14.92
3.33,70,19,1,0,50,20.43
2.24,36,9,2,0,50,16.12
16.84,22,12,2,0,50,41.83
18.34,76,17,2,0,50,66.78
2.38,43,21,2,0,50,15.92
2.29,38,9,3,0,50,16.07
12.23,47,12,5,0,50,37.67
15.82,80,16,5,0,50,45.63
1.5,35,21,5,0,50,16.73
2.52,7,15,3,0,50,6.58
2.88,20,23,3,0,50,19.23
16.07,19,17,4,0,50,21.78
2.85,8,1,5,0,50,9.97
6.61,30,3,5,0,50,37.23
1.15,13,8,5,0,50,10.53
2.49,9,9,5,0,50,14.48
14.39,13,13,6,0,50,19.63
3.35,20,1,0,0,50,24.43
13.11,100,12,5,0,50,147.43
9.07,22,19,5,0,50,32.53
2.37,10,13,0,0,50,8.73
3.04,111,13,0,0,50,12.2
3.93,314,0,1,0,50,29.07
3.83,277,4,1,0,50,23.78
2.94,96,9,1,0,50,16.42
16.8,547,9,1,0,50,68.02
28.23,535,13,1,0,50,68.93
2.95,141,1,2,0,50,16.37
3.58,184,12,2,0,50,14.08
3.87,384,1,3,0,50,33.18
918.67,1193,2,3,0,50,527.28
5.24,640,2,4,0,50,61.23
1.91,80,7,4,0,50,11.87
2.61,151,13,4,0,50,12.1
3.33,228,0,6,0,50,25.15
3.12,101,13,6,0,50,8.8
33.51,415,1,0,0,50,68.5
6.49,87,5,0,0,50,15.53
64.86,221,6,0,0,50,67.77
1.43,187,8,0,0,50,12.87
71.93,893,7,2,0,50,146.02
2.51,99,10,2,0,50,23.87
6.79,195,11,2,0,50,30.75
30.63,166,12,2,0,50,41.17
4.95,86,0,3,0,50,11.73
2.82,163,0,4,0,50,13.77
18.79,196,14,4,0,50,41.35
1.19,193,6,5,0,50,9.87
7.66,151,7,5,0,50,25.9
3.61,459,8,5,0,50,43.23
4.47,488,9,5,0,50,48.63
6.46,197,11,5,0,50,25.2
6.7,98,14,5,0,50,16.77
14.84,83,14,6,0,50,21.67
2.62,110,1,0,0,50,10.83
2.55,109,14,0,0,50,13.88
3.05,140,0,1,0,50,13.62
2.73,227,14,1,0,50,15.9
2.43,102,1,2,0,50,11.23
2.58,157,15,2,0,50,14.63
2.31,181,1,3,0,50,13.57
16.91,111,14,3,0,50,24.43
18.3,380,0,4,0,50,53.53
16.28,156,5,4,0,50,32.17
16.1,476,9,4,0,50,50.07
21.61,509,13,4,0,50,62.0
17.12,118,8,5,0,50,29.43
3.56,189,10,5,0,50,19.2
19.97,263,13,5,0,50,35.83
14.79,119,14,6,0,50,20.6
2.44,152,1,0,0,50,12.43
2.83,224,14,0,0,50,15.73
2.44,235,0,1,0,50,12.68
2.5,26,15,4,0,50,13.72
2.32,20,0,5,0,50,12.38
4.96,20,9,5,0,50,23.02
13.1,69,12,5,0,50,59.98
19.84,104,8,6,0,50,31.57
13.88,10,14,0,0,50,19.05
2.46,12,1,1,0,50,13.32
2.62,32,14,1,0,50,12.85
2.27,22,0,2,0,50,12.45
2.62,24,13,3,0,50,12.87
2.31,32,0,4,0,50,12.8
2.29,30,13,4,0,50,24.98
4.84,10,1,5,0,50,22.78
16.17,17,11,5,0,50,30.52
2.03,8,3,6,0,50,8.02
8.43,51,3,6,0,50,14.17
10.94,132,7,6,0,50,22.15
2.23,13,15,0,0,50,12.02
2.32,24,0,1,0,50,11.98
2.44,32,14,1,0,50,13.05
2.62,32,23,1,0,50,11.3
2.61,82,0,3,0,50,15.4
2.46,167,13,3,0,50,14.9
18.09,188,14,3,0,50,29.0
1.12,174,16,3,0,50,11.3
1.41,114,23,3,0,50,10.77
20.35,37,23,3,0,50,26.73
24.69,514,8,4,0,50,68.32
13.33,556,9,4,0,50,56.75
1.87,302,12,4,0,50,19.18
1.3,230,16,5,0,50,12.02
3.23,92,0,6,0,50,16.35
1.52,130,1,6,0,50,9.35
12.64,45,1,6,0,50,16.83
12.25,309,4,6,0,50,49.08
0.84,120,5,6,0,50,7.92
2.21,206,6,6,0,50,21.77
6.13,276,7,6,0,50,25.78
2.07,185,0,4,0,50,23.4
3.84,535,14,4,0,50,29.5
4.95,137,2,5,0,50,17.8
4.33,359,4,5,0,50,27.92
0.79,130,10,5,0,50,7.05
8.12,247,12,5,0,50,29.98
16.89,370,13,5,0,50,50.97
14.11,16,13,6,0,50,19.67
14.84,132,7,0,0,50,44.65
15.96,115,11,0,0,50,25.38
1.44,226,13,0,0,50,12.58
1.23,155,13,0,0,50,8.28
3.33,189,14,0,0,50,14.18
2.23,83,1,1,0,50,9.4
2.57,169,14,1,0,50,14.4
3.18,169,1,2,0,50,11.48
2.98,275,14,2,0,50,18.63
2.72,199,1,3,0,50,15.08
2.75,220,14,3,0,50,14.7
2.41,132,2,4,0,50,12.05
3.03,92,14,4,0,50,11.32
16.71,59,15,5,0,50,23.63
14.85,140,13,6,0,50,25.48
2.98,132,1,0,0,50,18.72
2.6,187,14,0,0,50,15.75
2.73,164,1,1,0,50,12.73
3.16,197,13,1,0,50,18.05
2.65,211,1,2,0,50,13.3
0.71,89,11,2,0,50,6.77
2.5,122,14,5,0,50,11.17
3.14,155,4,6,0,50,25.07
2.6,136,8,6,0,50,14.25
17.32,152,12,6,0,50,41.83
22.18,37,1,0,0,50,22.75
34.15,197,6,0,0,50,50.33
179.57,270,7,0,0,50,166.67
4.29,61,7,2,0,50,12.08
6.08,243,8,2,0,50,45.4
5.39,271,3,6,0,50,42.52
6.59,281,6,6,0,50,38.25
6.6,181,7,6,0,50,42.53
3.53,52,10,6,0,50,9.83
14.95,241,4,0,0,50,43.02
3.25,48,10,0,0,50,8.0
30.17,166,20,5,0,50,43.92
4.86,110,2,3,0,50,15.67
4.1,388,3,3,0,50,41.33
6.3,33,4,4,0,50,8.27
0.93,60,0,1,0,50,6.15
2.48,81,12,1,0,50,8.9
1.33,72,0,2,0,50,7.27
1.44,71,1,2,0,50,9.95
2.87,160,10,2,0,50,18.77
1.83,116,0,3,0,50,13.37
3.15,94,10,3,0,50,13.93
3.17,160,12,4,0,50,18.52
0.81,77,5,5,0,50,7.13
16.75,101,1,6,0,50,26.43
17.13,123,12,6,0,50,27.77
2.57,86,10,0,0,50,19.83
1.82,89,0,1,0,50,10.53
3.74,131,11,1,0,50,14.75
0.59,62,10,2,0,50,6.58
2.97,129,14,2,0,50,16.53
1.98,117,0,3,0,50,13.23
9.0,132,14,3,0,50,25.18
7.25,210,1,4,0,50,38.02
8.95,237,2,4,0,50,38.05
5.49,117,9,4,0,50,25.55
17.12,95,14,4,0,50,26.48
24.1,162,1,6,0,50,46.48
5.3,147,3,6,0,50,27.62
4.17,148,12,6,0,50,30.03
3.19,51,15,6,0,50,10.38
8.92,59,19,6,0,50,29.73
8.66,50,20,6,0,50,13.27
0.66,51,18,0,0,50,5.58
22.28,461,9,1,0,50,87.38
21.77,401,12,1,0,50,67.2
1.25,66,18,1,0,50,9.02
1.01,68,19,1,0,50,11.67
0.81,62,19,2,0,50,8.72
7.76,133,10,4,0,50,22.22
6.81,144,12,4,0,50,34.37
4.83,276,14,4,0,50,50.6
13.91,71,15,4,0,50,23.03
0.84,81,19,5,0,50,9.9
11.67,86,6,6,0,50,17.73
4.87,11,7,6,0,50,13.27
2.74,50,9,6,0,50,13.77
17.22,152,9,6,0,50,51.08
2.09,88,11,6,0,50,15.65
4.98,372,12,1,0,50,53.75
4.74,151,14,1,0,50,28.22
2.53,30,10,2,0,50,8.15
9.15,306,12,2,0,50,49.38
13.73,93,10,3,0,50,20.5
4.8,256,18,3,0,50,46.87
32.23,282,10,4,0,50,67.42
35.47,697,12,4,0,50,114.23
8.24,234,15,4,0,50,53.32
13.77,341,7,5,0,50,60.37
15.8,65,8,5,0,50,27.77
8.62,23,9,5,0,50,10.95
65.0,72,10,5,0,50,42.93
140.48,188,11,5,0,50,114.48
33.9,5,13,5,0,50,18.67
38.49,559,7,6,0,50,117.07
37.07,565,12,6,0,50,119.38
1.0,80,19,6,0,50,8.95
4.44,162,23,1,0,50,20.82
4.18,90,10,2,0,50,15.77
2.24,103,9,4,0,50,12.88
10.74,89,15,4,0,50,21.75
9.48,125,2,5,0,50,22.82
3.45,123,3,5,0,50,27.43
11.54,215,6,5,0,50,37.78
5.48,150,5,6,0,50,22.43
16.53,110,10,6,0,50,31.87
3.54,114,2,3,0,50,15.33
30.63,791,5,3,0,50,161.67
0.67,40,9,3,0,50,7.6
13.79,118,11,3,0,50,42.05
4.13,188,3,6,0,50,25.82
14.04,268,2,1,0,50,58.1
47.65,281,5,1,0,50,92.45
8.93,133,9,1,0,50,25.65
27.83,459,2,2,0,50,107.0
11.13,160,7,2,0,50,33.9
16.87,255,11,2,0,50,52.23
46.32,232,2,4,0,50,88.43
39.31,543,6,4,0,50,128.07
18.59,135,9,4,0,50,44.92
69.25,717,6,5,0,50,214.85
39.47,324,4,6,0,50,94.82
28.43,227,8,6,0,50,85.35
12.36,77,4,0,0,50,29.47
1.9,75,5,0,0,50,13.45
5.36,94,6,0,0,50,21.12
13.12,42,12,2,0,50,19.02
11.34,353,10,5,0,50,73.43
9.03,59,14,5,0,50,15.57
12.91,44,2,6,0,50,21.97
12.96,33,13,4,0,50,18.68
10.21,144,4,5,0,50,58.7
3.85,38,8,5,0,50,11.42
6.38,32,3,6,0,50,12.97
56.21,2265,4,6,0,50,392.8
24.15,118,12,6,0,50,43.53
12.68,177,13,0,0,50,37.22
58.52,441,2,1,0,50,142.97
3.98,41,6,1,0,50,11.58
6.19,194,6,1,0,50,37.43
51.68,799,7,1,0,50,158.5
11.66,40,14,4,0,50,22.08
16.6,156,3,5,0,50,40.72
17.1,280,10,5,0,50,62.3
14.29,116,3,6,0,50,23.32
14.29,97,5,6,0,50,34.38
2.15,108,12,4,0,50,25.05
3.32,97,2,5,0,50,13.32
3.28,58,7,5,0,50,10.82
20.08,131,1,6,0,50,33.57
7.32,130,3,6,0,50,20.77
10.96,62,6,6,0,50,23.98
13.07,130,7,6,0,50,26.07
27.04,940,8,6,0,50,141.57
18.1,123,12,6,0,50,32.22
2.19,58,12,3,0,50,8.87
2.04,59,23,3,0,50,16.0
12.98,45,12,4,0,50,23.07
8.11,385,7,5,0,50,74.55
6.44,71,9,5,0,50,30.12
332.41,239,8,4,0,50,230.03
1.54,39,12,4,0,50,7.2
63.65,154,23,4,0,50,88.67
4.81,11,2,5,0,50,8.5
32.19,100,3,5,0,50,65.22
22.96,151,4,5,0,50,51.13
7.62,49,0,6,0,50,19.48
6.32,148,1,6,0,50,36.2
9.38,353,2,6,0,50,93.65
35.03,215,4,6,0,50,77.73
204.76,140,5,6,0,50,199.4
209.03,193,9,6,0,50,142.85
15.44,117,12,6,0,50,36.67
5.19,214,5,5,0,50,55.52
2.13,71,7,5,0,50,8.03
3.77,84,10,5,0,50,19.37
8.22,91,1,6,0,50,21.48
41.56,358,3,6,0,50,95.67
2.7,132,3,6,0,50,17.83
2.66,137,5,6,0,50,15.32
20.28,15,12,6,0,50,18.8
4.03,111,2,5,0,50,16.0
11.49,127,3,5,0,50,29.85
7.76,154,4,5,0,50,29.27
4.08,89,8,5,0,50,22.57
2.28,43,9,5,0,50,8.75
8.5,47,9,0,0,50,13.6
4.74,108,7,1,0,50,21.55
5.09,106,9,1,0,50,19.77
11.49,138,8,2,0,50,26.3
6.46,179,10,2,0,50,40.32
18.67,239,11,2,0,50,52.25
1.84,76,9,3,0,50,9.72
2.24,27,10,3,0,50,5.65
2.21,93,23,3,0,50,17.37
1.61,50,13,4,0,50,7.53
1.8,74,23,4,0,50,16.65
8.78,51,16,5,0,50,11.15
10.08,86,2,6,0,50,21.65
6.72,92,11,6,0,50,18.05
10.92,64,23,6,0,50,12.7
9.04,51,16,0,0,50,14.7
2.12,77,1,1,0,50,11.07
9.29,24,15,1,0,50,10.38
2.1,31,1,2,0,50,6.88
1.89,23,13,2,0,50,5.23
2.15,81,23,2,0,50,16.6
2.38,89,13,3,0,50,14.47
2.01,54,0,4,0,50,11.17
2.89,60,4,5,0,50,9.28
1.72,84,8,5,0,50,9.5
8.34,233,10,5,0,50,40.6
29.81,292,11,5,0,50,86.85
1.81,56,23,6,0,50,8.22
11.63,198,14,0,0,50,30.38
2.02,63,23,1,0,50,12.98
2.26,73,0,3,0,50,12.68
9.64,98,15,3,0,50,16.92
2.11,60,1,4,0,50,11.27
3.49,58,8,4,0,50,8.25
2.36,103,13,4,0,50,18.52
2.0,95,14,4,0,50,12.18
6.21,159,6,5,0,50,31.72
8.1,226,9,5,0,50,46.45
2.72,120,12,5,0,50,27.82
2.26,119,0,0,0,50,19.1
2.14,90,23,0,0,50,14.12
2.86,113,9,1,0,50,19.77
2.07,49,23,1,0,50,19.25
2.49,86,10,2,0,50,17.47
2.1,81,23,2,0,50,22.87
2.06,78,23,3,0,50,16.88
0.95,69,4,4,0,50,8.87
9.95,61,16,2,0,50,18.55
11.18,341,17,2,0,50,67.43
47.03,203,16,3,0,50,79.48
4.68,172,20,4,0,50,25.43
3.26,115,1,5,0,50,17.22
23.63,200,2,5,0,50,50.8
1.44,48,3,5,0,50,7.98
8.66,377,4,5,0,50,70.5
23.58,340,1,6,0,50,81.98
19.11,221,4,6,0,50,44.87
2.5,33,5,6,0,50,5.95
75.07,213,13,6,0,50,86.2
46.54,587,15,6,0,50,145.45
58.62,97,2,0,0,50,67.32
26.38,211,17,0,0,50,64.65
30.61,57,0,1,0,50,27.1
8.97,102,18,1,0,50,14.9
7.53,125,2,2,0,50,28.15
1.55,58,17,2,0,50,8.32
65.85,81,20,2,0,50,57.87
72.72,154,3,3,0,50,67.27
61.64,97,17,3,0,50,46.7
62.66,146,2,4,0,50,64.62
34.35,62,17,4,0,50,29.88
16.62,41,13,5,0,50,20.82
5.2,75,5,6,0,50,22.65
2.48,58,7,6,0,50,9.8
8.26,96,3,5,0,50,23.9
7.75,373,7,5,0,50,56.02
2.96,52,5,6,0,50,14.18
2.38,46,6,6,0,50,8.07
7.8,175,3,5,0,50,29.55
4.17,87,4,5,0,50,13.12
3.68,119,4,5,0,50,20.18
6.77,259,8,5,0,50,36.72
3.71,61,10,5,0,50,11.88
6.47,263,5,6,0,50,50.53
9.11,51,6,5,0,50,19.4
18.52,254,7,5,0,50,66.37
8.62,115,9,5,0,50,27.18
31.3,520,5,6,0,50,133.02
19.52,23,23,2,0,50,22.63
28.93,73,5,3,0,50,34.63
15.86,860,7,3,0,50,184.9
41.14,223,0,4,0,50,84.3
2.13,156,3,4,0,50,25.03
48.83,1079,4,4,0,50,199.5
1.57,124,12,4,0,50,16.17
93.24,549,0,5,0,50,197.17
9.1,567,4,5,0,50,70.45
98.14,971,7,5,0,50,210.73
0.63,52,11,5,0,50,7.45
26.94,246,23,5,0,50,58.32
64.38,976,1,6,0,50,341.2
5.56,120,7,6,0,50,29.43
11.67,321,8,6,0,50,101.65
1.3,109,13,6,0,50,13.22
1.08,44,0,0,0,50,11.58
91.43,127,0,0,0,50,122.72
13.56,25,8,0,0,50,18.03
6.37,94,11,0,0,50,17.5
3.21,84,3,5,0,50,21.38
5.7,100,7,5,0,50,23.65
6.73,91,9,5,0,50,16.72
6.92,171,1,5,0,50,40.13
22.76,168,2,5,0,50,59.52
6.18,138,4,5,0,50,28.4
7.43,234,6,5,0,50,36.72
4.23,134,8,5,0,50,19.33
9.4,180,3,5,0,50,28.57
9.93,153,5,5,0,50,28.57
24.73,275,9,5,0,50,62.3
38.75,186,14,5,0,50,57.95
13.14,27,9,1,0,50,14.73
1.97,24,9,1,0,50,5.32
48.28,389,2,2,0,50,121.0
22.72,68,7,2,0,50,28.03
21.0,137,10,3,0,50,36.95
26.38,160,12,3,0,50,51.88
26.36,441,3,4,0,50,107.23
31.18,316,7,4,0,50,96.83
2.2,43,10,4,0,50,5.88
23.96,69,13,6,0,50,28.85
24.92,45,14,6,0,50,26.78
9.25,48,3,0,0,50,18.67
11.86,103,4,0,0,50,24.1
3.65,85,7,0,0,50,14.03
19.85,180,10,0,0,50,39.68
19.26,98,12,0,0,50,36.07
19.3,125,1,1,0,50,34.18
3.8,192,2,1,0,50,28.0
39.15,143,5,1,0,50,49.77
51.88,119,8,1,0,50,75.72
1.0,27,23,1,0,50,5.02
1.87,26,9,2,0,50,13.48
2.1,84,23,2,0,50,18.42
1.71,73,9,3,0,50,10.45
1.33,76,23,3,0,50,9.67
0.88,85,0,4,0,50,9.87
3.24,274,1,4,0,50,30.72
1.71,49,23,4,0,50,7.55
5.7,368,4,5,0,50,61.45
5.05,74,12,5,0,50,22.52
4.34,65,3,6,0,50,14.62
5.59,131,6,6,0,50,27.62
2.19,57,23,6,0,50,14.55
1.63,83,11,0,0,50,11.52
1.76,73,1,1,0,50,10.97
5.02,116,4,1,0,50,17.6
4.16,143,6,1,0,50,27.55
26.65,137,23,1,0,50,48.43
13.73,141,0,2,0,50,41.4
23.69,95,3,2,0,50,32.47
4.53,82,5,2,0,50,13.98
2.26,73,6,2,0,50,17.53
1.61,46,23,2,0,50,6.73
16.98,198,8,5,0,50,57.78
16.0,48,14,5,0,50,21.23
6.48,14,3,6,0,50,10.47
14.04,84,4,6,0,50,30.47
3.79,66,5,6,0,50,13.1
25.64,96,9,6,0,50,39.3
8.68,114,9,5,0,50,29.87
10.11,100,11,5,0,50,22.42
56.75,315,4,6,0,50,103.28
75.46,338,3,0,0,50,149.33
1.01,39,3,1,0,50,6.43
14.69,64,4,1,0,50,26.12
0.82,62,7,1,0,50,6.9
13.61,43,10,1,0,50,17.7
344.09,254,23,4,0,50,283.05
21.09,274,5,5,0,50,72.33
24.71,721,8,5,0,50,148.18
81.35,769,0,6,0,50,182.78
52.95,252,5,6,0,50,82.88
70.21,88,8,6,0,50,84.93
53.45,897,0,0,0,50,201.25
5.54,309,3,0,0,50,54.9
11.18,283,4,0,0,50,73.82
70.49,149,6,0,0,50,79.47
161.85,177,7,0,0,50,169.37
170.81,289,11,0,0,50,184.22
14.25,32,12,4,0,50,17.52
16.16,94,4,5,0,50,31.9
16.11,177,7,5,0,50,52.92
3.19,68,3,6,0,50,10.27
29.35,172,5,5,0,50,53.58
25.44,286,6,5,0,50,68.25
17.59,660,11,5,0,50,132.38
19.86,514,2,6,0,50,107.15
20.11,277,5,6,0,50,68.48
5.09,70,15,2,0,50,11.33
7.07,226,18,2,0,50,52.95
206.71,424,19,2,0,50,179.52
11.35,459,0,3,0,50,68.73
23.82,65,19,3,0,50,23.68
30.9,418,4,4,0,50,72.7
12.79,98,17,4,0,50,21.27
11.55,75,2,5,0,50,14.43
1.71,136,3,5,0,50,15.85
1.88,101,5,5,0,50,14.48
9.51,158,0,6,0,50,28.9
9.34,80,1,6,0,50,20.77
2.4,159,2,6,0,50,21.38
0.88,71,4,1,0,50,9.03
6.01,60,18,1,0,50,16.95
7.39,321,22,1,0,50,48.57
0.81,60,0,2,0,50,9.38
202.07,93,14,2,0,50,127.12
3.12,64,16,2,0,50,11.12
14.72,87,3,3,0,50,21.83
13.51,812,16,5,0,50,133.9
10.29,76,19,5,0,50,20.3
10.88,58,21,5,0,50,17.82
14.27,503,22,5,0,50,86.55
20.61,106,16,6,0,50,30.57
16.1,29,13,0,0,50,15.93
3.45,79,4,5,0,50,11.43
4.22,72,7,5,0,50,21.43
19.72,505,4,5,0,50,91.85
19.02,60,8,5,0,50,37.75
5.34,225,4,6,0,50,49.08
3.0,69,6,6,0,50,16.85
13.11,25,20,0,0,50,14.42
23.4,163,7,1,0,50,49.08
10.53,33,20,1,0,50,12.83
22.73,115,7,2,0,50,46.42
13.39,28,21,2,0,50,14.08
15.06,35,9,3,0,50,28.33
14.6,24,20,3,0,50,16.0
23.49,128,7,4,0,50,52.0
15.34,46,9,4,0,50,15.55
14.59,32,10,4,0,50,16.5
14.14,19,22,4,0,50,14.25
13.92,501,12,5,0,50,87.55
7.2,59,16,5,0,50,18.25
7.44,75,20,6,0,50,17.95
23.49,172,8,0,0,50,50.92
14.04,22,20,0,0,50,18.33
21.69,100,8,1,0,50,42.92
13.34,34,20,1,0,50,16.25
22.84,110,8,2,0,50,42.5
12.48,18,20,2,0,50,13.17
23.64,106,8,3,0,50,48.5
13.73,14,20,3,0,50,13.6
23.11,158,8,4,0,50,54.08
13.39,97,14,5,0,50,29.0
1.27,83,16,5,0,50,15.15
21.04,101,17,5,0,50,48.17
15.2,78,9,6,0,50,24.18
14.28,49,16,6,0,50,28.5
19.51,152,11,0,0,50,41.77
4.8,344,14,0,0,50,55.67
26.56,76,8,1,0,50,29.98
18.39,566,23,5,0,50,98.62
6.94,481,2,6,0,50,67.78
3.67,177,4,6,0,50,26.83
2.79,152,6,6,0,50,18.42
0.7,39,8,6,0,50,5.3
26.6,51,21,6,0,50,21.58
18.12,32,21,0,0,50,18.75
14.57,37,20,1,0,50,16.75
17.29,117,8,2,0,50,36.25
13.39,20,20,2,0,50,13.85
14.5,24,10,3,0,50,15.92
14.93,41,21,3,0,50,20.47
23.39,120,8,4,0,50,49.58
14.29,35,21,4,0,50,16.75
3.01,63,16,5,0,50,15.75
2.85,54,17,5,0,50,9.92
7.89,162,12,6,0,50,31.0
1.53,54,16,6,0,50,8.08
23.28,142,8,0,0,50,51.25
12.92,8,20,0,0,50,13.83
15.4,81,8,1,0,50,29.17
13.83,29,20,1,0,50,14.58
24.88,220,8,2,0,50,64.22
14.33,55,15,2,0,50,22.42
13.95,82,10,3,0,50,33.17
15.11,103,20,3,0,50,24.95
14.71,77,9,4,0,50,27.25
14.24,121,21,4,0,50,37.47
4.04,61,11,5,0,50,11.83
3.18,63,14,5,0,50,11.58
4.84,291,13,6,0,50,55.0
23.55,169,8,0,0,50,49.25
14.07,14,20,0,0,50,14.42
20.42,184,8,1,0,50,53.83
11.14,286,9,1,0,50,52.88
23.79,178,16,1,0,50,54.58
23.35,122,8,2,0,50,46.5
14.2,24,20,2,0,50,16.92
14.64,26,10,3,0,50,18.58
14.19,30,20,3,0,50,15.97
14.13,22,9,4,0,50,20.33
14.57,63,20,4,0,50,29.25
7.31,158,17,5,0,50,23.92
5.31,166,18,5,0,50,25.6
5.31,76,22,5,0,50,14.08
14.33,19,10,0,0,50,14.92
13.41,22,19,0,0,50,15.08
14.53,39,10,1,0,50,17.83
14.28,137,17,1,0,50,46.5
14.81,34,10,2,0,50,21.65
13.77,33,20,2,0,50,15.83
14.74,33,10,3,0,50,17.08
13.6,9,20,3,0,50,13.92
14.3,31,10,4,0,50,23.58
13.54,25,21,4,0,50,13.83
8.28,40,11,5,0,50,13.33
7.33,61,17,5,0,50,16.08
9.33,186,18,5,0,50,43.2
1.73,131,20,5,0,50,15.92
7.5,48,21,5,0,50,14.02
5.31,115,18,6,0,50,17.75
2.31,34,20,6,0,50,5.62
13.17,23,11,0,0,50,12.5
13.95,17,20,0,0,50,14.25
14.47,38,9,1,0,50,18.17
13.49,10,20,1,0,50,13.92
14.66,47,9,2,0,50,30.42
14.22,41,21,2,0,50,16.75
14.57,29,10,3,0,50,18.83
13.38,27,20,3,0,50,15.75
14.56,56,10,4,0,50,30.37
2.87,70,13,4,0,50,16.9
16.06,108,20,4,0,50,36.88
5.5,180,14,5,0,50,33.47
14.76,241,17,5,0,50,47.25
7.73,56,22,5,0,50,13.5
2.63,131,14,6,0,50,26.5
5.74,78,15,6,0,50,19.23
14.63,40,10,0,0,50,17.75
13.64,16,20,0,0,50,15.92
14.99,41,9,1,0,50,19.58
13.46,43,19,1,0,50,16.02
14.33,22,9,2,0,50,21.25
14.15,22,20,2,0,50,15.58
14.54,21,12,3,0,50,14.5
18.0,130,17,3,0,50,47.0
12.15,22,10,4,0,50,20.67
2.06,64,14,4,0,50,15.13
14.12,53,22,4,0,50,16.3
22.53,21,10,5,0,50,23.08
11.85,56,15,5,0,50,17.05
2.24,141,17,5,0,50,24.9
2.54,64,9,6,0,50,9.53
104.77,406,7,0,0,50,179.97
12.2,260,11,0,0,50,31.37
4.04,175,12,0,0,50,23.83
4.43,288,13,0,0,50,49.98
54.25,107,14,0,0,50,55.52
97.02,450,16,0,0,50,166.5
17.75,403,13,1,0,50,88.85
7.59,133,18,1,0,50,19.1
7.02,50,6,3,0,50,9.65
8.57,101,8,3,0,50,18.9
16.5,403,9,3,0,50,80.63
11.61,613,11,3,0,50,99.47
1.37,48,14,3,0,50,14.57
20.15,732,15,3,0,50,119.93
11.38,386,10,4,0,50,74.8
20.44,1025,12,4,0,50,218.03
3.05,165,16,4,0,50,32.08
6.72,12,7,5,0,50,7.52
19.0,41,15,5,0,50,28.13
1.9,30,17,5,0,50,6.63
3.64,130,18,5,0,50,25.18
4.89,100,20,5,0,50,16.63
23.48,138,8,0,0,50,45.08
14.28,26,20,0,0,50,16.33
16.96,80,7,1,0,50,35.25
16.35,74,20,1,0,50,30.48
16.71,66,8,2,0,50,31.0
14.14,42,19,2,0,50,16.75
14.7,36,11,3,0,50,20.92
14.61,35,20,3,0,50,21.48
16.87,51,8,4,0,50,34.5
16.75,76,8,5,0,50,27.83
17.11,184,17,5,0,50,62.43
3.95,80,21,5,0,50,14.92
11.96,410,13,6,0,50,80.18
6.54,44,18,6,0,50,17.02
6.68,39,18,1,0,50,13.58
16.91,301,8,2,0,50,77.92
14.18,26,20,2,0,50,16.08
15.13,27,10,4,0,50,29.77
13.6,23,20,4,0,50,16.38
17.27,96,8,0,0,50,50.42
14.06,46,20,0,0,50,25.75
17.32,196,8,1,0,50,60.3
13.2,31,20,1,0,50,16.0
16.97,90,8,2,0,50,36.25
14.28,38,21,2,0,50,21.18
16.79,56,8,3,0,50,29.17
14.1,43,20,3,0,50,18.67
14.27,29,20,4,0,50,18.58
12.19,38,10,0,0,50,25.4
14.2,59,19,0,0,50,34.17
25.26,56,8,1,0,50,47.33
22.78,154,10,1,0,50,61.17
9.95,52,13,1,0,50,15.25
16.84,82,8,2,0,50,30.5
13.97,35,20,2,0,50,20.85
16.96,91,8,3,0,50,25.75
17.26,382,17,3,0,50,86.33
20.32,60,21,3,0,50,39.08
10.9,23,10,4,0,50,12.5
13.73,37,17,4,0,50,17.58
6.48,413,11,5,0,50,65.52
6.26,73,18,5,0,50,17.25
55.81,687,14,0,0,50,178.52
20.09,295,17,0,0,50,68.85
24.48,251,12,1,0,50,62.25
16.25,125,16,1,0,50,33.07
12.85,49,11,3,0,50,16.08
8.7,281,14,3,0,50,64.25
15.46,383,16,3,0,50,80.67
14.21,18,12,4,0,50,13.67
14.2,31,17,4,0,50,16.42
16.39,69,18,5,0,50,29.58
15.66,43,21,5,0,50,18.67
16.75,50,8,6,0,50,21.08
13.79,17,17,6,0,50,15.67
1.96,52,17,6,0,50,8.67
16.12,37,8,0,0,50,24.0
13.03,15,13,0,0,50,12.33
2.0,24,17,0,0,50,5.5
16.8,62,8,1,0,50,23.43
14.29,55,19,1,0,50,16.83
16.62,49,8,2,0,50,27.33
14.35,56,19,2,0,50,17.33
16.87,86,8,3,0,50,29.33
14.1,19,20,3,0,50,14.33
15.07,41,9,4,0,50,26.08
17.4,151,18,4,0,50,46.5
2.45,27,21,4,0,50,6.25
14.64,36,9,5,0,50,17.17
14.17,38,17,5,0,50,19.33
17.0,90,8,0,0,50,43.58
14.39,20,21,0,0,50,13.27
14.72,46,8,1,0,50,26.33
15.82,98,21,1,0,50,26.5
8.87,36,8,2,0,50,19.42
15.56,83,23,2,0,50,26.68
14.77,31,9,3,0,50,19.58
12.25,30,22,3,0,50,13.42
14.72,42,9,4,0,50,27.43
14.28,30,0,5,0,50,13.92
13.53,26,8,5,0,50,13.42
13.86,60,16,5,0,50,30.5
11.27,66,17,5,0,50,28.92
11.11,28,21,5,0,50,13.83
16.61,82,7,0,0,50,40.58
14.12,32,20,0,0,50,15.75
17.22,161,7,1,0,50,57.97
23.35,91,20,1,0,50,57.0
17.13,85,8,2,0,50,40.12
14.8,33,20,2,0,50,20.83
17.03,64,8,3,0,50,44.13
13.15,25,20,3,0,50,13.63
12.95,31,22,4,0,50,14.58
4.24,38,11,5,0,50,15.08
5.96,148,13,5,0,50,23.75
2.75,69,15,5,0,50,11.08
16.76,83,8,0,0,50,38.25
13.44,131,18,0,0,50,45.97
13.29,41,22,0,0,50,16.83
17.05,79,8,1,0,50,37.0
14.18,13,20,1,0,50,15.42
17.0,67,8,2,0,50,37.92
13.8,39,21,2,0,50,15.33
17.15,79,8,3,0,50,35.38
13.55,27,20,3,0,50,14.5
52.49,503,20,4,0,50,120.55
7.26,147,11,5,0,50,25.17
41.75,772,12,5,0,50,229.57
40.92,182,20,5,0,50,70.07
17.37,91,8,0,0,50,43.1
13.29,28,20,0,0,50,19.3
6.69,214,7,1,0,50,41.42
17.54,53,9,1,0,50,24.75
14.16,37,20,1,0,50,23.32
17.07,69,8,2,0,50,33.42
14.28,25,21,2,0,50,15.0
17.47,89,8,3,0,50,35.2
13.34,23,20,3,0,50,13.58
25.21,33,17,4,0,50,41.75
2.41,191,18,4,0,50,22.13
7.46,701,19,4,0,50,76.75
18.84,607,20,4,0,50,88.95
6.3,28,13,5,0,50,13.67
2.77,35,16,5,0,50,11.0
2.31,15,16,5,0,50,8.33
10.74,99,17,5,0,50,25.33
17.48,114,8,0,0,50,45.42
14.24,42,19,0,0,50,17.42
8.71,211,8,1,0,50,40.45
21.31,63,9,1,0,50,31.73
13.74,18,20,1,0,50,20.77
16.97,69,8,2,0,50,37.5
14.18,27,20,2,0,50,17.08
16.48,62,8,3,0,50,37.42
13.94,33,20,4,0,50,16.92
4.51,140,17,5,0,50,23.3
4.24,80,18,5,0,50,16.05
27.81,273,8,0,0,50,99.6
17.69,56,21,0,0,50,27.05
17.27,72,8,1,0,50,47.92
16.73,61,8,2,0,50,33.67
14.13,26,20,2,0,50,16.08
16.98,56,8,3,0,50,38.82
14.14,30,21,3,0,50,16.67
14.31,50,20,4,0,50,19.92
2.43,95,20,4,0,50,28.45
7.59,232,12,5,0,50,38.07
2.44,34,18,5,0,50,8.83
17.38,74,8,0,0,50,52.47
16.16,95,19,0,0,50,27.0
17.5,79,8,1,0,50,46.32
16.58,116,8,2,0,50,34.67
34.85,64,23,2,0,50,39.92
17.15,48,9,3,0,50,31.42
14.03,36,21,4,0,50,21.5
3.87,117,11,6,0,50,17.95
3.16,130,13,6,0,50,27.4
17.06,82,8,0,0,50,51.17
14.22,24,20,0,0,50,20.92
16.89,81,8,1,0,50,37.87
14.18,19,19,1,0,50,14.42
17.35,85,8,2,0,50,39.98
13.16,39,20,2,0,50,15.83
16.61,120,8,3,0,50,43.63
13.34,7,21,3,0,50,13.08
14.48,30,9,4,0,50,26.0
11.26,389,17,4,0,50,58.73
27.54,165,22,4,0,50,56.18
17.2,107,8,5,0,50,54.27
15.15,38,22,5,0,50,21.1
24.05,200,10,6,0,50,48.68
5.29,151,4,2,0,50,32.42
5.87,60,9,2,0,50,11.17
1.19,97,1,3,0,50,11.25
2.03,139,6,3,0,50,18.43
46.33,102,21,3,0,50,36.28
7.8,47,2,4,0,50,11.07
1.5,84,0,5,0,50,16.75
1.12,58,22,5,0,50,6.25
1.13,71,0,6,0,50,11.83
4.51,140,1,0,0,50,33.27
2.7,210,0,1,0,50,32.27
1.76,63,21,1,0,50,19.18
2.17,78,9,2,0,50,25.25
2.03,69,21,2,0,50,23.0
2.27,165,9,3,0,50,20.77
1.51,62,23,3,0,50,8.92
4.0,40,8,4,0,50,8.17
1.03,89,20,4,0,50,10.08
2.44,111,8,5,0,50,29.1
1.06,51,21,5,0,50,10.0
1.55,40,0,6,0,50,16.33
9.97,102,0,6,0,50,21.5
27.5,78,16,6,0,50,25.3
4.26,295,0,1,0,50,38.17
4.32,174,2,1,0,50,26.17
4.28,178,1,3,0,50,24.75
4.57,120,4,3,0,50,17.25
30.64,53,13,4,0,50,26.6
19.34,13,6,5,0,50,16.8
3.13,83,11,5,0,50,16.75
4.31,58,15,5,0,50,13.0
4.58,126,12,6,0,50,21.92
5.14,88,15,6,0,50,17.0
14.72,62,5,0,0,50,16.5
19.81,237,7,0,0,50,72.48
14.89,70,9,0,0,50,28.65
13.28,45,21,0,0,50,15.23
23.08,398,7,1,0,50,93.08
20.59,73,10,1,0,50,34.32
14.1,10,22,1,0,50,13.0
16.64,66,8,2,0,50,40.67
43.26,143,20,2,0,50,80.33
23.88,182,7,3,0,50,65.17
19.99,94,18,3,0,50,47.12
14.57,30,8,4,0,50,20.83
13.75,29,20,4,0,50,15.92
14.81,44,8,5,0,50,29.58
5.25,199,11,6,0,50,33.32
4.86,72,16,6,0,50,16.33
64.66,327,10,0,0,50,162.68
73.97,463,16,0,0,50,145.88
5.81,49,14,1,0,50,13.58
19.39,198,16,1,0,50,47.0
19.67,42,19,1,0,50,25.58
0.63,48,17,2,0,50,6.75
1.42,79,18,2,0,50,10.1
2.6,35,22,2,0,50,7.72
17.41,147,7,3,0,50,49.7
14.12,16,20,3,0,50,16.25
16.59,95,8,4,0,50,33.67
39.14,308,11,5,0,50,95.33
2.28,62,16,5,0,50,10.95
20.06,42,7,6,0,50,18.12
35.66,147,13,6,0,50,34.82
1.18,118,11,1,0,50,11.58
1.86,93,11,1,0,50,10.02
7.36,398,13,1,0,50,56.08
2.57,159,18,1,0,50,23.38
41.16,124,9,2,0,50,52.83
55.07,112,16,2,0,50,53.33
6.03,89,18,2,0,50,16.15
5.66,88,20,2,0,50,16.25
10.84,342,10,3,0,50,54.98
1.99,88,11,3,0,50,12.1
4.53,152,16,3,0,50,27.77
6.88,182,18,3,0,50,27.58
5.92,34,22,3,0,50,10.63
2.56,53,9,4,0,50,7.58
5.66,55,9,4,0,50,11.25
50.68,131,11,4,0,50,48.12
2.31,49,15,4,0,50,11.63
0.66,38,17,4,0,50,6.32
8.31,398,18,5,0,50,75.0
3.01,99,21,5,0,50,20.17
115.24,458,9,6,0,50,125.25
8.55,263,14,6,0,50,46.52
19.59,281,15,6,0,50,44.92
1.51,40,16,6,0,50,11.95
6.24,155,4,0,0,50,36.25
31.0,344,11,0,0,50,54.93
29.21,219,12,0,0,50,42.45
26.25,71,13,0,0,50,28.3
20.4,23,14,0,0,50,11.67
6.24,121,16,0,0,50,19.57
2.55,112,17,0,0,50,15.7
2.94,156,20,0,0,50,15.05
1.56,111,21,0,0,50,11.35
1.24,114,21,0,0,50,12.97
3.06,59,10,1,0,50,8.42
5.1,141,12,1,0,50,36.77
8.01,114,14,1,0,50,20.08
19.37,314,17,1,0,50,58.02
0.69,58,18,1,0,50,7.92
50.29,50,7,2,0,50,45.77
16.84,52,18,2,0,50,20.92
14.77,30,8,3,0,50,31.1
14.83,126,21,3,0,50,31.42
14.79,40,9,4,0,50,33.17
14.2,41,20,4,0,50,17.95
4.72,84,13,5,0,50,19.5
9.48,122,17,5,0,50,39.25
7.1,36,19,5,0,50,13.58
14.69,33,8,0,0,50,24.42
16.03,44,20,0,0,50,25.25
16.8,115,8,1,0,50,45.08
13.82,25,20,1,0,50,15.42
28.61,140,7,2,0,50,65.25
14.37,48,20,2,0,50,18.42
16.91,88,8,3,0,50,40.67
13.68,20,20,3,0,50,15.42
15.28,57,9,4,0,50,36.57
10.83,87,17,4,0,50,35.67
20.34,219,20,4,0,50,61.92
4.38,108,15,5,0,50,27.65
1.8,50,17,5,0,50,12.87
2.65,85,19,5,0,50,16.67
14.71,34,9,0,0,50,23.25
13.79,17,20,0,0,50,21.12
14.86,50,8,1,0,50,41.53
9.87,43,9,2,0,50,25.4
14.66,35,9,3,0,50,24.13
14.1,35,20,3,0,50,18.17
14.55,27,9,4,0,50,18.58
14.15,33,15,4,0,50,25.08
33.52,356,15,4,0,50,95.77
59.66,264,19,4,0,50,93.83
2.61,73,12,5,0,50,11.42
3.3,65,16,5,0,50,13.58
0.99,67,17,5,0,50,8.75
14.65,47,9,0,0,50,30.0
13.55,29,20,0,0,50,19.0
17.02,108,8,1,0,50,47.37
16.31,75,19,1,0,50,25.22
16.46,104,8,2,0,50,39.0
13.51,27,19,2,0,50,16.17
16.92,102,8,3,0,50,40.42
17.34,133,8,4,0,50,50.93
14.0,27,21,4,0,50,20.67
0.85,34,21,4,0,50,9.17
1.32,84,14,5,0,50,10.07
7.47,223,15,6,0,50,42.9
6.4,66,16,6,0,50,23.43
15.06,123,8,0,0,50,38.17
14.25,41,20,1,0,50,17.38
12.84,30,8,2,0,50,30.68
16.75,173,20,2,0,50,51.08
16.29,81,7,3,0,50,37.83
14.23,43,19,3,0,50,17.08
26.88,193,8,4,0,50,58.63
14.15,29,20,4,0,50,20.67
3.12,39,11,5,0,50,7.68
4.72,49,11,6,0,50,17.25
7.13,256,14,6,0,50,54.62
3.47,180,16,6,0,50,24.97
14.74,41,9,0,0,50,31.42
14.11,38,21,0,0,50,15.75
14.58,61,7,1,0,50,39.22
14.68,61,20,1,0,50,26.9
14.45,69,8,2,0,50,34.12
13.68,25,20,2,0,50,15.75
15.1,90,8,3,0,50,37.67
9.26,182,20,3,0,50,38.57
4.95,180,12,4,0,50,29.32
16.11,83,18,5,0,50,31.13
27.21,161,23,5,0,50,48.08
12.38,90,14,6,0,50,25.72
14.94,124,20,6,0,50,37.67
9.14,55,9,0,0,50,16.37
15.08,29,11,0,0,50,20.65
11.42,41,21,0,0,50,13.83
8.7,48,9,1,0,50,15.67
24.45,69,10,1,0,50,38.12
14.58,43,7,2,0,50,33.75
12.28,29,20,2,0,50,16.67
15.31,147,9,3,0,50,49.42
17.32,34,20,3,0,50,24.8
14.96,76,7,4,0,50,39.25
14.09,40,21,4,0,50,20.42
8.95,76,11,5,0,50,20.83
7.34,72,11,5,0,50,16.05
6.9,72,12,5,0,50,16.87
2.46,46,15,5,0,50,9.17
19.13,104,18,5,0,50,44.33
1.64,147,22,5,0,50,17.9
3.17,122,17,6,0,50,18.83
2.67,39,18,6,0,50,8.78
14.84,38,9,0,0,50,25.45
14.25,30,21,0,0,50,16.33
11.84,26,9,1,0,50,19.75
12.28,40,21,1,0,50,17.42
14.88,45,9,2,0,50,28.33
13.31,15,20,2,0,50,14.5
14.33,36,9,3,0,50,25.58
14.0,48,21,3,0,50,20.42
14.34,32,20,4,0,50,18.92
5.58,191,9,6,0,50,32.15
1.58,76,12,6,0,50,6.95
3.19,16,14,6,0,50,9.7
10.75,350,15,6,0,50,61.98
14.54,38,9,0,0,50,29.5
12.47,22,20,0,0,50,18.32
14.86,30,7,1,0,50,26.33
14.32,44,21,1,0,50,23.92
14.31,27,9,2,0,50,25.67
13.28,59,20,2,0,50,18.83
14.1,31,9,3,0,50,26.92
13.55,9,20,3,0,50,14.67
14.32,101,9,4,0,50,47.77
16.94,330,20,4,0,50,69.33
3.07,95,9,5,0,50,22.9
1.24,49,10,5,0,50,6.83
5.26,141,11,5,0,50,26.45
7.54,93,18,5,0,50,23.42
8.98,178,19,5,0,50,39.63
11.5,145,20,5,0,50,27.62
4.73,165,11,6,0,50,24.92
7.21,70,12,6,0,50,16.52
14.98,68,7,0,0,50,31.92
14.25,36,20,0,0,50,20.5
15.21,37,7,1,0,50,25.75
13.84,25,20,1,0,50,16.32
15.08,53,7,2,0,50,26.58
14.09,41,20,2,0,50,20.42
14.26,34,8,3,0,50,24.92
12.21,33,20,3,0,50,15.58
15.12,45,8,4,0,50,28.83
14.09,16,21,4,0,50,15.75
3.15,77,12,5,0,50,21.17
2.09,64,18,5,0,50,12.5
10.93,64,17,6,0,50,25.33
9.95,69,18,6,0,50,23.82
14.97,97,7,0,0,50,36.83
15.24,78,21,0,0,50,33.58
14.21,40,8,1,0,50,24.33
14.04,71,20,1,0,50,23.75
1.9,186,21,1,0,50,20.88
13.92,33,8,2,0,50,24.17
17.31,253,19,2,0,50,52.13
14.61,61,8,3,0,50,26.3
15.08,44,8,4,0,50,24.33
3.29,6,13,4,0,50,7.93
1.62,7,1,5,0,50,11.22
0.9,3,5,5,0,50,10.0
1.95,9,9,2,0,50,12.08
1.38,11,9,2,0,50,15.57
2.99,20,11,2,0,50,33.22
5.01,2,3,4,0,50,12.95
1.44,4,10,4,0,50,7.42
2.18,10,1,5,0,50,16.98
0.6,3,2,5,0,50,5.02
1.26,4,3,5,0,50,5.77
3.04,11,9,6,0,50,16.75
1.77,329,4,1,0,50,20.8
4.98,1228,14,1,0,50,45.05
10.45,1298,13,3,0,50,91.6
3.99,652,0,4,0,50,30.63
0.97,295,10,4,0,50,8.8
2.13,581,10,4,0,50,25.05
3.57,1081,14,0,0,50,38.33
3.5,518,0,1,0,50,28.22
6.2,1249,14,1,0,50,48.88
0.9,81,14,1,0,50,8.88
4.14,834,0,3,0,50,37.9
3.77,494,0,4,0,50,23.37
4.76,556,0,3,0,50,26.78
3.75,683,0,4,0,50,35.65
2.24,419,0,0,0,50,15.32
3.26,595,1,6,0,50,31.32
4.24,884,4,6,0,50,48.17
0.99,422,5,6,0,50,11.6
2.12,276,10,6,0,50,12.42
4.86,686,14,6,0,50,32.2
3.13,710,7,0,0,50,32.93
2.72,493,8,0,0,50,16.18
1.0,304,9,0,0,50,9.25
2.85,141,15,0,0,50,11.23
3.32,258,0,1,0,50,21.98
4.17,330,7,1,0,50,17.85
5.33,2138,0,4,0,50,21.27
8.83,4880,1,4,0,50,42.33
9.02,2491,15,4,0,50,23.8
5.12,1662,1,5,0,50,18.23
9.51,5162,2,5,0,50,38.53
8.14,3010,3,5,0,50,21.42
8.69,3615,5,5,0,50,29.33
8.24,3536,7,5,0,50,35.07
3.2,3465,7,5,0,50,38.23
1.62,1392,2,6,0,50,18.58
4.09,3114,3,6,0,50,19.33
5.21,1835,6,6,0,50,19.02
11.05,2135,7,6,0,50,29.4
5.04,2342,8,6,0,50,22.18
1.12,867,0,0,0,50,7.97
9.53,4112,1,0,0,50,33.87
2.03,45,12,0,0,50,12.67
2.77,101,13,0,0,50,11.75
6.63,59,14,3,0,50,10.6
3.18,185,10,6,0,50,20.43
13.56,140,11,6,0,50,31.95
9.94,16,3,5,0,50,45.93
7.22,13,7,6,0,50,36.88
1.11,8,10,6,0,50,8.43
2.85,5,11,3,0,50,18.62
2.16,3,1,4,0,50,12.4
3.95,6,17,0,0,50,18.03
3.76,7,1,1,0,50,19.97
3.63,6,16,1,0,50,14.45
1.83,13,1,2,0,50,18.33
2.92,2,2,2,0,50,12.33
3.78,4,17,3,0,50,14.58
2.84,3,7,4,0,50,12.13
4.44,13,9,4,0,50,38.42
0.77,1,9,4,0,50,7.53
1.74,3,13,4,0,50,10.3
4.05,9,18,4,0,50,17.4
3.03,17,5,5,0,50,29.93
1.49,5,7,5,0,50,11.38
5.24,11,13,5,0,50,13.47
4.37,7,1,6,0,50,17.65
13.41,12,14,0,0,50,39.22
8.11,8,15,0,0,50,16.42
4.07,84,0,3,0,50,19.58
5.04,97,9,3,0,50,35.72
3.92,71,23,3,0,50,14.52
4.05,77,9,4,0,50,28.48
3.9,67,2,5,0,50,16.3
2.93,9,13,5,0,50,13.98
5.19,109,0,6,0,50,20.93
8.22,62,9,6,0,50,42.25
8.45,23,20,6,0,50,31.67
3.68,105,2,0,0,50,15.27
4.0,22,9,0,0,50,19.02
6.53,42,9,1,0,50,26.72
4.25,75,0,4,0,50,15.05
4.13,51,9,4,0,50,22.32
4.4,17,12,4,0,50,11.78
7.27,62,13,4,0,50,31.33
0.96,27,21,4,0,50,7.7
3.66,81,21,5,0,50,30.92
3.95,63,1,0,0,50,16.17
4.67,65,10,0,0,50,16.42
3.77,99,3,1,0,50,13.52
2.82,29,12,1,0,50,10.83
3.92,57,0,2,0,50,18.78
1.4,12,10,2,0,50,14.77
4.97,54,11,2,0,50,53.13
3.39,40,17,2,0,50,22.85
6.28,34,18,2,0,50,33.85
12.89,29,21,2,0,50,32.95
3.62,82,2,3,0,50,13.55
3.98,82,9,3,0,50,21.48
4.01,10,16,3,0,50,16.05
10.55,30,0,4,0,50,55.3
11.81,29,3,4,0,50,78.68
0.9,4,5,4,0,50,6.63
5.28,9,8,4,0,50,19.13
9.38,8,3,5,0,50,18.23
5.6,18,10,5,0,50,62.08
4.9,11,14,5,0,50,22.5
8.95,6,12,6,0,50,40.13
3.86,36,0,0,0,50,16.32
3.35,26,12,0,0,50,24.68
1.43,24,13,0,0,50,8.53
4.07,93,1,1,0,50,13.9
4.56,52,10,1,0,50,27.65
2.76,64,3,5,0,50,10.32
2.38,76,12,5,0,50,13.42
2.38,37,13,5,0,50,24.88
7.92,5,15,5,0,50,8.37
1.09,14,16,5,0,50,5.28
1.92,90,1,6,0,50,6.8
2.83,60,10,6,0,50,20.28
1.49,19,11,6,0,50,8.18
3.22,116,19,6,0,50,26.25
1.84,58,3,0,0,50,7.23
4.8,97,11,0,0,50,38.65
9.07,64,16,0,0,50,45.2
8.8,62,20,0,0,50,35.68
3.66,91,0,1,0,50,13.75
2.97,45,11,1,0,50,12.92
3.52,93,0,2,0,50,15.6
4.21,104,11,2,0,50,16.4
2.09,55,17,2,0,50,17.72
2.64,24,22,2,0,50,9.18
2.71,23,9,3,0,50,18.57
3.55,43,17,3,0,50,18.6
2.94,54,13,4,0,50,19.25
4.32,99,14,4,0,50,24.57
3.04,95,21,4,0,50,15.77
3.63,58,1,5,0,50,14.18
4.55,171,16,0,0,50,17.32
2.94,210,1,1,0,50,13.45
10.84,633,11,1,0,50,64.15
8.77,103,14,1,0,50,18.67
4.43,268,15,1,0,50,17.87
3.31,166,1,2,0,50,13.52
4.21,147,14,2,0,50,16.77
5.91,360,1,3,0,50,37.58
3.78,102,17,4,0,50,14.52
15.6,800,4,5,0,50,91.62
5.26,667,13,5,0,50,46.62
4.07,254,6,6,0,50,28.35
10.24,530,12,6,0,50,62.15
4.21,105,16,6,0,50,19.47
4.12,195,18,0,0,50,29.38
6.04,337,0,1,0,50,31.58
0.94,98,4,1,0,50,6.8
8.34,568,4,1,0,50,56.77
1.74,89,5,1,0,50,18.18
4.86,189,6,1,0,50,19.28
7.66,339,14,1,0,50,52.1
4.19,180,1,2,0,50,20.97
2.34,34,2,2,0,50,9.5
2.52,103,9,2,0,50,11.57
12.25,205,9,2,0,50,33.8
4.15,208,15,2,0,50,25.13
10.14,455,23,2,0,50,48.07
88.47,38,0,3,0,50,90.88
163.49,168,2,3,0,50,171.25
103.02,481,5,3,0,50,164.68
19.99,501,0,4,0,50,81.62
62.27,223,1,4,0,50,105.87
67.09,815,3,4,0,50,143.93
3.3,191,13,4,0,50,15.8
256.98,874,22,4,0,50,449.07
10.22,319,8,5,0,50,37.75
4.91,225,16,5,0,50,18.4
5.19,226,4,6,0,50,27.28
13.65,555,10,6,0,50,60.58
17.37,986,12,6,0,50,102.63
4.44,162,16,6,0,50,16.6
3.95,123,2,0,0,50,19.7
4.53,152,4,0,0,50,18.05
4.44,126,5,0,0,50,14.58
4.42,235,15,0,0,50,40.98
4.95,144,2,1,0,50,23.58
4.2,110,15,1,0,50,17.27
5.16,296,1,2,0,50,33.37
4.29,150,16,2,0,50,22.05
5.54,184,1,3,0,50,31.67
12.61,692,9,3,0,50,55.18
35.76,678,13,3,0,50,73.02
4.59,168,17,3,0,50,19.75
5.18,320,1,4,0,50,34.15
4.42,121,14,4,0,50,21.98
5.26,316,5,5,0,50,29.62
4.22,139,16,5,0,50,16.43
4.55,122,5,6,0,50,25.05
4.63,154,15,6,0,50,20.52
4.39,172,1,0,0,50,32.57
16.03,955,10,0,0,50,99.8
9.19,153,14,0,0,50,25.65
4.29,142,18,0,0,50,17.93
0.9,51,2,1,0,50,9.98
4.89,245,3,1,0,50,27.52
4.7,158,16,1,0,50,24.87
5.82,275,2,2,0,50,37.42
4.81,184,15,2,0,50,19.47
4.34,227,1,3,0,50,26.32
5.73,334,10,3,0,50,39.95
5.09,179,12,3,0,50,27.68
4.23,104,16,3,0,50,16.03
2.18,232,2,4,0,50,22.93
1.1,65,4,4,0,50,5.38
4.63,302,7,4,0,50,24.68
4.85,336,10,4,0,50,42.52
7.37,492,13,4,0,50,52.7
0.97,67,1,5,0,50,10.05
12.13,654,2,5,0,50,59.72
6.07,690,4,5,0,50,57.13
3.58,315,5,6,0,50,27.85
1.37,212,7,6,0,50,15.13
6.34,478,11,6,0,50,43.07
13.21,836,13,6,0,50,83.58
5.08,288,0,0,0,50,40.65
4.43,433,14,0,0,50,23.45
4.53,372,1,1,0,50,28.65
0.91,136,11,1,0,50,9.72
1.28,109,15,1,0,50,7.53
5.27,402,3,2,0,50,26.38
3.67,454,9,2,0,50,27.43
1.74,426,11,2,0,50,16.12
3.43,719,12,2,0,50,30.5
0.96,189,13,2,0,50,10.28
4.7,291,14,2,0,50,21.87
2.17,144,1,3,0,50,10.58
3.19,194,2,3,0,50,12.67
4.2,137,3,3,0,50,21.37
4.99,271,6,3,0,50,21.87
10.95,687,10,3,0,50,39.15
13.85,576,15,3,0,50,42.72
4.58,442,1,4,0,50,27.72
4.44,311,15,0,0,50,19.15
5.01,390,1,2,0,50,35.87
6.13,299,9,2,0,50,27.42
4.5,321,14,2,0,50,25.47
5.1,372,1,3,0,50,28.42
1.28,181,10,3,0,50,7.8
1.47,200,11,3,0,50,10.87
4.23,147,15,3,0,50,18.48
4.54,275,1,4,0,50,19.67
10.32,602,3,4,0,50,39.62
9.26,533,5,4,0,50,37.93
27.2,619,6,4,0,50,80.9
25.94,339,11,4,0,50,54.52
4.54,443,17,4,0,50,27.6
14.41,947,2,5,0,50,58.63
10.95,964,5,5,0,50,62.82
3.77,343,10,5,0,50,25.4
16.37,798,13,5,0,50,57.27
4.42,383,15,5,0,50,21.62
16.71,1149,5,6,0,50,86.68
5.95,274,8,6,0,50,24.33
7.79,800,10,6,0,50,54.72
15.28,1393,12,6,0,50,80.42
4.06,297,1,0,0,50,18.93
4.12,258,12,0,0,50,21.62
1.22,136,14,0,0,50,6.43
5.84,631,0,1,0,50,50.17
4.33,229,16,1,0,50,19.95
4.62,317,1,2,0,50,23.75
4.14,255,17,2,0,50,14.93
4.26,322,1,3,0,50,25.83
6.38,860,10,3,0,50,48.82
4.33,448,13,3,0,50,25.93
4.53,341,16,3,0,50,27.03
4.49,315,2,4,0,50,23.12
3.62,144,18,4,0,50,12.4
6.34,53,23,4,0,50,11.0
9.9,276,23,4,0,50,33.6
253.06,42,1,5,0,50,169.42
11.88,149,3,5,0,50,20.15
16.9,847,5,5,0,50,78.05
13.7,232,8,0,0,50,42.18
127.7,129,10,0,0,50,87.67
115.1,0,12,0,0,50,70.05
36.66,180,14,0,0,50,47.62
14.13,535,15,0,0,50,40.73
6.58,537,23,0,0,50,41.92
4.26,276,17,1,0,50,14.85
2.59,324,0,2,0,50,29.93
4.51,324,3,2,0,50,20.9
3.32,165,18,2,0,50,12.37
3.86,290,0,3,0,50,23.77
3.9,219,18,3,0,50,16.62
5.9,567,9,5,0,50,33.77
3.25,468,13,5,0,50,33.35
4.99,345,14,5,0,50,26.17
3.84,164,1,6,0,50,14.23
2.06,97,11,0,0,50,8.85
9.61,1079,9,1,0,50,91.13
3.55,374,0,2,0,50,16.62
2.94,161,15,3,0,50,10.32
2.76,143,22,3,0,50,20.68
2.43,161,22,3,0,50,13.7
19.64,40,23,3,0,50,25.88
0.93,215,7,4,0,50,8.33
36.36,2442,9,4,0,50,210.48
2.3,88,16,5,0,50,8.17
4.46,307,1,6,0,50,36.68
1.91,253,0,2,0,50,15.33
3.29,150,4,2,0,50,12.6
3.1,469,14,2,0,50,21.48
3.59,315,2,3,0,50,24.95
4.32,259,11,3,0,50,19.25
11.57,770,1,4,0,50,52.65
9.32,386,5,4,0,50,35.78
3.7,234,17,4,0,50,13.85
13.97,865,3,5,0,50,74.23
7.46,982,8,5,0,50,67.15
4.02,241,6,6,0,50,18.9
8.76,338,12,6,0,50,31.37
4.49,300,16,0,0,50,19.37
3.24,220,1,1,0,50,13.52
4.1,426,14,1,0,50,33.97
2.87,127,2,2,0,50,11.03
4.04,268,17,2,0,50,14.32
3.02,134,4,3,0,50,12.25
8.49,100,5,6,0,50,16.93
7.87,801,6,6,0,50,43.17
2.04,257,9,6,0,50,24.28
6.49,837,10,6,0,50,41.95
15.34,878,11,6,0,50,79.0
3.15,224,17,6,0,50,12.7
3.82,624,4,2,0,50,39.17
2.22,321,10,2,0,50,15.73
3.9,552,12,2,0,50,40.47
1.51,97,3,6,0,50,14.63
2.05,160,3,1,0,50,15.8
2.42,348,5,1,0,50,14.28
1.96,490,10,2,0,50,16.03
1.66,511,11,2,0,50,15.08
3.79,223,15,2,0,50,20.17
3.21,166,1,3,0,50,13.95
1.26,357,10,3,0,50,15.0
1.5,243,11,3,0,50,9.38
1.2,422,15,3,0,50,13.38
3.84,197,17,3,0,50,15.98
3.19,193,2,4,0,50,14.33
4.69,408,9,4,0,50,30.6
3.4,655,13,4,0,50,32.2
4.94,288,15,4,0,50,16.17
3.2,241,7,5,0,50,15.98
10.12,668,13,5,0,50,43.97
3.88,175,18,6,0,50,15.23
3.1,177,1,0,0,50,14.15
1.75,263,11,0,0,50,12.85
3.65,176,9,2,0,50,17.93
0.89,116,10,2,0,50,6.85
2.53,135,13,2,0,50,18.55
2.4,99,11,4,0,50,11.1
9.91,327,14,4,0,50,26.9
4.79,233,23,6,0,50,23.6
4.63,216,6,0,0,50,24.47
0.54,79,10,1,0,50,5.27
2.86,348,10,1,0,50,20.17
2.67,364,13,1,0,50,28.55
10.42,527,10,3,0,50,46.6
11.26,175,14,3,0,50,26.92
5.38,98,7,5,0,50,21.85
12.8,227,8,5,0,50,34.27
6.07,432,9,5,0,50,43.22
14.73,326,15,5,0,50,38.98
11.87,399,3,6,0,50,54.78
13.53,557,12,6,0,50,58.53
4.29,143,15,6,0,50,19.47
0.86,122,12,2,0,50,7.43
3.77,140,6,3,0,50,16.95
1.84,39,6,3,0,50,7.32
4.93,147,21,3,0,50,18.45
14.6,458,1,4,0,50,66.5
33.03,468,1,5,0,50,81.83
12.96,632,10,5,0,50,72.07
19.39,439,7,6,0,50,57.27
272.26,293,8,6,0,50,228.12
13.52,461,12,6,0,50,57.88
0.67,91,13,6,0,50,5.87
4.17,125,16,6,0,50,20.37
4.76,165,3,0,0,50,28.08
2.31,146,9,0,0,50,15.0
1.88,100,13,0,0,50,12.43
4.17,107,16,0,0,50,14.93
3.46,129,2,1,0,50,13.3
4.57,184,15,2,0,50,17.53
4.58,151,2,3,0,50,18.83
0.77,78,1,4,0,50,5.5
7.81,205,6,5,0,50,26.42
4.44,303,10,5,0,50,31.37
9.27,707,12,5,0,50,71.23
0.77,102,14,5,0,50,7.92
4.17,84,17,6,0,50,19.83
4.87,119,1,0,0,50,33.55
4.29,55,8,0,0,50,15.58
4.32,97,9,0,0,50,19.85
1.23,100,5,1,0,50,12.58
5.32,111,14,1,0,50,23.43
4.48,74,2,2,0,50,17.33
3.69,34,4,2,0,50,12.82
4.27,46,5,2,0,50,17.43
24.09,400,12,2,0,50,66.07
14.41,83,15,2,0,50,22.92
4.4,88,17,2,0,50,19.08
4.31,75,3,3,0,50,18.75
2.11,38,9,4,0,50,12.58
2.41,90,13,4,0,50,17.42
5.25,92,2,5,0,50,20.25
11.07,335,9,0,0,50,55.47
1.79,168,11,0,0,50,19.47
3.21,102,15,0,0,50,15.8
4.55,199,3,1,0,50,36.0
4.16,58,4,1,0,50,17.03
4.14,58,9,2,0,50,15.0
4.35,82,11,2,0,50,20.75
4.13,79,10,3,0,50,20.33
4.3,97,10,3,0,50,25.82
7.77,280,9,4,0,50,47.57
6.93,170,12,4,0,50,33.12
7.41,159,3,6,0,50,28.83
11.76,563,4,6,0,50,99.85
7.92,212,9,6,0,50,39.58
10.28,347,11,6,0,50,52.13
4.21,104,14,0,0,50,22.83
2.1,60,2,1,0,50,11.5
4.66,76,3,1,0,50,19.85
3.86,188,9,3,0,50,29.58
1.63,150,10,3,0,50,19.5
2.97,180,12,3,0,50,25.5
3.5,56,2,6,0,50,12.83
4.36,76,3,6,0,50,18.93
0.79,50,9,6,0,50,8.45
2.4,129,13,6,0,50,23.83
0.75,66,14,6,0,50,8.83
11.09,271,8,1,0,50,55.15
8.38,375,10,1,0,50,53.5
8.75,324,12,1,0,50,54.68
4.27,119,1,4,0,50,22.33
6.36,206,8,4,0,50,43.72
4.54,295,9,4,0,50,51.15
3.57,135,12,4,0,50,26.75
0.85,25,3,5,0,50,6.33
1.33,53,4,5,0,50,10.1
4.62,90,9,6,0,50,24.18
5.54,169,9,6,0,50,29.05
10.73,328,7,0,0,50,48.43
9.47,223,12,0,0,50,46.2
4.25,81,20,0,0,50,17.33
4.27,87,6,1,0,50,20.92
4.47,66,18,1,0,50,18.17
4.62,51,3,2,0,50,20.12
8.19,273,5,2,0,50,39.28
4.16,34,16,2,0,50,16.67
5.02,131,3,3,0,50,29.05
12.79,285,7,3,0,50,60.25
11.89,448,11,3,0,50,77.45
2.62,63,3,4,0,50,10.42
0.64,57,5,4,0,50,6.42
4.16,158,17,4,0,50,19.18
4.58,99,18,4,0,50,21.5
3.38,98,3,5,0,50,18.5
14.5,1122,5,5,0,50,106.58
1.15,180,11,1,0,50,12.77
2.11,269,0,0,0,50,19.63
7.01,371,0,0,0,50,36.33
26.32,930,1,0,0,50,124.98
32.11,630,9,0,0,50,100.43
12.83,602,12,0,0,50,60.85
10.36,689,2,1,0,50,81.07
0.61,109,6,1,0,50,6.5
0.67,56,7,1,0,50,6.25
5.75,275,7,1,0,50,45.82
5.88,373,8,1,0,50,43.93
12.94,910,13,1,0,50,62.88
1.81,218,8,2,0,50,19.27
15.69,740,2,3,0,50,97.32
9.31,302,11,3,0,50,34.37
4.27,156,17,0,0,50,16.3
4.47,159,4,1,0,50,20.75
4.92,277,4,2,0,50,24.97
4.03,95,18,2,0,50,17.8
4.34,97,4,3,0,50,19.2
13.32,194,5,5,0,50,31.3
39.5,177,5,5,0,50,46.03
5.07,186,3,6,0,50,17.1
36.88,313,5,6,0,50,48.97
10.08,812,6,6,0,50,70.55
4.24,88,16,6,0,50,18.38
0.7,68,9,0,0,50,6.87
3.56,169,10,0,0,50,21.1
1.92,98,2,1,0,50,13.53
2.23,83,3,1,0,50,10.73
3.08,195,10,1,0,50,17.93
7.44,256,3,2,0,50,32.7
8.1,2171,12,2,0,50,66.02
5.46,807,14,2,0,50,28.75
6.39,1609,3,3,0,50,40.63
5.75,1004,8,3,0,50,36.63
1.98,924,9,3,0,50,19.43
2.43,558,2,4,0,50,10.37
2.43,594,6,4,0,50,12.12
4.2,584,10,4,0,50,26.07
0.81,61,4,5,0,50,5.8
5.38,615,4,5,0,50,53.3
8.05,482,9,5,0,50,45.6
2.25,116,13,5,0,50,14.47
6.6,1800,4,6,0,50,44.28
2.63,768,12,6,0,50,21.88
4.67,881,14,6,0,50,30.98
6.25,1374,1,0,0,50,30.12
4.2,150,9,0,0,50,20.83
3.0,185,11,0,0,50,25.15
3.83,276,3,1,0,50,32.83
4.76,346,5,2,0,50,36.17
5.08,285,9,2,0,50,33.9
5.13,261,10,2,0,50,26.38
3.81,105,16,2,0,50,17.07
4.21,133,2,3,0,50,20.0
3.93,116,17,3,0,50,15.07
4.34,194,1,4,0,50,20.6
1.58,105,4,4,0,50,10.23
3.75,214,3,4,0,50,19.5
4.48,98,4,4,0,50,20.23
0.73,112,4,5,0,50,6.43
2.38,95,5,5,0,50,12.3
3.39,132,21,5,0,50,11.93
3.88,98,20,6,0,50,13.63
3.22,118,1,0,0,50,12.53
6.5,55,6,0,0,50,10.73
1.09,191,9,0,0,50,11.8
0.89,179,9,0,0,50,9.1
1.07,222,10,0,0,50,11.07
8.47,183,10,0,0,50,24.23
4.13,182,17,0,0,50,20.9
9.95,316,12,1,0,50,44.98
3.38,171,14,1,0,50,19.83
7.96,344,15,1,0,50,46.87
10.29,407,10,2,0,50,45.93
0.56,69,14,2,0,50,6.2
4.8,145,18,3,0,50,39.43
3.24,193,6,4,0,50,14.27
3.21,79,1,0,0,50,13.02
3.34,195,4,0,0,50,21.08
5.49,388,4,0,0,50,40.48
2.02,117,7,0,0,50,8.3
4.51,176,1,1,0,50,20.22
3.16,97,4,1,0,50,13.55
4.35,160,5,1,0,50,16.52
4.26,140,16,1,0,50,15.87
3.39,124,1,2,0,50,16.2
2.91,93,2,3,0,50,15.65
6.54,421,11,3,0,50,31.23
10.74,552,12,3,0,50,49.8
4.91,191,1,4,0,50,21.53
4.07,115,3,5,0,50,16.78
4.95,201,3,5,0,50,21.38
4.05,116,14,5,0,50,17.43
2.54,63,17,6,0,50,8.3
4.9,236,1,0,0,50,31.07
3.88,83,15,0,0,50,15.13
4.33,185,1,1,0,50,19.87
4.11,131,4,1,0,50,15.3
4.25,162,4,1,0,50,18.02
4.96,220,15,1,0,50,18.32
4.23,143,2,2,0,50,20.02
10.05,437,7,2,0,50,52.4
0.8,37,9,2,0,50,5.57
1.68,134,14,2,0,50,10.93
4.83,219,15,2,0,50,23.23
4.47,206,2,3,0,50,23.1
3.81,108,14,3,0,50,13.8
2.79,131,4,4,0,50,12.13
3.33,243,13,4,0,50,15.48
3.61,160,4,5,0,50,15.57
11.51,641,8,5,0,50,59.87
7.92,191,11,5,0,50,26.63
2.75,106,16,6,0,50,12.8
4.58,205,1,0,0,50,33.53
6.02,369,15,0,0,50,39.45
4.06,209,15,1,0,50,21.8
3.67,118,2,2,0,50,18.7
4.28,170,15,2,0,50,23.13
2.78,110,2,3,0,50,13.6
3.66,187,9,0,0,50,16.23
12.22,1008,10,0,0,50,111.57
1.69,269,15,0,0,50,16.07
4.74,202,15,0,0,50,19.97
3.95,144,4,1,0,50,21.9
4.5,228,3,2,0,50,18.0
1.55,90,7,3,0,50,7.0
3.58,104,15,3,0,50,12.7
2.52,114,3,4,0,50,13.0
4.9,133,0,5,0,50,14.85
39.11,566,1,5,0,50,91.13
32.93,295,7,5,0,50,53.17
3.72,261,8,5,0,50,20.7
7.6,373,6,6,0,50,34.3
1.93,84,7,6,0,50,18.93
22.79,1204,11,6,0,50,119.12
1.24,62,9,0,0,50,6.88
7.34,472,9,0,0,50,41.37
5.24,111,12,0,0,50,17.1
4.3,68,16,5,0,50,16.75
8.79,181,2,6,0,50,37.92
27.63,311,9,6,0,50,64.85
1.67,67,12,6,0,50,8.92
3.13,71,12,6,0,50,12.02
5.04,105,2,0,0,50,28.67
4.3,124,15,0,0,50,26.25
3.06,55,2,1,0,50,13.17
16.48,357,11,1,0,50,79.0
3.13,176,9,2,0,50,29.58
5.57,398,13,2,0,50,50.0
4.53,64,15,2,0,50,20.55
3.1,60,1,3,0,50,13.08
3.57,51,17,3,0,50,16.42
3.19,54,1,4,0,50,13.42
2.16,98,5,4,0,50,12.48
10.09,304,9,4,0,50,54.7
5.23,436,11,4,0,50,51.92
4.07,61,15,4,0,50,15.5
36.85,104,3,5,0,50,42.5
54.48,610,5,5,0,50,149.53
12.28,147,3,6,0,50,29.67
13.59,781,7,6,0,50,109.98
2.93,95,17,6,0,50,14.78
2.94,72,2,0,0,50,13.08
4.08,75,16,0,0,50,17.17
3.56,113,10,2,0,50,22.75
2.86,56,12,2,0,50,16.63
4.44,136,10,1,0,50,27.5
6.99,266,12,1,0,50,53.53
2.56,49,13,6,0,50,11.08
4.05,81,3,0,0,50,22.73
3.5,66,16,0,0,50,14.75
3.77,82,1,1,0,50,19.58
2.97,64,4,1,0,50,16.0
4.13,80,4,1,0,50,18.2
3.15,71,12,2,0,50,14.75
3.57,30,18,2,0,50,15.5
4.18,88,1,3,0,50,20.75
19.33,901,7,3,0,50,157.47
11.46,247,12,3,0,50,48.55
3.57,86,2,4,0,50,17.17
2.77,78,4,4,0,50,12.42
2.76,135,5,4,0,50,17.42
8.56,564,16,4,0,50,89.5
3.97,68,2,5,0,50,18.67
3.69,85,4,6,0,50,18.8
5.05,382,9,6,0,50,56.08
7.62,164,13,6,0,50,47.33
3.25,55,7,0,0,50,13.58
3.27,83,5,1,0,50,13.45
4.86,88,10,1,0,50,25.72
3.1,80,6,2,0,50,15.5
3.65,69,18,2,0,50,17.08
2.32,52,4,5,0,50,11.45
1.76,60,2,6,0,50,11.58
9.02,427,3,2,0,50,91.3
5.56,133,10,0,0,50,31.8
4.46,124,6,1,0,50,22.25
4.56,90,14,1,0,50,17.67
6.98,235,4,2,0,50,47.42
2.91,81,3,3,0,50,13.08
4.52,66,5,4,0,50,16.75
5.17,67,0,5,0,50,22.33
3.75,76,10,5,0,50,19.42
45.97,290,1,6,0,50,83.88
3.44,76,15,1,0,50,15.92
4.18,88,4,2,0,50,18.25
6.07,159,9,2,0,50,33.33
4.5,100,2,4,0,50,19.67
2.36,85,3,5,0,50,13.92
13.87,844,4,5,0,50,121.42
6.77,255,10,5,0,50,53.67
3.7,87,10,6,0,50,19.67
4.75,40,18,6,0,50,8.42
4.32,80,3,0,0,50,30.12
4.5,58,17,0,0,50,18.75
3.56,93,1,1,0,50,17.05
22.05,133,1,1,0,50,34.55
24.2,202,11,1,0,50,50.0
193.99,168,7,2,0,50,166.9
141.12,29,10,2,0,50,97.15
907.14,295,12,2,0,50,624.07
142.64,398,6,4,0,50,200.47
37.76,386,9,4,0,50,115.03
18.64,317,12,4,0,50,76.22
22.13,129,23,3,0,50,38.87
21.35,131,23,4,0,50,41.4
6.72,78,23,0,0,50,16.57
68.35,156,0,6,0,50,96.33
26.08,85,8,6,0,50,43.33
39.06,130,10,6,0,50,57.27
27.23,163,22,6,0,50,58.73
18.85,116,13,0,0,50,37.45
27.2,203,22,0,0,50,60.92
6.81,93,6,1,0,50,22.27
27.15,153,22,1,0,50,48.98
24.79,183,3,5,0,50,68.95
35.28,114,10,5,0,50,65.3
42.42,197,22,0,0,50,94.87
18.82,120,10,1,0,50,53.8
26.8,159,22,1,0,50,54.68
5.3,64,11,2,0,50,14.97
14.97,80,13,2,0,50,32.18
27.2,243,22,3,0,50,70.52
20.44,193,2,6,0,50,66.33
2.99,83,4,6,0,50,11.92
18.53,93,11,6,0,50,36.25
27.12,126,22,6,0,50,44.62
19.13,104,13,0,0,50,36.08
26.24,167,22,0,0,50,56.17
19.09,115,11,1,0,50,39.52
25.39,205,22,1,0,50,56.12
5.6,84,11,2,0,50,16.43
8.89,82,14,2,0,50,24.85
27.46,200,22,3,0,50,69.5
19.09,151,10,0,0,50,57.13
27.17,137,22,0,0,50,49.55
22.46,121,10,1,0,50,42.92
52.25,1191,22,1,0,50,246.97
7.81,61,11,2,0,50,13.65
18.74,118,13,2,0,50,37.55
18.89,129,22,3,0,50,40.17
19.39,143,11,4,0,50,51.47
18.13,70,23,5,0,50,27.23
10.41,77,10,6,0,50,32.42
1.08,42,11,6,0,50,6.08
9.26,103,12,6,0,50,22.48
9.6,86,14,6,0,50,23.68
27.15,166,22,6,0,50,54.93
17.39,150,13,0,0,50,39.32
2.41,25,14,0,0,50,7.78
27.12,190,22,0,0,50,62.27
23.56,271,10,1,0,50,92.1
1.31,35,13,1,0,50,6.4
2.94,38,22,1,0,50,8.63
23.55,225,1,2,0,50,64.68
7.69,71,11,2,0,50,12.9
18.74,133,13,2,0,50,49.4
19.19,260,10,3,0,50,77.37
9.86,105,12,3,0,50,27.3
18.28,62,0,5,0,50,29.07
5.91,71,6,5,0,50,16.17
22.0,192,8,5,0,50,59.3
18.5,81,22,6,0,50,30.95
19.39,87,13,1,0,50,44.57
6.94,34,11,2,0,50,9.38
18.7,86,13,2,0,50,33.3
18.33,250,0,3,0,50,64.98
18.64,120,13,3,0,50,37.48
18.13,81,22,3,0,50,27.38
18.68,78,15,4,0,50,28.58
29.17,187,1,5,0,50,62.03
7.71,41,6,5,0,50,13.33
18.63,262,8,5,0,50,64.15
15.65,82,22,1,0,50,23.75
16.79,224,10,2,0,50,50.4
6.08,82,12,2,0,50,21.87
59.46,285,12,3,0,50,71.3
2.76,93,16,3,0,50,14.5
47.18,76,5,5,0,50,44.1
7.07,85,13,5,0,50,21.27
116.03,75,1,6,0,50,102.32
21.65,78,6,6,0,50,33.93
98.27,529,8,6,0,50,161.47
26.61,141,15,1,0,50,38.33
18.82,94,2,2,0,50,29.77
7.13,30,11,2,0,50,11.03
27.1,280,23,2,0,50,73.03
17.58,54,22,4,0,50,20.85
22.53,119,9,5,0,50,49.02
18.66,55,22,5,0,50,21.4
21.42,94,11,6,0,50,36.5
18.44,88,2,0,0,50,30.98
19.62,189,11,0,0,50,51.28
27.07,106,22,0,0,50,41.82
18.86,128,13,1,0,50,43.22
27.57,166,22,1,0,50,54.57
7.1,36,11,2,0,50,10.8
15.65,50,23,2,0,50,22.32
18.98,135,11,3,0,50,44.3
26.25,802,2,5,0,50,159.07
25.39,541,5,5,0,50,93.12
8.8,72,8,5,0,50,25.03
8.94,79,11,5,0,50,24.72
11.26,131,8,6,0,50,37.75
0.99,37,9,6,0,50,10.02
6.94,58,13,6,0,50,18.53
27.4,120,22,6,0,50,51.7
23.48,211,9,0,0,50,70.55
28.94,179,22,0,0,50,55.45
22.25,108,12,1,0,50,42.97
27.35,138,22,1,0,50,45.75
7.47,38,11,2,0,50,12.8
18.69,125,13,2,0,50,36.98
27.32,136,22,2,0,50,45.9
23.13,279,10,3,0,50,75.52
16.92,108,6,5,0,50,35.1
27.14,146,22,6,0,50,48.77
18.97,119,11,0,0,50,39.95
27.1,144,22,0,0,50,46.78
21.09,147,9,1,0,50,46.28
27.2,118,22,1,0,50,46.13
18.38,104,13,2,0,50,33.0
27.8,224,22,2,0,50,65.43
19.44,212,10,0,0,50,58.13
15.41,121,10,1,0,50,38.57
13.09,74,10,2,0,50,29.93
12.92,79,10,3,0,50,27.38
4.65,50,1,4,0,50,13.55
6.3,23,11,4,0,50,10.53
11.6,57,11,4,0,50,23.38
18.86,111,9,6,0,50,36.53
20.05,152,1,0,0,50,43.57
13.09,115,10,0,0,50,35.25
4.23,85,1,1,0,50,17.43
7.98,56,10,1,0,50,18.93
11.13,161,10,1,0,50,35.07
20.16,181,1,2,0,50,49.47
21.94,125,10,2,0,50,45.15
23.61,168,10,3,0,50,64.67
20.88,138,1,4,0,50,43.83
20.7,129,10,4,0,50,52.1
32.18,250,9,5,0,50,73.25
12.86,119,11,5,0,50,32.58
16.4,180,0,0,0,50,43.7
16.62,265,9,0,0,50,58.63
22.79,178,0,1,0,50,58.42
4.07,73,10,1,0,50,11.7
14.13,122,11,1,0,50,39.75
16.72,166,0,2,0,50,48.67
12.77,78,1,3,0,50,26.43
18.55,259,10,3,0,50,69.35
12.75,118,11,3,0,50,26.23
7.82,82,1,4,0,50,17.42
22.27,126,10,4,0,50,50.18
7.19,23,12,5,0,50,11.4
3.31,78,7,6,0,50,14.82
4.33,79,8,6,0,50,15.73
5.39,64,9,6,0,50,16.35
15.76,89,10,6,0,50,29.57
19.48,202,1,0,0,50,49.2
19.88,300,10,0,0,50,73.48
4.83,70,1,1,0,50,12.88
10.82,110,1,2,0,50,29.52
8.16,68,10,2,0,50,19.23
16.35,89,0,3,0,50,32.15
21.76,186,10,3,0,50,63.45
19.45,153,1,4,0,50,45.7
13.58,166,11,0,0,50,23.1
15.69,220,1,1,0,50,25.38
14.19,167,1,0,0,50,28.5
12.32,129,1,2,0,50,23.48
13.47,119,1,2,0,50,28.53
1.7,3,9,0,0,50,7.15
0.94,6,14,2,0,50,9.23
23.44,539,1,4,0,50,166.32
3.87,145,4,4,0,50,26.72
4.75,52,5,4,0,50,14.23
29.14,274,10,4,0,50,73.65
7.43,65,23,4,0,50,17.65
5.94,96,3,5,0,50,21.75
8.5,82,17,3,0,50,23.93
4.15,350,19,3,0,50,33.62
1.89,260,6,4,0,50,21.83
0.99,86,10,4,0,50,6.9
0.62,73,10,4,0,50,5.62
2.63,194,11,4,0,50,15.4
4.15,55,15,5,0,50,5.47
4.03,230,17,5,0,50,20.63
3.12,318,18,5,0,50,24.15
6.54,505,19,5,0,50,39.52
11.3,868,6,6,0,50,78.73
4.97,459,7,6,0,50,31.97
1.74,217,10,6,0,50,20.33
27.39,13,14,6,0,50,17.63
113.89,59,1,4,0,50,79.17
235.36,211,3,4,0,50,147.2
182.92,104,6,4,0,50,137.05
291.2,711,16,4,0,50,357.73
92.42,424,22,4,0,50,197.87
203.87,123,3,5,0,50,147.72
6.53,172,11,4,0,50,39.6
8.8,56,9,5,0,50,37.17
22.48,69,13,6,0,50,58.23
3.4,18,18,6,0,50,20.92
1.32,21,19,6,0,50,15.33
1.82,10,16,1,0,50,9.0
2.98,22,12,5,0,50,29.85
1.58,25,21,6,0,50,15.18
30.27,46,23,4,0,50,35.6
2.22,14,1,5,0,50,14.32
2.06,14,8,5,0,50,11.3
3.94,21,14,5,0,50,16.52
16.24,43,2,4,0,50,61.82
2.61,27,10,5,0,50,17.62
0.87,12,6,6,0,50,7.72
3.5,11,12,3,0,50,18.88
4.28,28,13,3,0,50,33.35
2.94,33,4,4,0,50,29.33
1.85,12,5,4,0,50,8.42
4.08,47,8,4,0,50,35.32
3.07,22,11,1,0,50,30.67
6.39,26,3,5,0,50,29.43
0.65,5,4,5,0,50,5.68
3.63,8,4,5,0,50,5.47
6.72,29,8,5,0,50,29.45
6.54,30,7,4,0,50,33.72
1.18,6,1,5,0,50,10.03
2.96,11,7,5,0,50,14.17
5.77,16,13,5,0,50,17.35
1.29,10,4,2,0,50,10.53
5.23,57,9,5,0,50,49.32
59.35,93,8,6,0,50,71.7
7.66,15,9,6,0,50,18.03
4.01,38,5,0,0,50,40.72
6.7,31,0,2,0,50,42.12
4.78,9,10,2,0,50,8.22
5.05,32,15,3,0,50,37.47
2.19,13,10,6,0,50,15.9
3.31,34,13,6,0,50,29.68
0.9,7,6,2,0,50,5.47
5.72,22,6,2,0,50,35.77
0.78,19,14,3,0,50,9.27
8.76,51,9,5,0,50,41.37
2.26,31,4,5,0,50,26.3
1.09,20,14,5,0,50,12.47
2.45,24,11,4,0,50,10.67
6.74,49,12,4,0,50,32.32
1.85,7,6,5,0,50,15.87
7.01,56,7,6,0,50,71.28
0.82,6,9,2,0,50,9.68
0.66,14,6,4,0,50,5.48
5.19,17,0,5,0,50,26.35
3.65,25,6,5,0,50,30.92
11.12,52,14,5,0,50,50.92
3.67,20,0,1,0,50,23.17
4.63,27,6,1,0,50,27.6
4.15,1,0,2,0,50,11.87
2.88,10,0,3,0,50,9.62
2.43,18,8,5,0,50,14.02
5.7,45,10,5,0,50,35.93
2.49,22,5,6,0,50,13.25
1.33,7,9,6,0,50,5.18
0.73,10,5,3,0,50,7.78
10.06,11,22,6,0,50,10.35
19.44,48,5,4,0,50,141.62
15.4,20,11,4,0,50,34.93
4.19,15,12,4,0,50,32.78
10.25,25,1,5,0,50,55.52
8.73,19,7,6,0,50,58.77
1.81,5,1,0,0,50,9.68
4.78,19,11,4,0,50,48.7
1.32,4,1,5,0,50,14.1
1.23,5,5,5,0,50,8.92
1.32,3,9,2,0,50,13.97
0.94,8,9,2,0,50,10.42
3.03,19,11,2,0,50,35.8
6.26,16,3,4,0,50,34.55
2.22,10,1,5,0,50,18.22
1.92,13,3,5,0,50,12.92
4.54,10,9,6,0,50,23.1
8.91,150,17,5,0,50,32.87
5.98,277,20,5,0,50,32.25
0.97,65,17,4,0,50,7.0
19.8,822,12,2,0,50,85.12
4.98,583,15,2,0,50,57.03
0.66,79,16,2,0,50,6.6
17.24,814,9,3,0,50,83.85
3.72,55,10,3,0,50,9.18
10.32,457,10,3,0,50,48.13
1.69,123,12,3,0,50,9.07
17.8,429,3,4,0,50,55.87
16.27,844,5,4,0,50,102.83
21.27,831,1,5,0,50,112.27
16.88,558,12,5,0,50,46.87
22.94,1180,1,6,0,50,124.23
4.31,304,4,6,0,50,39.63
17.19,479,11,6,0,50,70.73
0.94,158,9,2,0,50,10.33
7.96,189,2,3,0,50,31.33
12.6,357,2,3,0,50,37.13
6.97,439,5,3,0,50,40.3
17.91,537,12,3,0,50,61.5
2.42,115,1,5,0,50,9.97
19.98,652,2,5,0,50,98.97
1.07,132,12,5,0,50,7.9
19.66,657,8,3,0,50,77.53
16.51,527,13,3,0,50,53.77
17.58,512,1,4,0,50,59.1
2.34,114,9,4,0,50,19.1
19.99,927,11,4,0,50,114.8
17.15,684,4,5,0,50,80.9
17.26,735,11,5,0,50,82.97
2.58,331,17,5,0,50,30.1
6.95,276,9,6,0,50,39.83
18.57,561,4,0,0,50,54.87
2.46,184,10,0,0,50,18.45
20.1,1595,11,0,0,50,150.92
19.15,463,1,1,0,50,53.12
14.98,314,14,1,0,50,45.4
6.4,448,15,3,0,50,58.98
9.02,993,1,4,0,50,102.17
3.66,330,14,4,0,50,24.8
17.78,440,3,5,0,50,59.93
4.91,467,5,5,0,50,41.85
20.82,1143,11,5,0,50,120.93
4.38,142,2,6,0,50,22.58
18.34,464,8,6,0,50,51.33
2.04,153,9,6,0,50,15.0
14.68,400,12,6,0,50,43.53
2.04,168,6,0,0,50,15.73
3.22,99,9,0,0,50,20.0
17.03,404,11,0,0,50,53.72
2.38,312,15,0,0,50,23.43
4.11,505,16,0,0,50,43.33
21.49,1035,2,2,0,50,146.7
19.83,658,4,2,0,50,86.6
19.38,653,1,3,0,50,68.58
1.74,104,3,3,0,50,14.28
20.05,1149,9,3,0,50,129.88
22.89,963,2,4,0,50,100.62
4.2,319,10,4,0,50,34.2
4.77,227,2,5,0,50,28.6
17.87,597,10,5,0,50,68.2
11.29,548,1,2,0,50,60.63
7.69,399,2,2,0,50,36.22
15.05,305,11,2,0,50,37.4
18.19,472,1,3,0,50,58.5
1.17,282,9,3,0,50,13.3
17.78,562,10,3,0,50,65.0
17.0,321,2,5,0,50,45.65
5.34,278,9,5,0,50,21.5
3.56,216,10,5,0,50,21.3
20.95,710,1,6,0,50,88.58
5.15,2173,8,6,0,50,46.47
4.04,1335,9,6,0,50,30.43
12.73,1075,10,6,0,50,33.15
3.44,1057,11,6,0,50,19.0
5.92,1185,1,1,0,50,27.32
0.83,419,2,1,0,50,7.6
18.68,2789,11,1,0,50,69.93
6.62,921,1,2,0,50,21.23
1.23,590,2,2,0,50,12.67
17.0,1869,12,2,0,50,55.88
20.38,3871,1,6,0,50,125.18
11.21,757,10,6,0,50,26.53
0.86,586,11,6,0,50,9.77
5.4,1119,1,1,0,50,22.9
1.14,585,2,1,0,50,11.57
1.19,377,11,1,0,50,8.75
3.36,799,11,1,0,50,18.62
18.88,3138,1,6,0,50,71.53
5.04,1175,5,6,0,50,38.23
16.13,356,11,6,0,50,43.22
17.77,439,1,0,0,50,56.28
1.6,5,12,0,0,50,8.65
22.15,563,12,0,0,50,70.18
17.74,394,1,5,0,50,62.4
3.17,279,3,5,0,50,24.0
3.75,94,6,5,0,50,22.23
1.78,93,6,5,0,50,10.8
13.29,182,12,5,0,50,38.37
19.75,457,2,3,0,50,74.07
4.14,411,4,3,0,50,40.27
7.58,514,6,3,0,50,60.28
17.82,593,9,4,0,50,73.77
14.61,382,13,4,0,50,47.93
4.08,74,2,6,0,50,7.57
4.75,121,12,6,0,50,10.8
3.84,234,12,6,0,50,20.83
19.16,575,1,5,0,50,83.57
1.47,112,3,5,0,50,10.33
20.16,491,12,5,0,50,65.18
16.64,496,6,6,0,50,59.33
1.08,116,2,0,0,50,9.8
18.23,209,3,0,0,50,38.27
20.69,843,5,0,0,50,81.13
14.39,135,1,5,0,50,31.5
6.15,418,2,5,0,50,40.53
13.45,583,4,5,0,50,56.47
9.25,840,6,5,0,50,91.07
1313.63,215,21,3,0,50,671.43
10.44,63,23,4,0,50,25.27
15.63,169,16,5,0,50,38.22
7.5,3,10,4,0,50,22.05
3.1,6,13,4,0,50,19.05
1.59,9,1,5,0,50,14.4
1.21,6,4,1,0,50,12.92
1.4,4,8,1,0,50,6.92
3.79,6,8,1,0,50,23.05
4.27,17,9,1,0,50,42.98
3.02,8,13,1,0,50,14.07
2.66,8,10,6,0,50,15.4
1.75,6,12,6,0,50,8.97
1.02,5,6,0,0,50,5.98
2.03,14,7,0,0,50,11.67
1.18,4,8,0,0,50,6.87
2.06,8,9,0,0,50,11.13
2.6,12,11,0,0,50,20.25
6.51,10,3,1,0,50,25.05
1.2,6,7,1,0,50,14.25
3.73,3,12,1,0,50,19.7
13.97,17,4,0,0,50,57.72
12.3,24,2,2,0,50,66.58
0.57,3,8,5,0,50,5.58
